country,city,university,program,level,duration_years,tuition_usd,living_cost_index,rent_usd,visa_fee_usd,insurance_usd,exchange_rate,rank,cost_of_living_index,rent_index,cost_of_living_plus_rent_index,groceries_index,restaurant_price_index,local_purchasing_power_index,index,no_of_indian_students,percentage,unnamed:_3,rank_2025,rank_2024,location,region,size,focus,res.,status,academic_reputation_score,academic_reputation_rank,employer_reputation_score,employer_reputation_rank,faculty_student_score,faculty_student_rank,citations_per_faculty_score,citations_per_faculty_rank,international_faculty_score,international_faculty_rank,international_students_score,international_students_rank,international_research_network_score,international_research_network_rank,employment_outcomes_score,employment_outcomes_rank,sustainability_score,sustainability_rank,overall_score,total_cost,roi_score,roi_norm,acad_norm,cost_norm,university_rating,latitude,longitude
USA,Cambridge,Harvard University,Computer Science,Master,2.0,55400,83.5,2200,160,1500,1.0,23,61.1,21.0,41.4,59.9,52.8,103.7,19,1715,0.383843222,63.29585919,4.0,4,United States,Americas,L,FC,VH,B,100.0,1,100.0,1,96.3,53,100.0,1,74.1,269,69.0,215,99.6,5,100.0,1,84.4,130,96.8,116860,0.085571748,0.061200197,1.0,0.600013691,5,42.3657432,-71.1222139
UK,London,Imperial College London,Data Science,Master,1.0,41200,75.8,1800,485,800,0.79,23,61.1,21.0,41.4,59.9,52.8,103.7,19,1715,0.383843222,63.29585919,2.0,6,United Kingdom,Europe,L,FC,VH,A,98.5,22,99.5,11,98.2,45,93.9,54,100.0,66,99.6,44,97.4,34,93.4,61,99.7,6,98.5,44285,0.209847356,0.15008107,0.985,0.848422097,5,51.4989595,-0.1756407
Canada,Toronto,University of Toronto,Business Analytics,Master,2.0,38500,72.5,1600,235,900,1.35,12,64.8,33.2,49.6,71.2,61.7,103.7,2,50000,11.19076449,63.29585919,25.0,21,Canada,Americas,XL,FC,VH,A,99.7,11,96.9,27,44.9,344,50.8,257,96.9,132,96.1,90,97.7,29,98.7,19,100.0,1,84.1,81335,0.117586677,0.084097006,0.997,0.721608023,5,43.6591168,-79.394512
Australia,Melbourne,University of Melbourne,Engineering,Master,2.0,42000,71.2,1400,450,650,1.52,10,70.2,33.4,52.5,77.3,62.5,127.4,1,66886,14.97010947,52.10509471,,,,,,,,,34.7,,28.7,,28.6,,40.55,,77.3,,49.5,,85.2,,34.25,,71.8,,,87900,0.011182751,0.00799781,0.347,0.699137459,1,-37.8241371,144.9170886
Germany,Munich,Technical University of Munich,Mechanical Engineering,Master,2.0,500,70.5,1100,75,550,0.92,21,62.2,24.4,44.0,60.8,52.8,120.2,19,1715,0.383843222,63.29585919,28.0,37,Germany,Europe,XL,FO,VH,A,83.0,61,98.6,17,76.8,155,75.9,133,80.4,236,98.6,64,95.6,68,34.5,365,93.1,70,83.2,3825,0.889100889,0.635877503,0.83,0.986907859,5,48.2654976,11.6692249
Japan,Tokyo,University of Tokyo,Information Science,Master,2.0,8900,76.4,1300,220,750,145.8,46,46.1,13.4,30.4,53.7,27.8,117.0,30,879,0.19673364,63.29585919,,,,,,,,,34.7,,28.7,,28.6,,40.55,,77.3,,49.5,,85.2,,34.25,,71.8,,,21370,0.045995742,0.032895769,0.347,0.926855148,1,35.7117157,139.7637457
Netherlands,Amsterdam,University of Amsterdam,Artificial Intelligence,Master,1.0,15800,73.2,1500,180,720,0.92,18,63.1,33.5,48.9,59.9,61.2,124.9,19,1715,0.383843222,63.29585919,55.0,53,Netherlands,Europe,XL,FC,VH,A,83.8,60,52.1,163,21.4,648,92.2,67,96.0,139,87.5,138,96.3,50,79.8,124,38.2,384=,73.7,18200,0.228425911,0.163368297,0.838,0.937705367,5,52.3681334,4.8898042
Singapore,Singapore,National University of Singapore,Finance,Master,1.5,35000,81.1,1900,90,800,1.34,4,76.7,67.2,72.1,74.6,50.4,111.1,19,1715,0.383843222,63.29585919,,,,,,,,,34.7,,28.7,,28.6,,40.55,,77.3,,49.5,,85.2,,34.25,,71.8,,,56240,0.017477908,0.012500053,0.347,0.807502738,1,1.2962018,103.7768977
France,Paris,Sorbonne University,International Relations,Master,2.0,4500,74.6,1400,99,650,0.92,15,63.7,21.0,43.2,69.5,56.3,102.4,11,5000,1.119076449,63.29585919,63.0,59,France,Europe,XL,FC,VH,A,87.2,49,52.0,166,43.0,363,72.3,144,33.8,471,46.7,315,99.8,4,79.7,125,87.6,111,70.3,12549,0.330231076,0.236178497,0.872,0.957047508,5,48.8468997,2.3574487
Switzerland,Zurich,ETH Zurich,Physics,Master,2.0,1460,91.5,2100,88,1200,0.89,1,101.1,46.5,74.9,109.1,97.0,158.7,36,445,0.099597804,63.29585919,,,,,,,,,34.7,,28.7,,28.6,,40.55,,77.3,,49.5,,85.2,,34.25,,71.8,,,8408,0.116895588,0.083602745,0.347,0.971221249,1,47.413218,8.5374914
Sweden,Stockholm,KTH Royal Institute,Sustainable Technology,Master,2.0,0,71.8,1200,110,400,10.45,25,59.3,20.9,40.9,60.8,54.7,122.6,16,2340,0.523727778,63.29585919,,,,,,,,,34.7,,28.7,,28.6,,40.55,,77.3,,49.5,,85.2,,34.25,,71.8,,,2910,0.337676056,0.241503085,0.347,0.990039704,1,59.3498665,18.0706321
Denmark,Copenhagen,University of Copenhagen,Bioinformatics,Master,2.0,0,73.4,1300,120,450,6.92,7,72.3,26.4,50.2,64.8,81.3,127.2,42,274,0.061325389,63.29585919,100.0,107,Denmark,Europe,XL,FC,VH,A,74.0,83,31.6,299,99.8,27,23.1,519,84.9,221,15.6,613,98.2,22,90.8,72,73.2,198=,59.6,3170,0.904850205,0.647141283,0.74,0.989149781,5,55.6801502,12.572327
China,Beijing,Tsinghua University,Computer Engineering,Master,2.5,8900,52.3,800,140,400,7.18,85,31.7,12.3,22.4,36.8,20.6,73.3,6,16694,3.736372447,83.9784063,20.0,25,China (Mainland),Asia,XL,FC,VH,A,99.2,16,97.7,22,95.0,62,99.1,26,18.1,623,13.4,654,79.2,337,92.3,68,40.4,363=,86.5,24790,0.363749345,0.260150482,0.992,0.915149233,5,40.0022905,116.320963
South Korea,Seoul,Seoul National University,Digital Media,Master,2.0,7200,68.7,900,130,500,1320.5,24,60.1,16.0,38.9,81.4,31.4,109.4,19,1715,0.383843222,63.29585919,31.0,41,South Korea,Asia,L,FC,VH,A,98.5,20,98.6,16,83.1,117,71.7,151,10.5,701+,16.9,586,73.2,435,100.0,4,96.0,46=,82.3,16830,0.585823778,0.418976256,0.985,0.942394578,5,37.4670085,126.949073
Ireland,Dublin,Trinity College Dublin,Data Analytics,Master,1.0,28900,72.9,1600,150,650,0.92,14,64.4,42.3,53.8,59.3,65.3,101.1,17,2096,0.469116847,63.29585919,,,,,,,,,34.7,,28.7,,28.6,,40.55,,77.3,,49.5,,85.2,,34.25,,71.8,,,31300,0.031403949,0.022459841,0.347,0.892866922,1,53.3438434,-6.2543853
South Korea,Busan,Pusan National University,Business,Bachelor,4.0,5900,62.4,700,130,500,1320.5,24,60.1,16.0,38.9,81.4,31.4,109.4,19,1715,0.383843222,63.29585919,524.0,611-620,South Korea,Asia,L,FC,VH,A,18.7,482,16.5,516,43.5,359,19.5,562,10.5,701+,13.7,646,57.7,657,13.8,700,65.0,241=,23.4,27030,0.008423662,0.006024532,0.187,0.907482202,1,35.2343498,129.0784068
New Zealand,Auckland,University of Auckland,Marine Biology,Bachelor,3.0,28500,69.8,1200,245,600,1.64,13,64.6,25.9,46.0,71.9,57.1,121.0,3,32000,7.162089271,70.45794846,,,,,,,,,34.7,,28.7,,28.6,,40.55,,77.3,,49.5,,85.2,,34.25,,71.8,,,89945,0.010928502,0.007815973,0.347,0.69213787,1,-36.8660955,174.7737331
Austria,Vienna,University of Vienna,Social Sciences,Bachelor,3.0,1500,67.4,950,160,500,0.92,11,65.1,22.5,44.7,66.4,59.3,102.4,41,300,0.067144587,63.29585919,137.0,130,Austria,Europe,XL,FC,VH,A,70.9,89,40.4,235,23.2,619,13.0,667,100.0,70,92.0,109,96.0,57,89.7,78,60.9,265,53.9,8010,0.452363001,0.323526227,0.709,0.972583516,4,48.2131469,16.35997
Belgium,Brussels,KU Leuven,Biomedical Sciences,Bachelor,3.0,3500,68.9,1000,180,550,0.92,23,61.1,20.1,41.4,57.5,66.0,109.8,33,600,0.134289174,63.29585919,63.0,61,Belgium,Europe,XL,FC,VH,A,84.6,55,49.6,181,7.1,701+,91.0,72,93.8,163,47.7,305,99.5,8,75.3,139,51.2,313=,70.3,14230,0.262446771,0.187699731,0.846,0.951293812,5,50.8490457,4.3562292
USA,Ann Arbor,University of Michigan,Aerospace Engineering,Bachelor,4.0,52300,72.5,1800,160,1500,1.0,23,61.1,21.0,41.4,59.9,52.8,103.7,19,1715,0.383843222,63.29585919,,,,,,,,,34.7,,28.7,,28.6,,40.55,,77.3,,49.5,,85.2,,34.25,,71.8,,,218060,0.004507798,0.00322394,0.347,0.253628149,1,42.2942142,-83.7100389
USA,Atlanta,Georgia Tech,Industrial Engineering,Bachelor,4.0,43800,71.5,1700,160,1500,1.0,23,61.1,21.0,41.4,59.9,52.8,103.7,19,1715,0.383843222,63.29585919,,,,,,,,,34.7,,28.7,,28.6,,40.55,,77.3,,49.5,,85.2,,34.25,,71.8,,,183660,0.005352116,0.003827789,0.347,0.371371851,1,33.7760948,-84.3988077
USA,Austin,UT Austin,Chemical Engineering,Bachelor,4.0,40900,72.4,1600,160,1500,1.0,23,61.1,21.0,41.4,59.9,52.8,103.7,19,1715,0.383843222,63.29585919,,,,,,,,,34.7,,28.7,,28.6,,40.55,,77.3,,49.5,,85.2,,34.25,,71.8,,,171660,0.005726257,0.004095371,0.347,0.412445235,1,30.2851494,-97.7339352
UK,Bristol,University of Bristol,Mathematics,Bachelor,3.0,31200,69.8,1100,485,800,0.79,23,61.1,21.0,41.4,59.9,52.8,103.7,19,1715,0.383843222,63.29585919,54.0,55,United Kingdom,Europe,L,FC,VH,A,75.8,78,82.5,69,36.7,437,75.9,134,87.5,206,89.8,121,94.6,84,51.2,250,98.9,17,75.4,98185,0.04302039,0.030767822,0.758,0.663934146,5,51.5007679,-2.5503106
Canada,Ottawa,University of Ottawa,Political Science,Bachelor,4.0,28900,68.5,1300,235,900,1.35,12,64.8,33.2,49.6,71.2,61.7,103.7,2,50000,11.19076449,63.29585919,189.0,203,Canada,Americas,XL,FC,VH,A,26.2,340,23.3,406,3.5,701+,81.3,106,91.7,179,77.8,181,93.0,119,39.8,323,92.9,72,47.3,121935,0.007605137,0.00543913,0.262,0.582643072,4,45.4225271,-75.6833904
Hong Kong,Hong Kong,HKUST,Finance,Bachelor,4.0,22000,78.6,1500,120,600,7.82,23,61.1,21.0,41.4,59.9,52.8,103.7,19,1715,0.383843222,63.29585919,,,,,,,,,34.7,,28.7,,28.6,,40.55,,77.3,,49.5,,85.2,,34.25,,71.8,,,94720,0.010377583,0.00742196,0.347,0.675794085,1,22.3387418,114.2618713
Portugal,Lisbon,University of Lisbon,Architecture,Bachelor,3.0,3500,58.4,800,120,450,0.92,50,45.1,24.0,35.0,43.8,36.9,56.9,19,1715,0.383843222,63.29585919,,,,,,,,,34.7,,28.7,,28.6,,40.55,,77.3,,49.5,,85.2,,34.25,,71.8,,,13470,0.072969713,0.052187327,0.347,0.953895126,1,38.7525379,-9.1568456
Israel,Tel Aviv,Tel Aviv University,Computer Science,Bachelor,3.0,12000,76.2,1200,150,800,3.72,19,62.7,27.1,45.6,59.6,68.0,99.4,34,550,0.123098409,63.29585919,209.0,215,Israel,Asia,L,FC,VH,A,32.0,275,18.6,474,4.2,701+,99.4,20,39.7,419,7.0,701+,77.9,362,88.4,85,46.2,334=,45.2,40550,0.040547459,0.028999203,0.32,0.861206188,3,32.1123577,34.8050129
Taiwan,Taipei,National Taiwan University,Electronics Engineering,Bachelor,4.0,5200,62.8,700,140,450,31.2,49,45.2,13.1,29.8,60.1,23.0,95.1,19,1715,0.383843222,63.29585919,,,,,,,,,34.7,,28.7,,28.6,,40.55,,77.3,,49.5,,85.2,,34.25,,71.8,,,24190,0.040633913,0.029061034,0.347,0.917202903,1,25.0168175,121.5384571
Czech Republic,Prague,Charles University,Medicine,Bachelor,3.0,9800,54.6,650,100,400,22.5,44,46.6,18.8,33.3,44.4,34.1,84.0,38,350,0.078335351,63.29585919,246.0,248,Czech Republic,Europe,XL,FC,VH,A,45.6,182,49.1,183,32.2,491,8.0,701+,25.0,535,50.5,291,96.3,51,65.5,178,77.4,173=,41.0,31850,0.100971712,0.072214122,0.456,0.890984392,3,50.0888947,14.4162757
USA,Stanford,Stanford University,Computer Science,PhD,5.0,54200,89.5,2300,160,1500,1.0,23,61.1,21.0,41.4,59.9,52.8,103.7,19,1715,0.383843222,63.29585919,6.0,5,United States,Americas,L,FC,VH,B,100.0,5,100.0,3,100.0,12,99.0,27,70.3,284,60.8,244,96.8,45,100.0,2,81.2,148=,96.1,284160,0.035191318,0.025168535,1.0,0.027382256,5,37.4313138,-122.1693654
USA,Boston,MIT,Electrical Engineering,PhD,5.0,53800,83.2,2200,160,1500,1.0,23,61.1,21.0,41.4,59.9,52.8,103.7,19,1715,0.383843222,63.29585919,,,,,,,,,34.7,,28.7,,28.6,,40.55,,77.3,,49.5,,85.2,,34.25,,71.8,,,281660,0.003489922,0.002495963,0.347,0.035939211,1,42.3545473,-71.0913016
UK,Oxford,University of Oxford,Biomedical Sciences,PhD,4.0,29800,74.5,1600,485,800,0.79,23,61.1,21.0,41.4,59.9,52.8,103.7,19,1715,0.383843222,63.29585919,3.0,3,United Kingdom,Europe,L,FC,VH,A,100.0,2,100.0,5,100.0,8,84.8,93,98.1,120,97.7,73,100.0,1,100.0,3,85.0,126,96.9,126885,0.078810901,0.056364896,1.0,0.565700301,5,51.7525461,-1.21433
UK,Cambridge,University of Cambridge,Physics,PhD,4.0,31200,75.2,1700,485,800,0.79,23,61.1,21.0,41.4,59.9,52.8,103.7,19,1715,0.383843222,63.29585919,5.0,2,United Kingdom,Europe,L,FC,VH,A,100.0,3,100.0,4,100.0,17,84.6,96,100.0,73,94.8,98,99.3,10,100.0,5,84.8,127=,96.7,132885,0.075252472,0.053819937,1.0,0.545163609,5,52.2109456,0.092005
Germany,Heidelberg,Heidelberg University,Molecular Biology,PhD,3.0,500,68.4,900,75,550,0.92,21,62.2,24.4,44.0,60.8,52.8,120.2,19,1715,0.383843222,63.29585919,,,,,,,,,34.7,,28.7,,28.6,,40.55,,77.3,,49.5,,85.2,,34.25,,71.8,,,4825,0.203683174,0.145672499,0.347,0.983485077,1,49.4186003,8.6692402
Switzerland,Basel,ETH Basel,Pharmaceutical Sciences,PhD,4.0,1500,88.6,1800,88,1200,0.89,1,101.1,46.5,74.9,109.1,97.0,158.7,36,445,0.099597804,63.29585919,,,,,,,,,34.7,,28.7,,28.6,,40.55,,77.3,,49.5,,85.2,,34.25,,71.8,,,14488,0.067842846,0.048520635,0.347,0.950410734,1,47.5627681,7.5809473
Netherlands,Delft,TU Delft,Robotics,PhD,4.0,4800,71.8,1200,180,720,0.92,18,63.1,33.5,48.9,59.9,61.2,124.9,19,1715,0.383843222,63.29585919,,,,,,,,,34.7,,28.7,,28.6,,40.55,,77.3,,49.5,,85.2,,34.25,,71.8,,,24900,0.039475322,0.02823242,0.347,0.914772727,1,51.9988274,4.3739604
Singapore,Singapore,NTU Singapore,Data Science,PhD,4.0,8900,81.5,1600,90,800,1.34,4,76.7,67.2,72.1,74.6,50.4,111.1,19,1715,0.383843222,63.29585919,,,,,,,,,34.7,,28.7,,28.6,,40.55,,77.3,,49.5,,85.2,,34.25,,71.8,,,42890,0.022917978,0.016390746,0.347,0.853196878,1,1.3484104,103.6829332
Canada,Waterloo,University of Waterloo,Quantum Computing,PhD,4.0,21500,69.8,1300,235,900,1.35,12,64.8,33.2,49.6,71.2,61.7,103.7,2,50000,11.19076449,63.29585919,115.0,112,Canada,Americas,XL,CO,VH,A,40.4,211,64.2,124,6.5,701+,78.9,118,75.8,257,71.3,206,84.6,256,58.9,209,93.3,68=,57.2,92335,0.040952391,0.029288807,0.404,0.683957421,4,43.4701994,-80.5452429
Australia,Canberra,Australian National University,Climate Science,PhD,4.0,29800,70.2,1400,450,650,1.52,10,70.2,33.4,52.5,77.3,62.5,127.4,1,66886,14.97010947,52.10509471,,,,,,,,,34.7,,28.7,,28.6,,40.55,,77.3,,49.5,,85.2,,34.25,,71.8,,,125900,0.007807523,0.005583875,0.347,0.569071742,1,-35.2812742,149.1172023
Sweden,Lund,Lund University,Neuroscience,PhD,4.0,0,69.5,1000,110,400,10.45,25,59.3,20.9,40.9,60.8,54.7,122.6,16,2340,0.523727778,63.29585919,75.0,85,Sweden,Europe,L,FC,VH,A,68.3,96,52.5,160,55.5,271,44.6,309,97.4,124,73.4,198,96.7,48,86.5,95,99.6,8,65.6,4510,1.00670583,0.719987572,0.683,0.984563253,5,55.7126504,13.2107587
USA,San Diego,UC San Diego,Computer Science,Bachelor,4.0,44200,79.5,1900,160,1500,1.0,23,61.1,21.0,41.4,59.9,52.8,103.7,19,1715,0.383843222,63.29585919,,,,,,,,,34.7,,28.7,,28.6,,40.55,,77.3,,49.5,,85.2,,34.25,,71.8,,,186060,0.005283079,0.003778414,0.347,0.363157174,1,32.7724979,-117.1880314
USA,Seattle,University of Washington,Computer Science,Master,2.0,38900,83.4,2000,160,1500,1.0,23,61.1,21.0,41.4,59.9,52.8,103.7,19,1715,0.383843222,63.29585919,76.0,63,United States,Americas,XL,FC,VH,A,81.9,66,55.5,150,28.6,542,78.8,119,11.0,701+,32.8,407,95.6,67,68.7,170,66.5,235,65.3,83460,0.045684212,0.032672965,0.819,0.714334611,5,47.6554303,-122.3001692
Canada,Edmonton,University of Alberta,Computer Science,PhD,4.0,22800,67.8,1200,235,900,1.35,12,64.8,33.2,49.6,71.2,61.7,103.7,2,50000,11.19076449,63.29585919,96.0,111,Canada,Americas,XL,FC,VH,A,57.0,136,42.2,222,39.1,400,61.3,194,98.3,116,71.0,207,96.0,55,70.0,159,97.6,28,61.2,97135,0.03041097,0.021749671,0.57,0.667528067,5,53.52682,-113.5244937
UK,Glasgow,University of Glasgow,Computer Science,Master,1.0,33500,67.5,1100,485,800,0.79,23,61.1,21.0,41.4,59.9,52.8,103.7,19,1715,0.383843222,63.29585919,78.0,76,United Kingdom,Europe,XL,FC,VH,A,77.4,75,67.7,110,38.0,418,32.5,405,95.7,141,99.4,49,97.6,30,33.5,378,98.5,20,65.0,35885,0.06319874,0.045199209,0.774,0.877173467,5,55.8727036,-4.2919966
India,Bangalore,Indian Institute of Science,Computer Science,Master,2.0,2500,45.6,500,200,300,83.2,118,21.2,5.6,13.7,23.8,15.1,82.6,19,1715,0.383843222,63.29585919,211.0,225,India,Asia,S,SP,VH,A,45.7,181,26.3,362,37.9,419,99.9,11,3.7,701+,1.5,701+,39.1,701+,13.1,701+,23.7,500=,45.0,6500,0.052996462,0.037902625,0.457,0.977751917,3,13.0222347,77.5671832
Denmark,Aalborg,Aalborg University,Computer Science,Bachelor,3.0,0,69.8,900,120,450,6.92,7,72.3,26.4,50.2,64.8,81.3,127.2,42,274,0.061325389,63.29585919,306.0,336,Denmark,Europe,L,FC,VH,A,19.9,450,20.8,439,25.5,580,53.2,241,77.3,250,14.9,627,92.1,134,23.3,486,75.6,183,35.7,3270,0.148162641,0.105964679,0.199,0.988807503,2,57.0159071,9.9753082
Poland,Warsaw,University of Warsaw,Computer Science,Master,2.0,3800,51.2,650,80,350,4.02,59,40.8,17.1,29.5,36.8,35.0,85.8,14,2500,0.559538224,63.29585919,,,,,,,,,34.7,,28.7,,28.6,,40.55,,77.3,,49.5,,85.2,,34.25,,71.8,,,9330,0.105345086,0.075341923,0.347,0.968065444,1,52.2216394,21.0073798
Ireland,Galway,NUI Galway,Computer Science,Bachelor,4.0,25800,68.5,1100,150,650,0.92,14,64.4,42.3,53.8,59.3,65.3,101.1,17,2096,0.469116847,63.29585919,,,,,,,,,34.7,,28.7,,28.6,,40.55,,77.3,,49.5,,85.2,,34.25,,71.8,,,108400,0.009067951,0.006485323,0.347,0.628970427,1,53.2932299,-9.0777541
South Korea,Daejeon,KAIST,Computer Science,PhD,4.0,6900,65.4,700,130,500,1320.5,24,60.1,16.0,38.9,81.4,31.4,109.4,19,1715,0.383843222,63.29585919,,,,,,,,,34.7,,28.7,,28.6,,40.55,,77.3,,49.5,,85.2,,34.25,,71.8,,,31030,0.031677194,0.022655263,0.347,0.893791073,1,36.3698812,127.3623793
Malaysia,Kuala Lumpur,University of Malaya,Computer Science,Bachelor,4.0,4800,48.2,500,110,300,4.72,94,30.0,7.7,19.3,36.3,18.9,79.9,20,1493,0.334156228,63.29585919,,,,,,,,,34.7,,28.7,,28.6,,40.55,,77.3,,49.5,,85.2,,34.25,,71.8,,,21610,0.045484938,0.032530447,0.347,0.92603368,1,3.1257602,101.6558796
USA,Berkeley,UC Berkeley,Computer Science,Bachelor,4.0,44900,84.2,2100,160,1500,1.0,23,61.1,21.0,41.4,59.9,52.8,103.7,19,1715,0.383843222,63.29585919,,,,,,,,,34.7,,28.7,,28.6,,40.55,,77.3,,49.5,,85.2,,34.25,,71.8,,,189660,0.0051828,0.003706695,0.347,0.350835159,1,37.8754996,-122.2390685
UK,Manchester,University of Manchester,Economics,Bachelor,3.0,32000,68.4,1200,485,800,0.79,23,61.1,21.0,41.4,59.9,52.8,103.7,19,1715,0.383843222,63.29585919,,,,,,,,,34.7,,28.7,,28.6,,40.55,,77.3,,49.5,,85.2,,34.25,,71.8,,,100885,0.009743423,0.006968415,0.347,0.654692634,1,53.4660226,-2.2330858
Canada,Vancouver,University of British Columbia,Psychology,Bachelor,4.0,31200,71.2,1700,235,900,1.35,12,64.8,33.2,49.6,71.2,61.7,103.7,2,50000,11.19076449,63.29585919,38.0,34,Canada,Americas,XL,FC,VH,A,98.3,23,94.3,36,34.5,459,57.7,214,95.5,142,72.8,200,96.2,53,74.6,141,99.8,4,81.0,132735,0.052998282,0.037903927,0.983,0.545677026,5,49.2578915,-123.2429755
Australia,Sydney,University of Sydney,Business,Bachelor,3.0,35000,72.8,1600,450,650,1.52,10,70.2,33.4,52.5,77.3,62.5,127.4,1,66886,14.97010947,52.10509471,,,,,,,,,34.7,,28.7,,28.6,,40.55,,77.3,,49.5,,85.2,,34.25,,71.8,,,110900,0.008863536,0.006339127,0.347,0.620413472,1,-33.8889073,151.1894111
Germany,Berlin,Free University of Berlin,International Business,Bachelor,3.0,0,65.2,900,75,550,0.92,21,62.2,24.4,44.0,60.8,52.8,120.2,19,1715,0.383843222,63.29585919,,,,,,,,,34.7,,28.7,,28.6,,40.55,,77.3,,49.5,,85.2,,34.25,,71.8,,,3325,0.295542694,0.211369658,0.347,0.98861925,1,52.5173885,13.3951309
Spain,Barcelona,University of Barcelona,Architecture,Bachelor,4.0,2800,62.4,950,160,500,0.92,40,47.3,22.9,35.6,46.0,44.1,92.1,19,1715,0.383843222,63.29585919,,,,,,,,,34.7,,28.7,,28.6,,40.55,,77.3,,49.5,,85.2,,34.25,,71.8,,,15660,0.062765788,0.044889565,0.347,0.946399233,1,41.3868596,2.1634784
Italy,Milan,Politecnico di Milano,Design,Bachelor,3.0,4200,63.8,1100,120,650,0.92,26,56.2,19.2,38.5,57.0,53.3,78.3,23,1163,0.260297182,63.29585919,111.0,123,Italy,Europe,XL,FO,VH,A,70.8,90,77.0,82,5.8,701+,40.2,351,67.4,292,56.8,262,88.1,197,52.9,239,72.6,202=,58.2,16670,0.244334473,0.174745967,0.708,0.942942223,4,45.4790288,9.2322104
Netherlands,Rotterdam,Erasmus University,Economics,Bachelor,3.0,11200,71.5,1300,180,720,0.92,18,63.1,33.5,48.9,59.9,61.2,124.9,19,1715,0.383843222,63.29585919,,,,,,,,,34.7,,28.7,,28.6,,40.55,,77.3,,49.5,,85.2,,34.25,,71.8,,,38400,0.025597641,0.018307218,0.347,0.86856517,1,51.9176312,4.5259623
Finland,Helsinki,University of Helsinki,Computer Science,Bachelor,3.0,0,70.2,1100,120,400,0.92,17,63.2,19.7,42.4,63.0,63.6,118.0,27,1000,0.22381529,63.29585919,117.0,115,Finland,Europe,L,CO,VH,A,62.3,110,29.1,324,59.4,246,49.6,267,73.4,272,5.7,701+,96.9,43,90.5,74,94.5,60,56.8,3820,0.689230568,0.492931925,0.623,0.986924973,4,60.2267221,25.01767
Norway,Oslo,University of Oslo,Environmental Science,Bachelor,3.0,0,75.6,1400,135,450,10.45,6,76.0,26.2,52.1,79.0,73.5,114.7,43,250,0.055953822,63.29585919,119.0,117,Norway,Europe,L,FC,VH,A,55.6,139,16.0,534,73.8,175,55.7,225,91.6,180,31.7,416,97.3,35,80.9,121,72.1,208=,56.1,4785,0.270455495,0.193427503,0.556,0.983621988,4,59.9414173,10.7227683
Japan,Osaka,Osaka University,Engineering,Bachelor,4.0,6800,71.2,900,220,750,145.8,46,46.1,13.4,30.4,53.7,27.8,117.0,30,879,0.19673364,63.29585919,86.0,80,Japan,Asia,L,FC,VH,A,82.4,64,87.0,58,45.2,343,54.9,232,23.9,549,12.2,675,68.2,512,33.0,387,68.0,228=,63.5,31770,0.090365428,0.064628596,0.824,0.891258215,5,34.5111992,135.631448
Japan,Kyoto,Kyoto University,Computer Science,Master,2.0,8500,71.8,900,220,750,145.8,46,46.1,13.4,30.4,53.7,27.8,117.0,30,879,0.19673364,63.29585919,50.0,46,Japan,Asia,L,FC,VH,A,98.8,18,99.0,13,94.2,68,39.3,357,15.9,653,19.0,566,85.7,236,72.8,147,85.2,124=,76.0,19770,0.364533913,0.260711599,0.988,0.932331599,5,35.0229299,135.777149
Japan,Nagoya,Nagoya University,Information Science,Bachelor,4.0,7800,68.5,750,220,750,145.8,46,46.1,13.4,30.4,53.7,27.8,117.0,30,879,0.19673364,63.29585919,152.0,176,Japan,Asia,L,FC,VH,A,63.2,108,65.8,117,84.7,107,25.4,494,14.5,671,19.6,550,64.8,559,21.5,533,75.0,186=,51.9,35170,0.04022348,0.028767495,0.632,0.879620756,4,35.1533086,136.9677806
Japan,Sendai,Tohoku University,Software Engineering,Master,2.0,8200,65.4,650,220,750,145.8,46,46.1,13.4,30.4,53.7,27.8,117.0,30,879,0.19673364,63.29585919,107.0,113,Japan,Asia,L,FC,VH,A,73.8,84,82.8,67,97.8,47,23.9,510,14.1,682,11.4,689,68.3,510,22.6,507,78.6,164=,58.8,18670,0.100223877,0.071679277,0.738,0.936096659,4,38.2531931,140.8292395
Japan,Fukuoka,Kyushu University,Computer Engineering,Bachelor,4.0,7500,64.8,600,220,750,145.8,46,46.1,13.4,30.4,53.7,27.8,117.0,30,879,0.19673364,63.29585919,167.0,164,Japan,Asia,L,FC,VH,A,58.3,133,66.5,113,78.4,149,27.9,466,18.7,613=,14.1,640,69.9,488,15.1,657,77.6,170=,50.3,33370,0.030090498,0.021520472,0.583,0.885781763,4,33.6707768,130.4444986
Japan,Sapporo,Hokkaido University,Data Science,Master,2.0,8100,63.5,550,220,750,145.8,46,46.1,13.4,30.4,53.7,27.8,117.0,30,879,0.19673364,63.29585919,173.0,196,Japan,Asia,L,FC,VH,A,59.0,128,63.3,125,76.2,158,26.0,485,18.7,613=,12.1,677,77.7,365,15.5,645,78.1,168,49.8,18270,0.053699852,0.038405684,0.59,0.937465772,4,43.0790078,141.3377295
Japan,Tokyo,Tokyo Institute of Technology,Artificial Intelligence,PhD,3.0,8900,76.4,1100,220,750,145.8,46,46.1,13.4,30.4,53.7,27.8,117.0,30,879,0.19673364,63.29585919,,,,,,,,,34.7,,28.7,,28.6,,40.55,,77.3,,49.5,,85.2,,34.25,,71.8,,,30970,0.031738562,0.022699153,0.347,0.89399644,1,35.6050487,139.682751
Japan,Tsukuba,University of Tsukuba,Information Systems,Bachelor,4.0,7200,64.2,600,220,750,145.8,46,46.1,13.4,30.4,53.7,27.8,117.0,30,879,0.19673364,63.29585919,377.0,355,Japan,Asia,L,FC,VH,A,36.6,237,22.5,416,54.7,278,17.3,594,12.4,701+,19.3,561,66.9,525,9.8,701+,63.4,249,31.1,32170,0.006853999,0.004901923,0.366,0.889889102,2,36.1070526,140.1006602
Japan,Kobe,Kobe University,Computer Science,Master,2.0,7900,67.8,700,220,750,145.8,46,46.1,13.4,30.4,53.7,27.8,117.0,30,879,0.19673364,63.29585919,465.0,476,Japan,Asia,L,FC,VH,A,28.4,309,33.2,281,43.9,356,11.4,701+,7.0,701+,5.6,701+,55.0,698,15.0,662,49.8,319=,25.8,18170,0.027406307,0.019600761,0.284,0.93780805,1,34.663757,135.0291256
Japan,Kanazawa,Kanazawa University,Software Engineering,Bachelor,4.0,7100,62.5,500,220,750,145.8,46,46.1,13.4,30.4,53.7,27.8,117.0,30,879,0.19673364,63.29585919,,851-900,Japan,Asia,M,FC,VH,A,10.5,601+,3.9,601+,55.1,275,12.2,686,8.1,701+,5.8,701+,31.9,701+,1.8,701+,1.6,701+,,31370,0.000223774,0.000160041,0.105,0.892627327,1,36.5552545,136.6709487
Japan,Hiroshima,Hiroshima University,Information Technology,Master,2.0,7600,63.8,550,220,750,145.8,46,46.1,13.4,30.4,53.7,27.8,117.0,30,879,0.19673364,63.29585919,474.0,472,Japan,Asia,L,FC,VH,A,24.1,363,12.3,601+,75.9,161,8.9,701+,13.2,701+,12.9,660,70.1,485,6.9,701+,50.8,315=,25.2,17270,0.004914018,0.003514464,0.241,0.940888554,1,34.4019766,132.7123195
Australia,Adelaide,University of Adelaide,Computer Science,Bachelor,3.0,32800,68.5,1100,450,650,1.52,10,70.2,33.4,52.5,77.3,62.5,127.4,1,66886,14.97010947,52.10509471,,,,,,,,,34.7,,28.7,,28.6,,40.55,,77.3,,49.5,,85.2,,34.25,,71.8,,,102800,0.009561921,0.006838605,0.347,0.648138007,1,-34.9189226,138.6042367
Australia,Perth,University of Western Australia,Software Engineering,Master,2.0,34500,69.8,1200,450,650,1.52,10,70.2,33.4,52.5,77.3,62.5,127.4,1,66886,14.97010947,52.10509471,,,,,,,,,34.7,,28.7,,28.6,,40.55,,77.3,,49.5,,85.2,,34.25,,71.8,,,72500,0.013558089,0.009696632,0.347,0.751848302,1,-31.9758916,115.8174875
Australia,Gold Coast,Griffith University,Information Technology,Bachelor,3.0,31200,67.5,1100,450,650,1.52,10,70.2,33.4,52.5,77.3,62.5,127.4,1,66886,14.97010947,52.10509471,255.0,243,Australia,Oceania,L,FC,VH,A,27.0,324,13.7,593,8.4,701+,62.5,187,99.8,90,38.5,363,92.1,135,17.9,602,96.4,40,40.1,98000,0.002502321,0.001789639,0.27,0.66456736,3,-27.9633383,153.384692
Australia,Hobart,University of Tasmania,Data Science,Master,2.0,30800,65.4,950,450,650,1.52,10,70.2,33.4,52.5,77.3,62.5,127.4,1,66886,14.97010947,52.10509471,293.0,307,Australia,Oceania,M,CO,VH,A,16.0,552,7.4,601+,22.1,635,59.8,203,79.9,240,89.7,123,80.0,323,15.9,636,85.6,123,37.0,64600,0.001821334,0.001302603,0.16,0.77888828,3,-42.906822,147.3218083
Australia,Newcastle,University of Newcastle,Computer Engineering,Bachelor,4.0,31500,66.8,1000,450,650,1.52,10,70.2,33.4,52.5,77.3,62.5,127.4,1,66886,14.97010947,52.10509471,,,,,,,,,34.7,,28.7,,28.6,,40.55,,77.3,,49.5,,85.2,,34.25,,71.8,,,131100,0.007497845,0.005362396,0.347,0.551273275,1,-32.8950307,151.6978663
Australia,Wollongong,University of Wollongong,Artificial Intelligence,Master,2.0,32900,67.2,1050,450,650,1.52,10,70.2,33.4,52.5,77.3,62.5,127.4,1,66886,14.97010947,52.10509471,167.0,162,Australia,Oceania,L,FC,VH,A,29.5,300,24.5,393,17.0,701+,94.6,52,91.8,178,56.3,265,89.0,185,18.3,596,93.9,62=,50.3,69000,0.006497732,0.004647123,0.295,0.763828039,4,-34.4050554,150.8783465
Australia,Darwin,Charles Darwin University,Information Systems,Bachelor,3.0,29800,64.5,900,450,650,1.52,10,70.2,33.4,52.5,77.3,62.5,127.4,1,66886,14.97010947,52.10509471,,,,,,,,,34.7,,28.7,,28.6,,40.55,,77.3,,49.5,,85.2,,34.25,,71.8,,,93200,0.010546829,0.007543004,0.347,0.680996714,1,-12.3713738,130.8684834
Australia,Townsville,James Cook University,Data Analytics,Master,2.0,31200,65.8,950,450,650,1.52,10,70.2,33.4,52.5,77.3,62.5,127.4,1,66886,14.97010947,52.10509471,445.0,415,Australia,Oceania,M,FC,VH,A,14.4,601+,6.5,601+,17.5,701+,46.9,292,36.7,434,16.0,607,76.0,389,6.7,701+,88.9,103=,26.7,65400,0.000665892,0.00047624,0.144,0.776150055,1,-19.3289618,146.756645
Australia,Sunshine Coast,USC,Software Development,Bachelor,3.0,29500,66.2,1000,450,650,1.52,10,70.2,33.4,52.5,77.3,62.5,127.4,1,66886,14.97010947,52.10509471,,,,,,,,,34.7,,28.7,,28.6,,40.55,,77.3,,49.5,,85.2,,34.25,,71.8,,,92600,0.010615166,0.007591878,0.347,0.683050383,1,-26.7184666,153.0651536
Australia,Armidale,University of New England,Computing Science,Master,2.0,30500,64.8,850,450,650,1.52,10,70.2,33.4,52.5,77.3,62.5,127.4,1,66886,14.97010947,52.10509471,,,,,,,,,34.7,,28.7,,28.6,,40.55,,77.3,,49.5,,85.2,,34.25,,71.8,,,63800,0.01540689,0.011018879,0.347,0.781626506,1,-30.4901137,151.6393281
Germany,Dresden,TU Dresden,Computer Science,Master,2.0,500,65.8,750,75,550,0.92,21,62.2,24.4,44.0,60.8,52.8,120.2,19,1715,0.383843222,63.29585919,,,,,,,,,34.7,,28.7,,28.6,,40.55,,77.3,,49.5,,85.2,,34.25,,71.8,,,3125,0.314451376,0.224892988,0.347,0.989303806,1,51.029867,13.7303171
Germany,Stuttgart,University of Stuttgart,Software Engineering,Bachelor,3.0,450,68.5,850,75,550,0.92,21,62.2,24.4,44.0,60.8,52.8,120.2,19,1715,0.383843222,63.29585919,,,,,,,,,34.7,,28.7,,28.6,,40.55,,77.3,,49.5,,85.2,,34.25,,71.8,,,4525,0.217184048,0.155328211,0.347,0.984511911,1,48.7133801,9.212073
Germany,Hamburg,TU Hamburg,Data Engineering,Master,2.0,500,71.2,950,75,550,0.92,21,62.2,24.4,44.0,60.8,52.8,120.2,19,1715,0.383843222,63.29585919,,,,,,,,,34.7,,28.7,,28.6,,40.55,,77.3,,49.5,,85.2,,34.25,,71.8,,,3525,0.27877907,0.199380454,0.347,0.987934693,1,53.4610001,9.9692264
Germany,Aachen,RWTH Aachen,Computer Engineering,Bachelor,3.0,500,66.4,700,75,550,0.92,21,62.2,24.4,44.0,60.8,52.8,120.2,19,1715,0.383843222,63.29585919,,,,,,,,,34.7,,28.7,,28.6,,40.55,,77.3,,49.5,,85.2,,34.25,,71.8,,,4225,0.232601751,0.166354823,0.347,0.985538746,1,50.7791657,6.0689209
Germany,Karlsruhe,KIT,Artificial Intelligence,Master,2.0,500,67.8,800,75,550,0.92,21,62.2,24.4,44.0,60.8,52.8,120.2,19,1715,0.383843222,63.29585919,,,,,,,,,34.7,,28.7,,28.6,,40.55,,77.3,,49.5,,85.2,,34.25,,71.8,,,3225,0.304703968,0.217921724,0.347,0.988961528,1,49.0111548,8.4163751
Germany,Darmstadt,TU Darmstadt,Information Systems,Bachelor,3.0,450,66.9,750,75,550,0.92,21,62.2,24.4,44.0,60.8,52.8,120.2,19,1715,0.383843222,63.29585919,,,,,,,,,34.7,,28.7,,28.6,,40.55,,77.3,,49.5,,85.2,,34.25,,71.8,,,4225,0.232601751,0.166354823,0.347,0.985538746,1,49.8611518,8.681944
Germany,Braunschweig,TU Braunschweig,Software Systems,Master,2.0,500,64.5,650,75,550,0.92,21,62.2,24.4,44.0,60.8,52.8,120.2,19,1715,0.383843222,63.29585919,,,,,,,,,34.7,,28.7,,28.6,,40.55,,77.3,,49.5,,85.2,,34.25,,71.8,,,2925,0.335944976,0.240265031,0.347,0.989988363,1,52.2761359,10.5410923
Germany,Jena,University of Jena,Data Science,Bachelor,3.0,450,63.8,600,75,550,0.92,21,62.2,24.4,44.0,60.8,52.8,120.2,19,1715,0.383843222,63.29585919,,,,,,,,,34.7,,28.7,,28.6,,40.55,,77.3,,49.5,,85.2,,34.25,,71.8,,,3775,0.260321769,0.186179947,0.347,0.987078998,1,50.9294489,11.5894399
Germany,Hannover,Leibniz University,Digital Engineering,Master,2.0,500,66.2,750,75,550,0.92,21,62.2,24.4,44.0,60.8,52.8,120.2,19,1715,0.383843222,63.29585919,,,,,,,,,34.7,,28.7,,28.6,,40.55,,77.3,,49.5,,85.2,,34.25,,71.8,,,3125,0.314451376,0.224892988,0.347,0.989303806,1,52.3901618,9.7068803
Germany,Freiburg,University of Freiburg,Robotics & AI,Master,2.0,500,67.5,800,75,550,0.92,21,62.2,24.4,44.0,60.8,52.8,120.2,19,1715,0.383843222,63.29585919,,,,,,,,,34.7,,28.7,,28.6,,40.55,,77.3,,49.5,,85.2,,34.25,,71.8,,,3225,0.304703968,0.217921724,0.347,0.988961528,1,47.9960901,7.8494005
USA,Philadelphia,University of Pennsylvania,Computer Science,Master,2.0,51900,76.8,1900,160,1500,1.0,23,61.1,21.0,41.4,59.9,52.8,103.7,19,1715,0.383843222,63.29585919,11.0,12,United States,Americas,L,FC,VH,B,96.3,31,91.9,45,99.8,28,74.0,138,90.9,188,66.2,226,91.9,137,100.0,7,93.0,71,90.3,109260,0.084110524,0.060155142,0.963,0.626026835,5,39.9503945,-75.1946713
USA,Chicago,University of Chicago,Data Analytics,Master,2.0,52400,78.9,2000,160,1500,1.0,23,61.1,21.0,41.4,59.9,52.8,103.7,19,1715,0.383843222,63.29585919,21.0,11,United States,Americas,L,FC,VH,B,99.1,17,96.4,29,94.2,69,60.8,197,79.0,244,87.0,140,85.1,245,99.1,16,46.9,330=,86.2,110460,0.086485185,0.061853479,0.991,0.621919496,5,41.7913274,-87.6008421
USA,Baltimore,Johns Hopkins,Artificial Intelligence,PhD,5.0,53600,72.5,1700,160,1500,1.0,23,61.1,21.0,41.4,59.9,52.8,103.7,19,1715,0.383843222,63.29585919,,,,,,,,,34.7,,28.7,,28.6,,40.55,,77.3,,49.5,,85.2,,34.25,,71.8,,,278160,0.003533835,0.002527369,0.347,0.047918949,1,39.3302023,-76.6218536
USA,Nashville,Vanderbilt University,Computer Engineering,Bachelor,4.0,50800,71.2,1600,160,1500,1.0,23,61.1,21.0,41.4,59.9,52.8,103.7,19,1715,0.383843222,63.29585919,248.0,261,United States,Americas,L,FC,VH,B,24.4,356,21.8,423,100.0,13,53.0,242,30.1,493,36.0,383,78.6,344,34.7,364,24.5,492=,40.8,211260,0.003580689,0.002560879,0.244,0.276903067,3,36.1438011,-86.8028189
USA,Durham,Duke University,Software Engineering,Master,2.0,51500,70.8,1500,160,1500,1.0,23,61.1,21.0,41.4,59.9,52.8,103.7,19,1715,0.383843222,63.29585919,61.0,57,United States,Americas,L,FC,VH,B,86.0,52,74.7,86,100.0,6,35.1,382,16.3,647,61.0,243,93.3,111,85.5,99,75.0,186=,70.8,107660,0.059323711,0.042427821,0.86,0.631503286,5,36.0001557,-78.9442297
USA,Madison,University of Wisconsin,Computer Science,PhD,5.0,38200,69.5,1400,160,1500,1.0,23,61.1,21.0,41.4,59.9,52.8,103.7,19,1715,0.383843222,63.29585919,,,,,,,,,34.7,,28.7,,28.6,,40.55,,77.3,,49.5,,85.2,,34.25,,71.8,,,199660,0.00492322,0.003521046,0.347,0.316607338,1,43.0464346,-89.4301097
USA,Tempe,Arizona State University,Information Technology,Bachelor,4.0,41200,70.2,1300,160,1500,1.0,23,61.1,21.0,41.4,59.9,52.8,103.7,19,1715,0.383843222,63.29585919,200.0,179,United States,Americas,XL,CO,VH,A,48.6,165,44.1,209,7.4,701+,47.1,289,52.1,357,37.2,378,95.7,66,23.6,479,96.3,41=,46.2,171660,0.00606288,0.004336121,0.486,0.412445235,4,33.4213174,-111.9331631
USA,Boulder,University of Colorado,Data Science,Master,2.0,39800,71.5,1600,160,1500,1.0,23,61.1,21.0,41.4,59.9,52.8,103.7,19,1715,0.383843222,63.29585919,,,,,,,,,34.7,,28.7,,28.6,,40.55,,77.3,,49.5,,85.2,,34.25,,71.8,,,84460,0.011638212,0.008323551,0.347,0.710911829,1,40.0075984,-105.2691008
USA,Minneapolis,University of Minnesota,Computer Science,Bachelor,4.0,42500,72.8,1500,160,1500,1.0,23,61.1,21.0,41.4,59.9,52.8,103.7,19,1715,0.383843222,63.29585919,,,,,,,,,34.7,,28.7,,28.6,,40.55,,77.3,,49.5,,85.2,,34.25,,71.8,,,177660,0.005532869,0.003957061,0.347,0.391908543,1,44.9863392,-93.1794558
USA,Davis,UC Davis,Computer Engineering,Master,2.0,42800,73.5,1700,160,1500,1.0,23,61.1,21.0,41.4,59.9,52.8,103.7,19,1715,0.383843222,63.29585919,,,,,,,,,34.7,,28.7,,28.6,,40.55,,77.3,,49.5,,85.2,,34.25,,71.8,,,90660,0.010842314,0.007754332,0.347,0.689690581,1,38.5337904,-121.7907544
UK,London,University College London,Computer Science,Master,1.0,39200,76.2,1900,485,800,0.79,23,61.1,21.0,41.4,59.9,52.8,103.7,19,1715,0.383843222,63.29585919,,,,,,,,,34.7,,28.7,,28.6,,40.55,,77.3,,49.5,,85.2,,34.25,,71.8,,,42385,0.02319103,0.01658603,0.347,0.854925383,1,51.5242031,-0.1330007
UK,Leeds,University of Leeds,Software Engineering,Bachelor,3.0,28500,65.8,950,485,800,0.79,23,61.1,21.0,41.4,59.9,52.8,103.7,19,1715,0.383843222,63.29585919,82.0,75,United Kingdom,Europe,XL,FC,VH,A,70.5,91,75.9,83,36.4,438,39.8,355,82.5,230,88.5,132,98.8,14,50.9,251,71.8,211=,63.8,89635,0.043099982,0.030824746,0.705,0.693198932,5,53.8057925,-1.555111
UK,Warwick,University of Warwick,Data Science,Master,1.0,36800,67.2,1000,485,800,0.79,23,61.1,21.0,41.4,59.9,52.8,103.7,19,1715,0.383843222,63.29585919,,,,,,,,,34.7,,28.7,,28.6,,40.55,,77.3,,49.5,,85.2,,34.25,,71.8,,,39085,0.02514903,0.017986376,0.347,0.866220564,1,52.3813073,-1.5639569
UK,Sheffield,University of Sheffield,Artificial Intelligence,PhD,3.0,27900,64.5,850,485,800,0.79,23,61.1,21.0,41.4,59.9,52.8,103.7,19,1715,0.383843222,63.29585919,,,,,,,,,34.7,,28.7,,28.6,,40.55,,77.3,,49.5,,85.2,,34.25,,71.8,,,87535,0.01122938,0.008031158,0.347,0.700386774,1,53.3729622,-1.5059315
UK,Birmingham,University of Birmingham,Computer Engineering,Bachelor,3.0,29500,66.8,950,485,800,0.79,23,61.1,21.0,41.4,59.9,52.8,103.7,19,1715,0.383843222,63.29585919,80.0,84,United Kingdom,Europe,XL,FC,VH,A,68.9,94,69.0,105,39.0,402,40.5,348,92.6,171,89.3,127,97.5,31,44.5,285,96.8,35,64.1,92635,0.033145861,0.023705642,0.689,0.682930586,5,52.4522956,-1.9312857
UK,Southampton,University of Southampton,Cybersecurity,Master,1.0,32400,65.9,900,485,800,0.79,23,61.1,21.0,41.4,59.9,52.8,103.7,19,1715,0.383843222,63.29585919,80.0,81,United Kingdom,Europe,L,FC,VH,A,50.1,161,44.3,208,40.7,385,83.4,100,92.5,173,98.0,70,97.1,40,49.2,261,96.9,34,64.1,34585,0.063018562,0.045070348,0.501,0.881623083,5,50.9341804,-1.3974844
UK,Nottingham,University of Nottingham,Computer Science,Bachelor,3.0,28900,64.8,850,485,800,0.79,23,61.1,21.0,41.4,59.9,52.8,103.7,19,1715,0.383843222,63.29585919,108.0,100,United Kingdom,Europe,XL,FC,VH,A,61.1,117,65.8,116,32.8,481,37.6,368,89.4,194,70.5,208,98.0,25,38.0,339,97.0,33,58.5,90535,0.027617743,0.019751978,0.611,0.690118428,4,52.9387428,-1.2002957
UK,Cardiff,Cardiff University,Software Development,Master,1.0,31200,64.2,800,485,800,0.79,23,61.1,21.0,41.4,59.9,52.8,103.7,19,1715,0.383843222,63.29585919,186.0,154,United Kingdom,Europe,L,FC,VH,A,46.8,171,43.2,213,36.1,441,30.0,437,82.8,229,67.7,219,92.3,132,18.9,584,96.0,46=,47.6,33285,0.024529232,0.017543101,0.468,0.8860727,4,51.4887426,-3.1795999
UK,Belfast,Queen's University Belfast,Computing Systems,Bachelor,3.0,27500,63.5,750,485,800,0.79,23,61.1,21.0,41.4,59.9,52.8,103.7,19,1715,0.383843222,63.29585919,206.0,202,United Kingdom,Europe,L,FC,VH,A,35.4,249,33.6,279,28.6,543,40.6,345,100.0,74,98.2,67,92.8,124,9.9,701+,88.9,103=,45.7,86035,0.003866289,0.002765137,0.354,0.705520947,3,54.5842881,-5.9336562
UK,Newcastle,Newcastle University,Data Analytics,Master,1.0,30800,64.6,800,485,800,0.79,23,61.1,21.0,41.4,59.9,52.8,103.7,19,1715,0.383843222,63.29585919,129.0,110,United Kingdom,Europe,L,FC,VH,A,50.0,164,59.3,137,39.2,399,38.7,362,89.5,193,68.6,217,97.1,42,31.3,403,97.1,30=,54.5,32885,0.056440126,0.040365505,0.5,0.887441813,4,54.980175,-1.6146802
Canada,Hamilton,McMaster University,Software Engineering,Bachelor,4.0,32500,68.5,1200,235,900,1.35,12,64.8,33.2,49.6,71.2,61.7,103.7,2,50000,11.19076449,63.29585919,176.0,189,Canada,Americas,L,FC,VH,A,39.5,215,34.2,276,63.8,215,35.6,380,96.2,136,56.7,263,82.6,284,49.9,255,91.9,78=,49.0,135935,0.01255429,0.008978723,0.395,0.534724124,4,43.2639397,-79.9178252
Canada,London ON,Western University,Computer Science,Master,2.0,29800,65.8,1100,235,900,1.35,12,64.8,33.2,49.6,71.2,61.7,103.7,2,50000,11.19076449,63.29585919,120.0,114,Canada,Americas,XL,FC,VH,A,32.6,270,38.9,243,3.3,701+,93.4,60,99.8,94,49.5,299,81.5,296,96.7,38,99.3,10,55.8,62935,0.059769131,0.042746381,0.326,0.784587212,4,43.0054234,-81.274801
Canada,Halifax,Dalhousie University,Data Science,Master,2.0,28500,64.5,1200,235,900,1.35,12,64.8,33.2,49.6,71.2,61.7,103.7,2,50000,11.19076449,63.29585919,275.0,298,Canada,Americas,L,FC,VH,A,19.4,463,16.7,513,12.9,701+,53.5,239,99.9,86,74.6,189,77.4,369,30.1,416,87.9,109,38.2,60535,0.008303654,0.005938704,0.194,0.792801889,3,44.636201,-63.5919961
Canada,Victoria,University of Victoria,Computer Engineering,Bachelor,4.0,27900,69.2,1300,235,900,1.35,12,64.8,33.2,49.6,71.2,61.7,103.7,2,50000,11.19076449,63.29585919,,,,,,,,,34.7,,28.7,,28.6,,40.55,,77.3,,49.5,,85.2,,34.25,,71.8,,,117935,0.008334817,0.005960991,0.347,0.5963342,1,48.4283182,-123.364953
Canada,Quebec City,Laval University,Artificial Intelligence,Master,2.0,21500,63.8,900,235,900,1.35,12,64.8,33.2,49.6,71.2,61.7,103.7,2,50000,11.19076449,63.29585919,,,,,,,,,34.7,,28.7,,28.6,,40.55,,77.3,,49.5,,85.2,,34.25,,71.8,,,45935,0.021398794,0.015304238,0.347,0.842774507,1,46.7811622,-71.2768002
Canada,Winnipeg,University of Manitoba,Computer Science,Bachelor,4.0,26800,62.5,950,235,900,1.35,12,64.8,33.2,49.6,71.2,61.7,103.7,2,50000,11.19076449,63.29585919,,671-680,Canada,Americas,L,FC,VH,A,13.6,601+,15.9,536,29.6,526,12.0,694,77.3,,43.2,334,73.1,439,32.8,390,16.3,570=,,112135,0.004650781,0.0033262,0.136,0.616186336,1,49.9042395,-97.1617229
Canada,Regina,University of Regina,Software Systems,Bachelor,4.0,25500,61.8,900,235,900,1.35,12,64.8,33.2,49.6,71.2,61.7,103.7,2,50000,11.19076449,63.29585919,,1001-1200,Canada,Americas,L,CO,HI,A,3.3,601+,2.5,601+,3.9,701+,21.0,544,7.3,701+,38.3,365,39.1,701+,4.1,701+,44.6,343=,,106735,9.6e-05,6.87e-05,0.033,0.634669359,1,50.4152275,-104.589
Canada,St. John's,Memorial University,Computer Science,Master,2.0,19800,63.2,950,235,900,1.35,12,64.8,33.2,49.6,71.2,61.7,103.7,2,50000,11.19076449,63.29585919,,,,,,,,,34.7,,28.7,,28.6,,40.55,,77.3,,49.5,,85.2,,34.25,,71.8,,,42635,0.023055047,0.016488777,0.347,0.854069688,1,47.5732831,-52.7351911
Canada,Saskatoon,University of Saskatchewan,Data Analytics,Master,2.0,24500,62.8,1000,235,900,1.35,12,64.8,33.2,49.6,71.2,61.7,103.7,2,50000,11.19076449,63.29585919,340.0,345,Canada,Americas,L,FC,VH,A,11.1,601+,5.3,601+,18.2,701+,57.0,219,77.3,251,49.5,298,82.3,287,32.1,394,90.7,89=,33.2,52135,0.003263196,0.002333811,0.111,0.821553258,2,52.1344194,-106.6277768
Canada,Sherbrooke,Université de Sherbrooke,Computer Engineering,PhD,4.0,20500,61.5,850,235,900,1.35,12,64.8,33.2,49.6,71.2,61.7,103.7,2,50000,11.19076449,63.29585919,,801-850,Canada,Americas,L,FC,HI,A,6.8,601+,4.2,601+,18.8,701+,16.9,604,54.7,341,7.6,701+,43.0,701+,23.4,483,8.0,701+,,86535,0.001135712,0.000812252,0.068,0.703809556,1,45.3771246,-71.9287373
USA,Pittsburgh,Carnegie Mellon,Computer Science,Master,2.0,51200,72.4,1800,160,1500,1.0,23,61.1,21.0,41.4,59.9,52.8,103.7,19,1715,0.383843222,63.29585919,,,,,,,,,34.7,,28.7,,28.6,,40.55,,77.3,,49.5,,85.2,,34.25,,71.8,,,107660,0.009130279,0.006529899,0.347,0.631503286,1,40.4441897,-79.9427192
USA,Urbana-Champaign,UIUC,Computer Science,PhD,5.0,45800,68.5,1400,160,1500,1.0,23,61.1,21.0,41.4,59.9,52.8,103.7,19,1715,0.383843222,63.29585919,,,,,,,,,34.7,,28.7,,28.6,,40.55,,77.3,,49.5,,85.2,,34.25,,71.8,,,237660,0.004136038,0.00295806,0.347,0.186541621,1,40.1092321,-88.2274297
Canada,Calgary,University of Calgary,Software Engineering,Bachelor,4.0,26500,69.2,1300,235,900,1.35,12,64.8,33.2,49.6,71.2,61.7,103.7,2,50000,11.19076449,63.29585919,198.0,182,Canada,Americas,XL,FC,VH,A,37.9,227,44.5,207,18.1,701+,40.3,350,77.7,246,66.2,225,85.2,243,53.3,236,93.3,68=,46.3,112335,0.02111389,0.015100477,0.379,0.61550178,4,51.0750862,-114.1299504
Brazil,Sao Paulo,University of Sao Paulo,Computer Science,Master,2.0,0,48.5,600,160,400,4.95,91,30.2,7.9,19.5,29.5,22.6,37.2,57,24,0.005371567,63.29585919,,,,,,,,,34.7,,28.7,,28.6,,40.55,,77.3,,49.5,,85.2,,34.25,,71.8,,,1760,0.558191369,0.399213788,0.347,0.993975904,1,-23.561048,-46.7277061
Turkey,Istanbul,Bogazici University,Computer Engineering,Bachelor,4.0,1800,42.8,450,100,300,30.5,70,37.4,13.2,25.8,37.6,30.7,49.0,56,36,0.00805735,63.29585919,,,,,,,,,34.7,,28.7,,28.6,,40.55,,77.3,,49.5,,85.2,,34.25,,71.8,,,9400,0.104560685,0.074780926,0.347,0.967825849,1,41.0832733,29.0505009
Russia,Moscow,Moscow State University,Applied Mathematics,Master,2.0,3900,51.2,700,120,350,92.8,89,31.0,10.0,20.9,28.8,28.0,50.6,19,1715,0.383843222,63.29585919,,,,,,,,,34.7,,28.7,,28.6,,40.55,,77.3,,49.5,,85.2,,34.25,,71.8,,,9670,0.101641506,0.072693153,0.347,0.966901698,1,55.7022972,37.5317977
Mexico,Mexico City,UNAM,Computer Engineering,Bachelor,4.0,800,44.6,500,160,400,17.2,60,40.2,15.5,28.4,43.4,35.7,45.4,51,100,0.022381529,63.29585919,,,,,,,,,34.7,,28.7,,28.6,,40.55,,77.3,,49.5,,85.2,,34.25,,71.8,,,5760,0.170625759,0.122030113,0.347,0.980284775,1,19.321597,-99.1849259
Greece,Athens,National Technical University,Software Engineering,Master,2.0,2500,54.8,550,120,400,0.92,35,52.0,12.9,33.2,48.4,51.3,53.0,66,8,0.001790522,63.29585919,,,,,,,,,34.7,,28.7,,28.6,,40.55,,77.3,,49.5,,85.2,,34.25,,71.8,,,6620,0.148463223,0.106179653,0.347,0.977341183,1,37.9878502,23.7318258
Thailand,Bangkok,Chulalongkorn University,Computer Science,Bachelor,4.0,3800,46.5,450,140,300,35.2,79,34.1,11.2,23.1,40.5,18.3,40.8,19,1715,0.383843222,63.29585919,229.0,211,Thailand,Asia,XL,FC,VH,A,68.2,97,35.9,261,31.7,499,7.5,701+,18.7,617,3.0,701+,79.6,331,93.6,60,73.2,198=,43.4,17440,0.192663265,0.137791152,0.682,0.940306681,3,13.7431114,100.5328752
UAE,Dubai,American University in Dubai,Computer Science,Bachelor,4.0,29500,72.4,1200,270,800,3.67,23,61.1,21.0,41.4,59.9,52.8,103.7,19,1715,0.383843222,63.29585919,,601-610,United Arab Emirates,Asia,S,FO,HI,C,10.3,601+,16.9,506,25.2,590,1.9,701+,100.0,81,100.0,2,4.5,701+,41.3,310,1.0,701+,,123870,0.005634652,0.004029856,0.103,0.576019989,1,25.0915256,55.1557082
USA,New York,Columbia University,Data Science,Master,2.0,52800,100.0,2500,160,1500,1.0,23,61.1,21.0,41.4,59.9,52.8,103.7,19,1715,0.383843222,63.29585919,34.0,23,United States,Americas,XL,FC,VH,B,99.6,12,98.8,15,100.0,16,31.7,417,41.5,413,97.0,79,98.5,19,99.9,9,71.8,211=,82.0,112260,0.087921184,0.062880494,0.996,0.615758488,5,40.8071816,-73.9614833
USA,Ithaca,Cornell University,Computer Science,PhD,5.0,49800,70.5,1600,160,1500,1.0,23,61.1,21.0,41.4,59.9,52.8,103.7,19,1715,0.383843222,63.29585919,16.0,13,United States,Americas,L,FC,VH,B,98.3,25,93.1,42,52.7,289,97.5,43,54.2,347,63.4,237,94.0,99,97.1,34,72.1,208=,87.9,258660,0.034949258,0.024995416,0.983,0.114663198,5,42.4529076,-76.4800842
China,Shenzhen,SUSTech,Artificial Intelligence,Master,2.0,8200,58.4,800,140,400,7.18,85,31.7,12.3,22.4,36.8,20.6,73.3,6,16694,3.736372447,83.9784063,,,,,,,,,34.7,,28.7,,28.6,,40.55,,77.3,,49.5,,85.2,,34.25,,71.8,,,18540,0.053016288,0.037916805,0.347,0.936541621,1,22.5986057,113.9986027
South Africa,Cape Town,University of Cape Town,Computer Science,Bachelor,3.0,5900,49.2,600,140,400,18.72,78,34.5,11.5,23.5,29.7,29.5,102.8,19,1715,0.383843222,63.29585919,171.0,173,South Africa,Africa,L,FC,VH,A,45.2,185,51.8,170,13.8,701+,46.8,294,56.5,335,19.2,563,97.3,36,95.8,46,95.6,50=,50.0,20040,0.24761439,0.177091737,0.452,0.931407448,4,-33.9567558,18.4675777
Egypt,Cairo,American University in Cairo,Computer Engineering,Bachelor,4.0,19800,38.4,450,130,350,30.9,119,21.0,3.7,12.7,21.2,16.2,20.0,50,110,0.024619682,63.29585919,,,,,,,,,34.7,,28.7,,28.6,,40.55,,77.3,,49.5,,85.2,,34.25,,71.8,,,81480,0.012063855,0.008627968,0.347,0.72111172,1,30.0428118,31.2365859
Argentina,Buenos Aires,University of Buenos Aires,Software Engineering,Bachelor,5.0,0,42.6,400,150,300,821.5,98,29.4,7.6,18.9,29.7,24.8,41.5,19,1715,0.383843222,63.29585919,,,,,,,,,34.7,,28.7,,28.6,,40.55,,77.3,,49.5,,85.2,,34.25,,71.8,,,2450,0.401050592,0.286828022,0.347,0.991614184,1,-34.6095579,-58.3887904
Indonesia,Jakarta,University of Indonesia,Information Systems,Bachelor,4.0,4200,45.8,500,130,300,15640.0,107,26.7,7.7,17.6,33.4,13.5,31.7,60,18,0.004028675,63.29585919,,,,,,,,,34.7,,28.7,,28.6,,40.55,,77.3,,49.5,,85.2,,34.25,,71.8,,,19230,0.051114087,0.036556366,0.347,0.934179901,1,-6.1964623,106.8492296
Saudi Arabia,Riyadh,King Saud University,Computer Science,Master,2.0,7800,52.4,800,250,600,3.75,48,45.3,11.3,29.0,41.6,30.9,134.9,31,850,0.190242996,63.29585919,200.0,203,Saudi Arabia,Asia,XL,FC,VH,A,39.4,216,28.7,332,54.3,281,40.0,354,99.4,98,15.0,622,95.1,75,99.0,17,33.0,420=,46.2,18050,0.157404022,0.112574037,0.394,0.938218784,4,24.7248229,46.6233911
Nigeria,Lagos,University of Lagos,Computer Engineering,Bachelor,4.0,2500,40.2,400,180,300,860.2,86,31.4,22.1,27.0,37.5,20.6,11.0,19,1715,0.383843222,63.29585919,,1401+,Nigeria,Africa,XL,CO,HI,,8.4,601+,7.5,601+,2.2,701+,2.6,701+,77.3,,49.5,,34.0,701+,87.6,91,1.3,701+,,12080,0.054382915,0.038894205,0.084,0.958652793,1,6.5120272,3.3935314
Vietnam,Ho Chi Minh City,HCMUT,Software Engineering,Bachelor,4.0,3200,43.6,450,120,250,24450.0,103,28.7,9.0,19.2,33.9,14.8,40.5,19,1715,0.383843222,63.29585919,,,,,,,,,34.7,,28.7,,28.6,,40.55,,77.3,,49.5,,85.2,,34.25,,71.8,,,14970,0.065658607,0.046958485,0.347,0.948760953,1,10.7755254,106.7021047
Netherlands,Eindhoven,TU Eindhoven,Computer Science,Master,2.0,15600,69.8,950,180,720,0.92,18,63.1,33.5,48.9,59.9,61.2,124.9,19,1715,0.383843222,63.29585919,,,,,,,,,34.7,,28.7,,28.6,,40.55,,77.3,,49.5,,85.2,,34.25,,71.8,,,34000,0.028910179,0.020676318,0.347,0.883625411,1,51.451447,5.4843212
Netherlands,Enschede,University of Twente,Artificial Intelligence,Bachelor,3.0,11200,65.4,750,180,720,0.92,18,63.1,33.5,48.9,59.9,61.2,124.9,19,1715,0.383843222,63.29585919,233.0,210,Netherlands,Europe,M,CO,VH,A,20.7,424,32.0,294,43.3,362,61.3,193,100.0,83,90.4,119,87.6,202,20.0,562,13.8,603,42.7,36750,0.017414492,0.012454699,0.207,0.87421276,3,52.2425267,6.8567575
Netherlands,Groningen,University of Groningen,Computing Science,Master,2.0,14800,66.8,800,180,720,0.92,18,63.1,33.5,48.9,59.9,61.2,124.9,19,1715,0.383843222,63.29585919,159.0,139,Netherlands,Europe,XL,FC,VH,A,52.3,156,34.4,275,49.3,318,41.2,339,93.2,168,83.5,161,94.1,97,40.0,319,40.1,368,51.3,32100,0.042864708,0.03065648,0.523,0.890128697,4,53.2194416,6.5629863
Netherlands,Maastricht,Maastricht University,Data Science,Bachelor,3.0,11500,67.2,850,180,720,0.92,18,63.1,33.5,48.9,59.9,61.2,124.9,19,1715,0.383843222,63.29585919,,,,,,,,,34.7,,28.7,,28.6,,40.55,,77.3,,49.5,,85.2,,34.25,,71.8,,,37950,0.025901162,0.018524294,0.347,0.870105422,1,50.8472117,5.6859518
Netherlands,Nijmegen,Radboud University,Software Science,Master,2.0,14500,66.5,800,180,720,0.92,18,63.1,33.5,48.9,59.9,61.2,124.9,19,1715,0.383843222,63.29585919,,,,,,,,,34.7,,28.7,,28.6,,40.55,,77.3,,49.5,,85.2,,34.25,,71.8,,,31500,0.031204565,0.022317243,0.347,0.892182366,1,51.8215173,5.8634209
Netherlands,Tilburg,Tilburg University,Information Systems,Bachelor,3.0,11300,65.8,750,180,720,0.92,18,63.1,33.5,48.9,59.9,61.2,124.9,19,1715,0.383843222,63.29585919,347.0,371,Netherlands,Europe,L,SP,VH,A,14.7,594,32.5,291,10.5,701+,55.1,229,98.4,114,60.6,245,56.8,667,14.3,685,15.2,590=,32.8,37050,0.012543521,0.008971021,0.147,0.873185926,2,51.5630608,5.0435985
Netherlands,Utrecht,Utrecht University,Game Technology,Master,2.0,15200,70.2,1000,180,720,0.92,18,63.1,33.5,48.9,59.9,61.2,124.9,19,1715,0.383843222,63.29585919,105.0,107,Netherlands,Europe,XL,FC,VH,A,66.5,103,38.8,244,31.0,508,79.5,112,55.7,337,19.4,559,97.3,37,54.7,228,61.9,258=,59.1,33300,0.063732621,0.045581036,0.665,0.886021358,4,52.1592134,5.3799549
Netherlands,Leiden,Leiden University,Computer Engineering,Bachelor,3.0,11400,69.5,950,180,720,0.92,18,63.1,33.5,48.9,59.9,61.2,124.9,19,1715,0.383843222,63.29585919,141.0,126,Netherlands,Europe,XL,FC,VH,A,68.4,95,32.9,288,21.3,649,54.5,234,85.0,220,51.7,284,95.2,72,48.8,263,25.5,488=,53.6,37950,0.042305078,0.030256237,0.684,0.870105422,4,52.1686355,4.4597028
Netherlands,Wageningen,Wageningen University,Bioinformatics,Master,2.0,14900,65.2,750,180,720,0.92,18,63.1,33.5,48.9,59.9,61.2,124.9,19,1715,0.383843222,63.29585919,,,,,,,,,34.7,,28.7,,28.6,,40.55,,77.3,,49.5,,85.2,,34.25,,71.8,,,32200,0.030526226,0.021832101,0.347,0.889786418,1,51.985445,5.663212
Netherlands,Amsterdam,VU Amsterdam,Business Analytics,Master,2.0,15400,73.5,1100,180,720,0.92,18,63.1,33.5,48.9,59.9,61.2,124.9,19,1715,0.383843222,63.29585919,,,,,,,,,34.7,,28.7,,28.6,,40.55,,77.3,,49.5,,85.2,,34.25,,71.8,,,33900,0.028995457,0.020737308,0.347,0.883967689,1,52.3340539,4.8651882
Singapore,Singapore,Nanyang Technological University,Computer Science,Bachelor,4.0,32500,81.1,1500,90,800,1.34,4,76.7,67.2,72.1,74.6,50.4,111.1,19,1715,0.383843222,63.29585919,,,,,,,,,34.7,,28.7,,28.6,,40.55,,77.3,,49.5,,85.2,,34.25,,71.8,,,136890,0.007180713,0.005135586,0.347,0.531455367,1,1.3484104,103.6829332
Singapore,Singapore,Singapore Management University,Information Systems,Bachelor,4.0,31800,81.1,1500,90,800,1.34,4,76.7,67.2,72.1,74.6,50.4,111.1,19,1715,0.383843222,63.29585919,585.0,545,Singapore,Asia,M,SP,VH,A,12.3,601+,14.2,578,10.2,701+,18.8,572,100.0,46,58.9,251,20.8,701+,27.1,443,26.3,478=,21.2,134090,0.002869842,0.002052487,0.123,0.541039157,1,1.296168,103.8500437
Singapore,Singapore,SUTD,Computer Science & Design,Bachelor,4.0,31200,81.1,1500,90,800,1.34,4,76.7,67.2,72.1,74.6,50.4,111.1,19,1715,0.383843222,63.29585919,,,,,,,,,34.7,,28.7,,28.6,,40.55,,77.3,,49.5,,85.2,,34.25,,71.8,,,131690,0.007464253,0.005338371,0.347,0.549253834,1,1.3420133,103.965337
Singapore,Singapore,SIT,Software Engineering,Bachelor,4.0,29800,81.1,1500,90,800,1.34,4,76.7,67.2,72.1,74.6,50.4,111.1,19,1715,0.383843222,63.29585919,,,,,,,,,34.7,,28.7,,28.6,,40.55,,77.3,,49.5,,85.2,,34.25,,71.8,,,126090,0.007795759,0.005575461,0.347,0.568421413,1,1.4123197,103.9094621
Singapore,Singapore,NUS,Artificial Intelligence,Master,2.0,35600,81.1,1500,90,800,1.34,4,76.7,67.2,72.1,74.6,50.4,111.1,19,1715,0.383843222,63.29585919,,,,,,,,,34.7,,28.7,,28.6,,40.55,,77.3,,49.5,,85.2,,34.25,,71.8,,,75090,0.01309045,0.00936218,0.347,0.742983297,1,1.2962018,103.7768977
Singapore,Singapore,NTU,Data Science & AI,Master,2.0,34900,81.1,1500,90,800,1.34,4,76.7,67.2,72.1,74.6,50.4,111.1,19,1715,0.383843222,63.29585919,,,,,,,,,34.7,,28.7,,28.6,,40.55,,77.3,,49.5,,85.2,,34.25,,71.8,,,73690,0.013339146,0.009540045,0.347,0.747775192,1,1.3484104,103.6829332
Singapore,Singapore,SUTD,Technology & Innovation,Master,2.0,33800,81.1,1500,90,800,1.34,4,76.7,67.2,72.1,74.6,50.4,111.1,19,1715,0.383843222,63.29585919,,,,,,,,,34.7,,28.7,,28.6,,40.55,,77.3,,49.5,,85.2,,34.25,,71.8,,,71490,0.013749633,0.009833622,0.347,0.755305312,1,1.3420133,103.965337
Singapore,Singapore,SMU,Computing & Innovation,Master,2.0,34200,81.1,1500,90,800,1.34,4,76.7,67.2,72.1,74.6,50.4,111.1,19,1715,0.383843222,63.29585919,,,,,,,,,34.7,,28.7,,28.6,,40.55,,77.3,,49.5,,85.2,,34.25,,71.8,,,72290,0.013597474,0.0097248,0.347,0.752567087,1,1.296168,103.8500437
Singapore,Singapore,NUS,Computer Engineering,PhD,4.0,38500,81.1,1500,90,800,1.34,4,76.7,67.2,72.1,74.6,50.4,111.1,19,1715,0.383843222,63.29585919,,,,,,,,,34.7,,28.7,,28.6,,40.55,,77.3,,49.5,,85.2,,34.25,,71.8,,,160890,0.006109571,0.004369514,0.347,0.449308598,1,1.2962018,103.7768977
Singapore,Singapore,NTU,Digital Systems & AI,PhD,4.0,37900,81.1,1500,90,800,1.34,4,76.7,67.2,72.1,74.6,50.4,111.1,19,1715,0.383843222,63.29585919,,,,,,,,,34.7,,28.7,,28.6,,40.55,,77.3,,49.5,,85.2,,34.25,,71.8,,,158490,0.006202087,0.004435681,0.347,0.457523275,1,1.3484104,103.6829332
France,Paris,École Polytechnique,Computer Science,Master,2.0,15600,74.6,1500,99,650,0.92,15,63.7,21.0,43.2,69.5,56.3,102.4,11,5000,1.119076449,63.29585919,,,,,,,,,34.7,,28.7,,28.6,,40.55,,77.3,,49.5,,85.2,,34.25,,71.8,,,34949,0.028125179,0.020114892,0.347,0.880377191,1,48.846451,2.3499292
France,Toulouse,INSA Toulouse,Software Engineering,Bachelor,3.0,4200,65.8,750,99,650,0.92,15,63.7,21.0,43.2,69.5,56.3,102.4,11,5000,1.119076449,63.29585919,,,,,,,,,34.7,,28.7,,28.6,,40.55,,77.3,,49.5,,85.2,,34.25,,71.8,,,15599,0.063011218,0.045065095,0.347,0.946608023,1,43.5695982,1.4684402
France,Lyon,École Normale Supérieure Lyon,Data Science,Master,2.0,4800,68.5,850,99,650,0.92,15,63.7,21.0,43.2,69.5,56.3,102.4,11,5000,1.119076449,63.29585919,,,,,,,,,34.7,,28.7,,28.6,,40.55,,77.3,,49.5,,85.2,,34.25,,71.8,,,12049,0.081574689,0.058341534,0.347,0.958758899,1,45.7297811,4.8265819
France,Grenoble,Grenoble INP,Artificial Intelligence,Master,2.0,4500,66.4,800,99,650,0.92,15,63.7,21.0,43.2,69.5,56.3,102.4,11,5000,1.119076449,63.29585919,,,,,,,,,34.7,,28.7,,28.6,,40.55,,77.3,,49.5,,85.2,,34.25,,71.8,,,11349,0.086605727,0.06193969,0.347,0.961154847,1,45.1908798,5.7169733
France,Nice,Université Nice Sophia Antipolis,Computer Engineering,Bachelor,3.0,3900,69.2,900,99,650,0.92,15,63.7,21.0,43.2,69.5,56.3,102.4,11,5000,1.119076449,63.29585919,,,,,,,,,34.7,,28.7,,28.6,,40.55,,77.3,,49.5,,85.2,,34.25,,71.8,,,15149,0.064882838,0.046403662,0.347,0.948148275,1,43.7009358,7.2683912
France,Bordeaux,University of Bordeaux,Information Systems,Master,2.0,4200,67.8,850,99,650,0.92,15,63.7,21.0,43.2,69.5,56.3,102.4,11,5000,1.119076449,63.29585919,535.0,465,France,Europe,XL,FO,VH,A,31.3,284,5.5,601+,11.5,701+,17.6,588,27.1,517,23.3,500,92.9,120,16.7,620,20.1,530=,22.9,10849,0.008465438,0.00605441,0.313,0.962866238,1,44.841225,-0.5800364
France,Lille,Université de Lille,Software Development,Bachelor,3.0,3800,65.5,750,99,650,0.92,15,63.7,21.0,43.2,69.5,56.3,102.4,11,5000,1.119076449,63.29585919,,631-640,France,Europe,XL,FO,VH,A,23.5,374,5.5,601+,4.8,701+,14.7,643,14.6,670,15.8,610,93.3,110,4.5,701+,10.9,648=,,14399,0.00171875,0.001229236,0.235,0.950715361,1,50.6285707,3.125956
France,Rennes,INSA Rennes,Cybersecurity,Master,2.0,4500,64.8,700,99,650,0.92,15,63.7,21.0,43.2,69.5,56.3,102.4,11,5000,1.119076449,63.29585919,,,,,,,,,34.7,,28.7,,28.6,,40.55,,77.3,,49.5,,85.2,,34.25,,71.8,,,11149,0.088159193,0.063050716,0.347,0.961839403,1,48.1220353,-1.6355526
France,Strasbourg,University of Strasbourg,Digital Systems,Bachelor,3.0,3900,66.2,800,99,650,0.92,15,63.7,21.0,43.2,69.5,56.3,102.4,11,5000,1.119076449,63.29585919,,,,,,,,,34.7,,28.7,,28.6,,40.55,,77.3,,49.5,,85.2,,34.25,,71.8,,,14849,0.066193603,0.04734111,0.347,0.94917511,1,48.5817042,7.7646555
France,Montpellier,University of Montpellier,Data Engineering,Master,2.0,4100,65.9,750,99,650,0.92,15,63.7,21.0,43.2,69.5,56.3,102.4,11,5000,1.119076449,63.29585919,,,,,,,,,34.7,,28.7,,28.6,,40.55,,77.3,,49.5,,85.2,,34.25,,71.8,,,10449,0.094064593,0.067274209,0.347,0.96423535,1,43.6112422,3.8767337
Switzerland,Lausanne,EPFL,Computer Science,Master,2.0,1460,89.8,1900,88,1200,0.89,1,101.1,46.5,74.9,109.1,97.0,158.7,36,445,0.099597804,63.29585919,26.0,36,Switzerland,Europe,M,FO,VH,A,84.2,56,67.2,111,91.2,80,93.6,57,100.0,28,100.0,14,81.7,291,27.2,440,86.7,114=,83.5,8008,0.228223249,0.163223355,0.842,0.972590361,5,46.5209498,6.5860758
Switzerland,Geneva,University of Geneva,Data Science,Bachelor,3.0,1380,90.5,2000,88,1200,0.89,1,101.1,46.5,74.9,109.1,97.0,158.7,36,445,0.099597804,63.29585919,155.0,128,Switzerland,Europe,L,FC,VH,A,45.5,183,17.2,499,40.4,387,62.4,189,100.0,51,97.6,74,94.2,93,49.5,258,42.3,355=,51.6,11428,0.074494706,0.05327799,0.455,0.960884447,4,46.1985541,6.1509888
Switzerland,Bern,University of Bern,Software Engineering,Master,2.0,1420,85.4,1700,88,1200,0.89,1,101.1,46.5,74.9,109.1,97.0,158.7,36,445,0.099597804,63.29585919,161.0,126,Switzerland,Europe,M,FO,VH,A,29.7,298,16.1,530,45.9,338,99.3,22,100.0,48,38.0,370,93.8,103,30.7,410,52.1,305=,51.2,7528,0.065648825,0.046951489,0.297,0.974233297,4,46.9509726,7.4386841
Switzerland,St. Gallen,University of St. Gallen,Business Informatics,Bachelor,3.0,1440,86.2,1600,88,1200,0.89,1,101.1,46.5,74.9,109.1,97.0,158.7,36,445,0.099597804,63.29585919,,,,,,,,,34.7,,28.7,,28.6,,40.55,,77.3,,49.5,,85.2,,34.25,,71.8,,,10408,0.094435104,0.067539195,0.347,0.964375685,1,47.4300025,9.3722184
Switzerland,Lugano,USI,Artificial Intelligence,Master,2.0,1460,84.5,1500,88,1200,0.89,1,101.1,46.5,74.9,109.1,97.0,158.7,36,445,0.099597804,63.29585919,,,,,,,,,34.7,,28.7,,28.6,,40.55,,77.3,,49.5,,85.2,,34.25,,71.8,,,7208,0.136353863,0.09751914,0.347,0.975328587,1,46.0109126,8.9581205
Switzerland,Fribourg,University of Fribourg,Computer Engineering,Bachelor,3.0,1380,83.8,1400,88,1200,0.89,1,101.1,46.5,74.9,109.1,97.0,158.7,36,445,0.099597804,63.29585919,,,,,,,,,34.7,,28.7,,28.6,,40.55,,77.3,,49.5,,85.2,,34.25,,71.8,,,9628,0.102084848,0.073010228,0.347,0.967045455,1,46.793058,7.157106
Switzerland,Neuchatel,University of Neuchatel,Information Systems,Master,2.0,1420,84.2,1500,88,1200,0.89,1,101.1,46.5,74.9,109.1,97.0,158.7,36,445,0.099597804,63.29585919,,,,,,,,,34.7,,28.7,,28.6,,40.55,,77.3,,49.5,,85.2,,34.25,,71.8,,,7128,0.137883995,0.098613478,0.347,0.97560241,1,46.9895828,6.9292641
Switzerland,Basel,University of Basel,Computational Science,Master,2.0,1440,87.5,1800,88,1200,0.89,1,101.1,46.5,74.9,109.1,97.0,158.7,36,445,0.099597804,63.29585919,131.0,124,Switzerland,Europe,M,FC,VH,A,26.6,331,13.5,601+,61.4,232,94.5,53,100.0,44,85.8,147,89.4,176,69.9,160,44.6,343=,54.3,7768,0.121463509,0.086869683,0.266,0.973411829,4,47.5612651,7.5752961
Switzerland,Lucerne,University of Lucerne,Digital Innovation,Bachelor,3.0,1380,85.8,1600,88,1200,0.89,1,101.1,46.5,74.9,109.1,97.0,158.7,36,445,0.099597804,63.29585919,,,,,,,,,34.7,,28.7,,28.6,,40.55,,77.3,,49.5,,85.2,,34.25,,71.8,,,10228,0.096096881,0.068727684,0.347,0.964991785,1,47.0505452,8.3054682
Switzerland,Winterthur,ZHAW,Data Engineering,Master,2.0,1460,86.4,1700,88,1200,0.89,1,101.1,46.5,74.9,109.1,97.0,158.7,36,445,0.099597804,63.29585919,,,,,,,,,34.7,,28.7,,28.6,,40.55,,77.3,,49.5,,85.2,,34.25,,71.8,,,7608,0.129185833,0.092392625,0.347,0.973959474,1,47.4968435,8.7298072
Denmark,Copenhagen,University of Copenhagen,Computer Science,Master,2.0,8800,83.2,1500,110,600,0.15,7,72.3,26.4,50.2,64.8,81.3,127.2,42,274,0.061325389,63.29585919,100.0,107,Denmark,Europe,XL,FC,VH,A,74.0,83,31.6,299,99.8,27,23.1,519,84.9,221,15.6,613,98.2,22,90.8,72,73.2,198=,59.6,21310,0.13463845,0.096292291,0.74,0.927060515,5,55.6801502,12.572327
Denmark,Aarhus,Aarhus University,Data Science,Master,2.0,8600,77.4,1200,110,600,0.15,7,72.3,26.4,50.2,64.8,81.3,127.2,42,274,0.061325389,63.29585919,144.0,143,Denmark,Europe,L,FC,VH,A,54.7,144,27.6,349,30.8,509,63.8,177,89.8,192,11.9,682,96.1,54,69.5,162,76.4,176=,53.3,20310,0.094441436,0.067543723,0.547,0.930483297,4,56.1670905,10.2026177
Denmark,Aalborg,Aalborg University,Software Engineering,Master,2.0,8400,75.1,1000,110,600,0.15,7,72.3,26.4,50.2,64.8,81.3,127.2,42,274,0.061325389,63.29585919,306.0,336,Denmark,Europe,L,FC,VH,A,19.9,450,20.8,439,25.5,580,53.2,241,77.3,250,14.9,627,92.1,134,23.3,486,75.6,183,35.7,19510,0.024839321,0.017764874,0.199,0.933221522,2,57.0159071,9.9753082
China,Beijing,Tsinghua University,Computer Science,Master,3.0,8900,51.2,800,140,400,7.15,85,31.7,12.3,22.4,36.8,20.6,73.3,6,16694,3.736372447,83.9784063,20.0,25,China (Mainland),Asia,XL,FC,VH,A,99.2,16,97.7,22,95.0,62,99.1,26,18.1,623,13.4,654,79.2,337,92.3,68,40.4,363=,86.5,29640,0.304230964,0.217583435,0.992,0.89854874,5,40.0022905,116.320963
China,Beijing,Peking University,Data Science,Master,3.0,8500,51.2,750,140,400,7.15,85,31.7,12.3,22.4,36.8,20.6,73.3,6,16694,3.736372447,83.9784063,14.0,17,China (Mainland),Asia,XL,FC,VH,A,99.5,13,96.6,28,92.6,75,97.7,40,50.3,365,23.6,497,79.8,329,94.2,56,46.9,330=,88.5,28290,0.321647167,0.230039358,0.995,0.903169496,5,40.1733654,116.15722
China,Shanghai,Fudan University,Software Engineering,Master,2.5,7800,48.9,700,140,400,7.15,85,31.7,12.3,22.4,36.8,20.6,73.3,6,16694,3.736372447,83.9784063,39.0,50,China (Mainland),Asia,XL,FC,VH,A,85.7,54,87.8,55,79.7,140,80.7,107,88.4,201,35.1,390,67.2,519,64.4,183,82.7,142,80.3,21790,0.259479602,0.185577636,0.857,0.925417579,5,31.3011748,121.4974703
China,Shanghai,Shanghai Jiao Tong University,Artificial Intelligence,Master,2.5,8200,48.9,720,140,400,7.15,85,31.7,12.3,22.4,36.8,20.6,73.3,6,16694,3.736372447,83.9784063,45.0,51,China (Mainland),Asia,XL,FC,VH,A,84.0,57,86.3,62,58.6,251,99.6,17,23.1,558,19.6,553,73.7,424,73.5,144,80.3,154,77.8,22840,0.277704566,0.198611978,0.84,0.921823658,5,31.2008912,121.4283949
China,Hangzhou,Zhejiang University,Computer Engineering,Master,3.0,7500,45.3,550,140,400,7.15,85,31.7,12.3,22.4,36.8,20.6,73.3,6,16694,3.736372447,83.9784063,47.0,44,China (Mainland),Asia,XL,FC,VH,A,75.3,79,95.4,32,54.7,277,99.5,19,95.0,149,15.9,608,91.8,138,55.5,224,30.7,440=,77.1,24690,0.214438459,0.153364589,0.753,0.915491512,5,30.2310563,120.0364832
China,Nanjing,Nanjing University,Information Technology,Master,3.0,7200,44.1,500,140,400,7.15,85,31.7,12.3,22.4,36.8,20.6,73.3,6,16694,3.736372447,83.9784063,145.0,141,China (Mainland),Asia,XL,FC,VH,A,57.1,135,32.5,290,35.6,443,93.0,63,61.9,317,7.6,701+,67.1,520,29.0,430,16.5,567=,53.0,23640,0.03986718,0.028512673,0.571,0.919085433,4,32.0565957,118.7740883
China,Guangzhou,Sun Yat-sen University,Computer Science,Master,3.0,6900,43.8,480,140,400,7.15,85,31.7,12.3,22.4,36.8,20.6,73.3,6,16694,3.736372447,83.9784063,331.0,323,China (Mainland),Asia,XL,FC,VH,A,31.8,278,28.8,329,46.4,329,49.5,269,2.2,701+,3.6,701+,77.4,370,21.4,536,15.9,581=,33.7,22680,0.027173405,0.019434192,0.318,0.922371303,2,23.0996034,113.2923509
China,Wuhan,Wuhan University,Software Engineering,Master,3.0,6500,41.2,450,140,400,7.15,85,31.7,12.3,22.4,36.8,20.6,73.3,6,16694,3.736372447,83.9784063,194.0,194,China (Mainland),Asia,XL,FC,VH,A,39.2,218,40.5,233,14.0,701+,91.9,69,39.2,423,4.9,701+,78.2,356,46.5,275,22.2,513=,46.7,21390,0.088039362,0.062965014,0.392,0.926786692,4,30.5373581,114.361517
China,Xi'an,Xi'an Jiaotong University,Data Science,Master,3.0,6300,40.5,420,140,400,7.15,85,31.7,12.3,22.4,36.8,20.6,73.3,6,16694,3.736372447,83.9784063,,,,,,,,,34.7,,28.7,,28.6,,40.55,,77.3,,49.5,,85.2,,34.25,,71.8,,,20700,0.047484421,0.03396046,0.347,0.929148412,1,34.261004,108.9423363
China,Chengdu,Sichuan University,Computer Engineering,Master,3.0,6100,39.8,400,140,400,7.15,85,31.7,12.3,22.4,36.8,20.6,73.3,6,16694,3.736372447,83.9784063,336.0,355,China (Mainland),Asia,XL,FC,VH,A,20.4,433,12.3,601+,10.3,701+,98.5,32,7.1,701+,4.9,701+,71.3,463,12.9,701+,11.0,644=,33.3,20040,0.00791727,0.005662365,0.204,0.931407448,2,30.6335392,104.0815556
South Korea,Seoul,Seoul National University,Computer Science,Master,2.0,7200,85.1,950,90,800,1300.0,24,60.1,16.0,38.9,81.4,31.4,109.4,19,1715,0.383843222,63.29585919,31.0,41,South Korea,Asia,L,FC,VH,A,98.5,20,98.6,16,83.1,117,71.7,151,10.5,701+,16.9,586,73.2,435,100.0,4,96.0,46=,82.3,17190,0.57355593,0.410202394,0.985,0.941162377,5,37.4670085,126.949073
South Korea,Seoul,Korea University,Artificial Intelligence,Master,2.0,7000,85.1,920,90,800,1300.0,24,60.1,16.0,38.9,81.4,31.4,109.4,19,1715,0.383843222,63.29585919,67.0,79,South Korea,Asia,L,FC,VH,B,78.2,72,93.8,40,73.0,178,45.0,308,15.2,665,45.7,321,65.7,547,89.0,81,85.2,124=,69.0,16730,0.498965991,0.356856295,0.782,0.942736857,5,37.5879631,127.0323459
South Korea,Seoul,Yonsei University,Data Science,Master,2.0,6900,85.1,900,90,800,1300.0,24,60.1,16.0,38.9,81.4,31.4,109.4,19,1715,0.383843222,63.29585919,56.0,76,South Korea,Asia,L,FC,VH,B,81.5,67,97.0,25,84.2,112,44.1,312,20.7,590,51.2,287,78.7,343,87.8,88,88.9,103=,72.9,16490,0.51643927,0.369353037,0.815,0.943558324,5,37.567836,126.9393747
South Korea,Seoul,Hanyang University,Software Engineering,Master,2.0,6500,85.1,850,90,800,1300.0,24,60.1,16.0,38.9,81.4,31.4,109.4,19,1715,0.383843222,63.29585919,162.0,164,South Korea,Asia,L,FC,VH,B,43.0,199,78.0,81,77.1,153,28.5,458,17.4,636,57.6,257,63.0,584,43.3,295,85.8,121=,51.1,15590,0.216624976,0.154928367,0.43,0.946638828,4,37.5557274,127.0436837
South Korea,Seoul,Sungkyunkwan University,Computer Engineering,Master,2.0,6400,85.1,840,90,800,1300.0,24,60.1,16.0,38.9,81.4,31.4,109.4,19,1715,0.383843222,63.29585919,,,,,,,,,34.7,,28.7,,28.6,,40.55,,77.3,,49.5,,85.2,,34.25,,71.8,,,15370,0.063949971,0.045736483,0.347,0.94739184,1,37.5870459,126.9906264
South Korea,Daejeon,KAIST,Robotics Engineering,Master,2.0,6800,75.4,700,90,800,1300.0,24,60.1,16.0,38.9,81.4,31.4,109.4,19,1715,0.383843222,63.29585919,,,,,,,,,34.7,,28.7,,28.6,,40.55,,77.3,,49.5,,85.2,,34.25,,71.8,,,15890,0.061857341,0.044239852,0.347,0.945611993,1,36.3698812,127.3623793
South Korea,Daejeon,Chungnam National University,Information Systems,Master,2.0,5900,75.4,650,90,800,1300.0,24,60.1,16.0,38.9,81.4,31.4,109.4,19,1715,0.383843222,63.29585919,,851-900,South Korea,Asia,L,FC,VH,A,8.8,601+,7.8,601+,46.3,334,10.7,701+,7.2,701+,9.2,701+,32.7,701+,5.0,701+,25.7,483=,,13990,0.002787506,0.001993601,0.088,0.952115279,1,36.3699984,127.3448268
South Korea,Busan,Pusan National University,Computer Science,Master,2.0,5800,73.2,600,90,800,1300.0,24,60.1,16.0,38.9,81.4,31.4,109.4,19,1715,0.383843222,63.29585919,524.0,611-620,South Korea,Asia,L,FC,VH,A,18.7,482,16.5,516,43.5,359,19.5,562,10.5,701+,13.7,646,57.7,657,13.8,700,65.0,241=,23.4,13690,0.016631364,0.011894612,0.187,0.953142114,1,35.2343498,129.0784068
South Korea,Busan,Dong-A University,Software Engineering,Master,2.0,5600,73.2,580,90,800,1300.0,24,60.1,16.0,38.9,81.4,31.4,109.4,19,1715,0.383843222,63.29585919,,,,,,,,,34.7,,28.7,,28.6,,40.55,,77.3,,49.5,,85.2,,34.25,,71.8,,,13250,0.074181194,0.053053768,0.347,0.954648138,1,35.1127425,128.9642171
South Korea,Daegu,Kyungpook National University,Data Analytics,Master,2.0,5500,71.8,550,90,800,1300.0,24,60.1,16.0,38.9,81.4,31.4,109.4,19,1715,0.383843222,63.29585919,516.0,520,South Korea,Asia,L,FC,VH,A,11.1,601+,16.7,514,66.9,196,20.5,551,11.1,701+,25.7,470,52.0,701+,10.6,701+,60.6,266=,23.6,12990,0.013626357,0.009745456,0.111,0.955538061,1,35.8905697,128.6108553
South Korea,Daegu,Yeungnam University,Computer Engineering,Master,2.0,5400,71.8,530,90,800,1300.0,24,60.1,16.0,38.9,81.4,31.4,109.4,19,1715,0.383843222,63.29585919,,,,,,,,,34.7,,28.7,,28.6,,40.55,,77.3,,49.5,,85.2,,34.25,,71.8,,,12750,0.077090032,0.055134145,0.347,0.956359529,1,35.8444171,128.5885906
South Korea,Gwangju,Chonnam National University,Information Technology,Master,2.0,5300,70.5,520,90,800,1300.0,24,60.1,16.0,38.9,81.4,31.4,109.4,19,1715,0.383843222,63.29585919,,851-900,South Korea,Asia,L,FC,VH,A,9.3,601+,4.7,601+,45.4,341,12.4,682,9.0,701+,7.3,701+,28.5,701+,4.7,701+,44.3,348=,,12530,0.001762828,0.00126076,0.093,0.957112541,1,35.1769099,126.9068927
South Korea,Gwangju,Chosun University,Computer Science,Master,2.0,5200,70.5,500,90,800,1300.0,24,60.1,16.0,38.9,81.4,31.4,109.4,19,1715,0.383843222,63.29585919,,,,,,,,,34.7,,28.7,,28.6,,40.55,,77.3,,49.5,,85.2,,34.25,,71.8,,,12290,0.079975185,0.057197582,0.347,0.957934009,1,35.1412134,126.9303491
South Korea,Ulsan,Ulsan National Institute of Science and Technology,AI Engineering,Master,2.0,6100,72.3,580,90,800,1300.0,24,60.1,16.0,38.9,81.4,31.4,109.4,19,1715,0.383843222,63.29585919,,,,,,,,,34.7,,28.7,,28.6,,40.55,,77.3,,49.5,,85.2,,34.25,,71.8,,,14250,0.068975861,0.049330958,0.347,0.951225356,1,35.5737484,129.1897266
South Korea,Ulsan,University of Ulsan,Software Systems,Master,2.0,5100,72.3,550,90,800,1300.0,24,60.1,16.0,38.9,81.4,31.4,109.4,19,1715,0.383843222,63.29585919,,,,,,,,,34.7,,28.7,,28.6,,40.55,,77.3,,49.5,,85.2,,34.25,,71.8,,,12190,0.080631203,0.057666761,0.347,0.958276287,1,35.5737484,129.1897266
South Korea,Pohang,POSTECH,Computer Engineering,Master,2.0,6300,71.2,570,90,800,1300.0,24,60.1,16.0,38.9,81.4,31.4,109.4,19,1715,0.383843222,63.29585919,,,,,,,,,34.7,,28.7,,28.6,,40.55,,77.3,,49.5,,85.2,,34.25,,71.8,,,14630,0.067184403,0.048049722,0.347,0.949924699,1,36.0180795,129.3208556
South Korea,Incheon,Incheon National University,Data Science,Master,2.0,5000,76.4,600,90,800,1300.0,24,60.1,16.0,38.9,81.4,31.4,109.4,19,1715,0.383843222,63.29585919,,,,,,,,,34.7,,28.7,,28.6,,40.55,,77.3,,49.5,,85.2,,34.25,,71.8,,,12090,0.081298073,0.0581437,0.347,0.958618565,1,37.3751446,126.6323645
South Korea,Suwon,Sungkyunkwan University (Suwon),Computer Systems,Master,2.0,5900,77.8,650,90,800,1300.0,24,60.1,16.0,38.9,81.4,31.4,109.4,19,1715,0.383843222,63.29585919,,,,,,,,,34.7,,28.7,,28.6,,40.55,,77.3,,49.5,,85.2,,34.25,,71.8,,,13990,0.070257666,0.050247694,0.347,0.952115279,1,37.3003187,126.9697911
South Korea,Daejeon,Hanbat National University,Information Security,Master,2.0,4900,75.4,540,90,800,1300.0,24,60.1,16.0,38.9,81.4,31.4,109.4,19,1715,0.383843222,63.29585919,,,,,,,,,34.7,,28.7,,28.6,,40.55,,77.3,,49.5,,85.2,,34.25,,71.8,,,11770,0.083508198,0.059724363,0.347,0.959713855,1,36.3502061,127.3003454
South Korea,Cheongju,Chungbuk National University,Computer Networks,Master,2.0,4800,70.1,520,90,800,1300.0,24,60.1,16.0,38.9,81.4,31.4,109.4,19,1715,0.383843222,63.29585919,,1001-1200,South Korea,Asia,M,FC,VH,A,3.8,601+,2.7,601+,34.1,463,10.3,701+,10.5,701+,7.7,701+,27.4,701+,1.7,701+,15.4,585=,,11530,0.000398057,0.000284687,0.038,0.960535323,1,36.6281688,127.4538403
USA,Stanford,Stanford University,Computer Science,Bachelor,4.0,57000,95.2,2400,160,1500,1.0,23,61.1,21.0,41.4,59.9,52.8,103.7,19,1715,0.383843222,63.29585919,6.0,5,United States,Americas,L,FC,VH,B,100.0,5,100.0,3,100.0,12,99.0,27,70.3,284,60.8,244,96.8,45,100.0,2,81.2,148=,96.1,239260,0.041795362,0.029891692,1.0,0.18106517,5,37.4313138,-122.1693654
USA,Cambridge,MIT,Computer Science,Bachelor,4.0,55800,83.5,2300,160,1500,1.0,23,61.1,21.0,41.4,59.9,52.8,103.7,19,1715,0.383843222,63.29585919,,,,,,,,,34.7,,28.7,,28.6,,40.55,,77.3,,49.5,,85.2,,34.25,,71.8,,,234060,0.004199653,0.003003557,0.347,0.198863636,1,42.3582529,-71.0966272
USA,New Haven,Yale University,Computer Science,Bachelor,4.0,54500,79.8,2100,160,1500,1.0,23,61.1,21.0,41.4,59.9,52.8,103.7,19,1715,0.383843222,63.29585919,23.0,16,United States,Americas,L,FC,VH,B,99.9,9,99.9,7,100.0,3,38.6,363,91.5,181,63.3,238,93.9,100,98.5,21,92.2,76=,85.2,228060,0.043147009,0.030858379,0.999,0.219400329,5,41.3135727,-72.9231731
USA,Princeton,Princeton University,Computer Science,Bachelor,4.0,54000,81.2,2000,160,1500,1.0,23,61.1,21.0,41.4,59.9,52.8,103.7,19,1715,0.383843222,63.29585919,22.0,17,United States,Americas,M,CO,VH,B,99.8,10,98.3,19,57.0,258,100.0,3,9.6,701+,56.6,264,78.3,354,95.7,48,51.5,312,85.5,225660,0.041687797,0.029814763,0.998,0.227615005,5,40.3386752,-74.6583655
USA,Philadelphia,University of Pennsylvania,Computer Science,Bachelor,4.0,53500,82.4,1900,160,1500,1.0,23,61.1,21.0,41.4,59.9,52.8,103.7,19,1715,0.383843222,63.29585919,11.0,12,United States,Americas,L,FC,VH,B,96.3,31,91.9,45,99.8,28,74.0,138,90.9,188,66.2,226,91.9,137,100.0,7,93.0,71,90.3,223260,0.041162585,0.029439136,0.963,0.235829682,5,39.9503945,-75.1946713
USA,Los Angeles,UCLA,Computer Science,Bachelor,4.0,43000,88.7,2200,160,1500,1.0,23,61.1,21.0,41.4,59.9,52.8,103.7,19,1715,0.383843222,63.29585919,,,,,,,,,34.7,,28.7,,28.6,,40.55,,77.3,,49.5,,85.2,,34.25,,71.8,,,182460,0.005387316,0.003852963,0.347,0.375479189,1,34.0708777,-118.4468503
USA,Berkeley,UC Berkeley,Computer Science,Bachelor,4.0,43500,91.5,2300,160,1500,1.0,23,61.1,21.0,41.4,59.9,52.8,103.7,19,1715,0.383843222,63.29585919,,,,,,,,,34.7,,28.7,,28.6,,40.55,,77.3,,49.5,,85.2,,34.25,,71.8,,,184860,0.005317374,0.003802941,0.347,0.367264513,1,37.8754996,-122.2390685
USA,Ann Arbor,University of Michigan,Computer Science,Bachelor,4.0,52000,75.4,1700,160,1500,1.0,23,61.1,21.0,41.4,59.9,52.8,103.7,19,1715,0.383843222,63.29585919,,,,,,,,,34.7,,28.7,,28.6,,40.55,,77.3,,49.5,,85.2,,34.25,,71.8,,,216460,0.004541118,0.00324777,0.347,0.2591046,1,42.2942142,-83.7100389
USA,Austin,University of Texas Austin,Computer Science,Bachelor,4.0,40500,72.8,1800,160,1500,1.0,23,61.1,21.0,41.4,59.9,52.8,103.7,19,1715,0.383843222,63.29585919,,,,,,,,,34.7,,28.7,,28.6,,40.55,,77.3,,49.5,,85.2,,34.25,,71.8,,,170860,0.005753068,0.004114546,0.347,0.415183461,1,30.2711286,-97.7436995
USA,Seattle,University of Washington,Computer Science,Bachelor,4.0,39800,85.6,2000,160,1500,1.0,23,61.1,21.0,41.4,59.9,52.8,103.7,19,1715,0.383843222,63.29585919,76.0,63,United States,Americas,XL,FC,VH,A,81.9,66,55.5,150,28.6,542,78.8,119,11.0,701+,32.8,407,95.6,67,68.7,170,66.5,235,65.3,168860,0.022579814,0.016148894,0.819,0.422029025,5,47.6554303,-122.3001692
USA,Madison,University of Wisconsin-Madison,Computer Science,Bachelor,4.0,37500,71.2,1600,160,1500,1.0,23,61.1,21.0,41.4,59.9,52.8,103.7,19,1715,0.383843222,63.29585919,116.0,102,United States,Americas,XL,FC,VH,A,77.7,74,47.8,193,74.3,170,23.7,513,35.3,454,23.6,498,91.6,149,81.6,116,59.6,269=,57.1,158060,0.024677055,0.017648823,0.777,0.458995071,4,43.0722814,-89.3977663
USA,Urbana,University of Illinois Urbana-Champaign,Computer Science,Bachelor,4.0,36800,70.5,1500,160,1500,1.0,23,61.1,21.0,41.4,59.9,52.8,103.7,19,1715,0.383843222,63.29585919,,,,,,,,,34.7,,28.7,,28.6,,40.55,,77.3,,49.5,,85.2,,34.25,,71.8,,,154860,0.006347466,0.004539655,0.347,0.469947974,1,40.1131564,-88.2247919
USA,Atlanta,Georgia Tech,Computer Science,Bachelor,4.0,33500,76.8,1700,160,1500,1.0,23,61.1,21.0,41.4,59.9,52.8,103.7,19,1715,0.383843222,63.29585919,,,,,,,,,34.7,,28.7,,28.6,,40.55,,77.3,,49.5,,85.2,,34.25,,71.8,,,142460,0.006899959,0.004934793,0.347,0.512390471,1,33.7760948,-84.3988077
USA,Columbus,Ohio State University,Computer Science,Bachelor,4.0,32800,71.4,1400,160,1500,1.0,23,61.1,21.0,41.4,59.9,52.8,103.7,19,1715,0.383843222,63.29585919,,,,,,,,,34.7,,28.7,,28.6,,40.55,,77.3,,49.5,,85.2,,34.25,,71.8,,,138460,0.007099291,0.005077354,0.347,0.526081599,1,40.0056802,-83.0286612
USA,West Lafayette,Purdue University,Computer Science,Bachelor,4.0,31500,68.9,1300,160,1500,1.0,23,61.1,21.0,41.4,59.9,52.8,103.7,19,1715,0.383843222,63.29585919,89.0,99,United States,Americas,XL,FC,VH,A,63.3,107,81.1,71,11.4,701+,54.3,235,79.6,242,45.2,325,92.9,123,63.1,188,90.1,93,61.7,132860,0.038517022,0.027547051,0.633,0.545249179,5,40.430028,-86.9264211
USA,Gainesville,University of Florida,Computer Science,Bachelor,4.0,28500,70.2,1400,160,1500,1.0,23,61.1,21.0,41.4,59.9,52.8,103.7,19,1715,0.383843222,63.29585919,215.0,168,United States,Americas,XL,FC,VH,A,46.7,172,42.3,220,62.9,220,32.1,411,17.8,630,10.3,701+,98.3,21,44.5,286,60.6,266=,44.2,121260,0.015523128,0.011102011,0.467,0.58495345,3,29.6411884,-82.3562296
USA,Tempe,Arizona State University,Computer Science,Bachelor,4.0,28000,72.5,1500,160,1500,1.0,23,61.1,21.0,41.4,59.9,52.8,103.7,19,1715,0.383843222,63.29585919,200.0,179,United States,Americas,XL,CO,VH,A,48.6,165,44.1,209,7.4,701+,47.1,289,52.1,357,37.2,378,95.7,66,23.6,479,96.3,41=,46.2,119660,0.008697571,0.00622043,0.486,0.590429901,4,33.4213174,-111.9331631
USA,Raleigh,NC State University,Computer Science,Bachelor,4.0,27500,71.8,1400,160,1500,1.0,23,61.1,21.0,41.4,59.9,52.8,103.7,19,1715,0.383843222,63.29585919,,,,,,,,,34.7,,28.7,,28.6,,40.55,,77.3,,49.5,,85.2,,34.25,,71.8,,,117260,0.008382796,0.005995305,0.347,0.598644578,1,35.7718497,-78.674087
USA,College Station,Texas A&M University,Computer Science,Bachelor,4.0,27000,69.5,1300,160,1500,1.0,23,61.1,21.0,41.4,59.9,52.8,103.7,19,1715,0.383843222,63.29585919,154.0,134,United States,Americas,XL,FC,VH,A,61.2,116,66.0,115,4.4,701+,64.3,176,21.9,569,12.1,678,92.6,125,44.4,287,39.5,371=,51.8,114860,0.025512576,0.018246381,0.612,0.606859255,4,30.6108618,-96.3520606
USA,Corvallis,Oregon State University,Computer Science,Bachelor,4.0,26500,70.1,1300,160,1500,1.0,23,61.1,21.0,41.4,59.9,52.8,103.7,19,1715,0.383843222,63.29585919,,505,United States,Americas,L,CO,VH,A,14.6,596,4.2,601+,15.6,701+,33.9,390,11.7,701+,8.1,701+,81.2,306,19.3,574,21.1,525=,,112860,0.000718229,0.000513671,0.146,0.613704819,1,44.563056,-123.2839234
UK,Cambridge,University of Cambridge,Computer Science,Bachelor,3.0,38500,78.5,1800,490,800,0.79,23,61.1,21.0,41.4,59.9,52.8,103.7,19,1715,0.383843222,63.29585919,5.0,2,United Kingdom,Europe,L,FC,VH,A,100.0,3,100.0,4,100.0,17,84.6,96,100.0,73,94.8,98,99.3,10,100.0,5,84.8,127=,96.7,122190,0.081839088,0.05853063,1.0,0.581770263,5,52.2109456,0.092005
UK,Oxford,University of Oxford,Computer Science,Bachelor,3.0,37900,77.8,1850,490,800,0.79,23,61.1,21.0,41.4,59.9,52.8,103.7,19,1715,0.383843222,63.29585919,3.0,3,United Kingdom,Europe,L,FC,VH,A,100.0,2,100.0,5,100.0,8,84.8,93,98.1,120,97.7,73,100.0,1,100.0,3,85.0,126,96.9,120540,0.082959325,0.059331814,1.0,0.587417853,5,51.7525461,-1.21433
UK,London,Imperial College London,Computer Science,Bachelor,3.0,37500,83.2,2200,490,800,0.79,23,61.1,21.0,41.4,59.9,52.8,103.7,19,1715,0.383843222,63.29585919,2.0,6,United Kingdom,Europe,L,FC,VH,A,98.5,22,99.5,11,98.2,45,93.9,54,100.0,66,99.6,44,97.4,34,93.4,61,99.7,6,98.5,120390,0.077192647,0.055207534,0.985,0.587931271,5,51.4989595,-0.1756407
UK,London,University College London,Computer Science,Bachelor,3.0,36800,83.2,2100,490,800,0.79,23,61.1,21.0,41.4,59.9,52.8,103.7,19,1715,0.383843222,63.29585919,,,,,,,,,34.7,,28.7,,28.6,,40.55,,77.3,,49.5,,85.2,,34.25,,71.8,,,117990,0.008330932,0.005958213,0.347,0.596145947,1,51.5242031,-0.1330007
UK,London,King's College London,Computer Science,Bachelor,3.0,35500,83.2,2000,490,800,0.79,23,61.1,21.0,41.4,59.9,52.8,103.7,19,1715,0.383843222,63.29585919,40.0,40,United Kingdom,Europe,XL,FC,VH,A,90.3,44,85.7,64,64.3,210,53.6,238,99.1,103,99.5,47,98.6,17,59.8,205,96.2,44=,80.2,113790,0.045037481,0.032210429,0.903,0.610521632,5,51.5030855,-0.0900021
UK,Edinburgh,University of Edinburgh,Computer Science,Bachelor,4.0,32500,75.4,1600,490,800,0.79,23,61.1,21.0,41.4,59.9,52.8,103.7,19,1715,0.383843222,63.29585919,,,,,,,,,34.7,,28.7,,28.6,,40.55,,77.3,,49.5,,85.2,,34.25,,71.8,,,137690,0.007138992,0.005105748,0.347,0.528717141,1,55.9440765,-3.1883736
UK,Manchester,University of Manchester,Computer Science,Bachelor,3.0,31800,72.1,1400,490,800,0.79,23,61.1,21.0,41.4,59.9,52.8,103.7,19,1715,0.383843222,63.29585919,,,,,,,,,34.7,,28.7,,28.6,,40.55,,77.3,,49.5,,85.2,,34.25,,71.8,,,100890,0.00974294,0.006968069,0.347,0.65467552,1,53.4660226,-2.2330858
UK,Bristol,University of Bristol,Computer Science,Bachelor,3.0,31500,74.8,1500,490,800,0.79,23,61.1,21.0,41.4,59.9,52.8,103.7,19,1715,0.383843222,63.29585919,54.0,55,United Kingdom,Europe,L,FC,VH,A,75.8,78,82.5,69,36.7,437,75.9,134,87.5,206,89.8,121,94.6,84,51.2,250,98.9,17,75.4,100290,0.042117438,0.030122039,0.758,0.656729189,5,51.5007679,-2.5503106
UK,Warwick,University of Warwick,Computer Science,Bachelor,3.0,31200,71.5,1300,490,800,0.79,23,61.1,21.0,41.4,59.9,52.8,103.7,19,1715,0.383843222,63.29585919,,,,,,,,,34.7,,28.7,,28.6,,40.55,,77.3,,49.5,,85.2,,34.25,,71.8,,,98790,0.009950046,0.00711619,0.347,0.661863363,1,52.3813073,-1.5639569
UK,Glasgow,University of Glasgow,Computer Science,Bachelor,4.0,30800,73.2,1400,490,800,0.79,23,61.1,21.0,41.4,59.9,52.8,103.7,19,1715,0.383843222,63.29585919,78.0,76,United Kingdom,Europe,XL,FC,VH,A,77.4,75,67.7,110,38.0,418,32.5,405,95.7,141,99.4,49,97.6,30,33.5,378,98.5,20,65.0,130090,0.017433566,0.01246834,0.774,0.554730285,5,55.8727036,-4.2919966
UK,Birmingham,University of Birmingham,Computer Science,Bachelor,3.0,30500,71.8,1300,490,800,0.79,23,61.1,21.0,41.4,59.9,52.8,103.7,19,1715,0.383843222,63.29585919,80.0,84,United Kingdom,Europe,XL,FC,VH,A,68.9,94,69.0,105,39.0,402,40.5,348,92.6,171,89.3,127,97.5,31,44.5,285,96.8,35,64.1,96690,0.031755799,0.022711482,0.689,0.669051205,5,52.4522956,-1.9312857
UK,Leeds,University of Leeds,Computer Science,Bachelor,3.0,30200,71.2,1250,490,800,0.79,23,61.1,21.0,41.4,59.9,52.8,103.7,19,1715,0.383843222,63.29585919,82.0,75,United Kingdom,Europe,XL,FC,VH,A,70.5,91,75.9,83,36.4,438,39.8,355,82.5,230,88.5,132,98.8,14,50.9,251,71.8,211=,63.8,95640,0.040393869,0.028889356,0.705,0.672645126,5,53.8057925,-1.555111
UK,Sheffield,University of Sheffield,Computer Science,Bachelor,3.0,29800,70.5,1200,490,800,0.79,23,61.1,21.0,41.4,59.9,52.8,103.7,19,1715,0.383843222,63.29585919,,,,,,,,,34.7,,28.7,,28.6,,40.55,,77.3,,49.5,,85.2,,34.25,,71.8,,,94290,0.010424908,0.007455807,0.347,0.677265882,1,53.3729622,-1.5059315
UK,Nottingham,University of Nottingham,Computer Science,Bachelor,3.0,29500,70.8,1150,490,800,0.79,23,61.1,21.0,41.4,59.9,52.8,103.7,19,1715,0.383843222,63.29585919,108.0,100,United Kingdom,Europe,XL,FC,VH,A,61.1,117,65.8,116,32.8,481,37.6,368,89.4,194,70.5,208,98.0,25,38.0,339,97.0,33,58.5,93240,0.026816529,0.019178957,0.611,0.680859803,4,52.9387428,-1.2002957
UK,Southampton,University of Southampton,Computer Science,Bachelor,3.0,29200,72.4,1300,490,800,0.79,23,61.1,21.0,41.4,59.9,52.8,103.7,19,1715,0.383843222,63.29585919,80.0,81,United Kingdom,Europe,L,FC,VH,A,50.1,161,44.3,208,40.7,385,83.4,100,92.5,173,98.0,70,97.1,40,49.2,261,96.9,34,64.1,92790,0.023488916,0.016799076,0.501,0.682400055,5,50.9341804,-1.3974844
UK,Durham,Durham University,Computer Science,Bachelor,3.0,28900,71.6,1250,490,800,0.79,23,61.1,21.0,41.4,59.9,52.8,103.7,19,1715,0.383843222,63.29585919,89.0,78,United Kingdom,Europe,L,FC,VH,A,59.6,126,83.9,65,26.3,567,40.9,342,97.3,125,84.9,153,89.7,172,39.4,326,98.6,19,61.7,91740,0.036032526,0.025770161,0.596,0.685993976,5,54.7641282,-1.5863066
UK,Liverpool,University of Liverpool,Computer Science,Bachelor,3.0,28600,70.2,1100,490,800,0.79,23,61.1,21.0,41.4,59.9,52.8,103.7,19,1715,0.383843222,63.29585919,165.0,176,United Kingdom,Europe,L,FC,VH,A,46.1,176,39.4,239,37.8,422,36.6,373,88.3,203,85.4,150,97.2,38,36.3,351,95.6,50=,50.7,90390,0.015822593,0.011316186,0.461,0.690614732,4,53.4072429,-2.9658337
UK,Cardiff,Cardiff University,Computer Science,Bachelor,3.0,28300,69.8,1050,490,800,0.79,23,61.1,21.0,41.4,59.9,52.8,103.7,19,1715,0.383843222,63.29585919,186.0,154,United Kingdom,Europe,L,FC,VH,A,46.8,171,43.2,213,36.1,441,30.0,437,82.8,229,67.7,219,92.3,132,18.9,584,96.0,46=,47.6,89340,0.009138917,0.006536077,0.468,0.694208653,4,51.4887426,-3.1795999
UK,Newcastle,Newcastle University,Computer Science,Bachelor,3.0,28000,70.1,1100,490,800,0.79,23,61.1,21.0,41.4,59.9,52.8,103.7,19,1715,0.383843222,63.29585919,129.0,110,United Kingdom,Europe,L,FC,VH,A,50.0,164,59.3,137,39.2,399,38.7,362,89.5,193,68.6,217,97.1,42,31.3,403,97.1,30=,54.5,88590,0.020951225,0.014984141,0.5,0.696775739,4,54.980175,-1.6146802
UK,Aberdeen,University of Aberdeen,Computer Science,Bachelor,4.0,27700,69.5,1000,490,800,0.79,23,61.1,21.0,41.4,59.9,52.8,103.7,19,1715,0.383843222,63.29585919,236.0,208,United Kingdom,Europe,L,FC,VH,A,30.5,292,28.8,330,32.7,482,32.0,412,94.5,154,92.6,103,88.5,190,22.2,519,96.5,37=,42.3,116090,0.005507404,0.003938849,0.305,0.602649233,3,57.1645248,-2.1018364
UK,Leicester,University of Leicester,Computer Science,Bachelor,3.0,27400,68.9,950,490,800,0.79,23,61.1,21.0,41.4,59.9,52.8,103.7,19,1715,0.383843222,63.29585919,285.0,272,United Kingdom,Europe,L,FC,VH,A,19.8,453,13.7,594,30.8,511,43.4,316,80.0,238,95.3,95,88.8,187,22.7,504,75.0,186=,37.2,86340,0.003601881,0.002576035,0.198,0.704476999,3,52.6087006,-1.114824
UK,Reading,University of Reading,Computer Science,Bachelor,3.0,27100,71.2,1150,490,800,0.79,23,61.1,21.0,41.4,59.9,52.8,103.7,19,1715,0.383843222,63.29585919,172.0,169,United Kingdom,Europe,L,CO,VH,A,32.2,273,41.7,226,13.1,701+,65.7,169,86.2,214,78.6,177,91.7,142,47.8,268,94.0,61,49.9,86040,0.023166397,0.016568413,0.322,0.705503834,4,51.4499995,-0.9614078
UK,Sussex,University of Sussex,Computer Science,Bachelor,3.0,26800,72.5,1200,490,800,0.79,23,61.1,21.0,41.4,59.9,52.8,103.7,19,1715,0.383843222,63.29585919,246.0,218,United Kingdom,Europe,L,FC,VH,A,22.6,395,10.4,601+,15.5,701+,56.8,220,99.6,95,84.9,152,84.7,252,39.9,322,97.7,26=,41.0,85290,0.004865226,0.003479569,0.226,0.70807092,3,50.8735854,-0.085916
UK,Essex,University of Essex,Computer Science,Bachelor,3.0,26500,69.8,1000,490,800,0.79,23,61.1,21.0,41.4,59.9,52.8,103.7,19,1715,0.383843222,63.29585919,,,,,,,,,34.7,,28.7,,28.6,,40.55,,77.3,,49.5,,85.2,,34.25,,71.8,,,83790,0.011731272,0.008390107,0.347,0.713205093,1,51.8773639,0.9498751
UK,Bath,University of Bath,Computer Science,Bachelor,3.0,26200,73.4,1250,490,800,0.79,23,61.1,21.0,41.4,59.9,52.8,103.7,19,1715,0.383843222,63.29585919,150.0,148,United Kingdom,Europe,L,CO,VH,A,35.8,245,67.9,109,18.3,701+,52.0,250,94.3,159,80.0,171,84.2,259,35.2,360,90.4,92,52.1,83640,0.028575459,0.020436929,0.358,0.71371851,4,51.3766938,-2.3234206
UK,Surrey,University of Surrey,Computer Science,Bachelor,3.0,25900,71.8,1150,490,800,0.79,23,61.1,21.0,41.4,59.9,52.8,103.7,19,1715,0.383843222,63.29585919,285.0,244,United Kingdom,Europe,L,CO,VH,A,19.7,454,17.9,490,22.8,625,55.2,227,97.1,129,87.1,139,86.4,226,20.4,557,28.4,456=,37.2,82440,0.004429349,0.003167834,0.197,0.717825849,3,51.2430782,-0.5900545
UK,Exeter,University of Exeter,Computer Science,Bachelor,3.0,25600,72.1,1200,490,800,0.79,23,61.1,21.0,41.4,59.9,52.8,103.7,19,1715,0.383843222,63.29585919,,,,,,,,,34.7,,28.7,,28.6,,40.55,,77.3,,49.5,,85.2,,34.25,,71.8,,,81690,0.012032843,0.008605789,0.347,0.720392935,1,50.7369372,-3.5347349
UK,Kent,University of Kent,Computer Science,Bachelor,3.0,25300,70.5,1100,490,800,0.79,23,61.1,21.0,41.4,59.9,52.8,103.7,19,1715,0.383843222,63.29585919,380.0,336,United Kingdom,Europe,L,CO,VH,A,15.4,571,10.0,601+,14.6,701+,45.7,301,95.1,147,49.8,296,78.8,339,34.0,372,40.4,363=,30.8,80490,0.004224075,0.003021023,0.154,0.724500274,2,51.2950874,1.0673313
UK,Dundee,University of Dundee,Computer Science,Bachelor,4.0,25000,68.9,950,490,800,0.79,23,61.1,21.0,41.4,59.9,52.8,103.7,19,1715,0.383843222,63.29585919,,,,,,,,,34.7,,28.7,,28.6,,40.55,,77.3,,49.5,,85.2,,34.25,,71.8,,,105090,0.00935356,0.006689588,0.347,0.640299836,1,56.4579676,-2.9821483
UK,Strathclyde,University of Strathclyde,Computer Science,Bachelor,4.0,24700,69.2,1000,490,800,0.79,23,61.1,21.0,41.4,59.9,52.8,103.7,19,1715,0.383843222,63.29585919,281.0,276,United Kingdom,Europe,L,CO,VH,A,25.9,343,30.0,314,16.7,701+,31.8,416,93.0,170,64.0,235,85.0,246,33.6,376,88.6,107,37.9,104090,0.009683834,0.006925797,0.259,0.643722618,3,55.8618812,-4.2419566
UK,Heriot-Watt,Heriot-Watt University,Computer Science,Bachelor,4.0,24400,69.5,1050,490,800,0.79,23,61.1,21.0,41.4,59.9,52.8,103.7,19,1715,0.383843222,63.29585919,256.0,235,United Kingdom,Europe,M,CO,VH,A,17.8,507,27.1,356,17.6,701+,65.2,171,100.0,79,98.1,69,75.4,402,26.3,451,25.7,483=,39.9,103090,0.006913601,0.004944549,0.178,0.6471454,3,55.9102959,-3.3234475
UK,Loughborough,Loughborough University,Computer Science,Bachelor,3.0,24100,68.5,900,490,800,0.79,23,61.1,21.0,41.4,59.9,52.8,103.7,19,1715,0.383843222,63.29585919,224.0,212,United Kingdom,Europe,L,CO,VH,A,29.7,299,55.3,151,23.8,613,32.4,406,87.1,212,68.6,216,87.1,214,23.2,488,93.8,64=,43.6,76290,0.016816663,0.012027136,0.297,0.738875958,3,52.763845,-1.2372582
UK,Brunel,Brunel University London,Computer Science,Bachelor,3.0,23800,83.2,1800,490,800,0.79,23,61.1,21.0,41.4,59.9,52.8,103.7,19,1715,0.383843222,63.29585919,342.0,343,United Kingdom,Europe,L,CO,VH,A,11.1,601+,13.3,601+,7.1,701+,46.5,297,99.1,102,99.8,37,77.9,363,19.9,564,71.2,214=,33.0,78090,0.003389251,0.002423964,0.111,0.732714951,2,51.3967806,0.5332507
UK,Queen Mary,Queen Mary University of London,Computer Science,Bachelor,3.0,23500,83.2,1900,490,800,0.79,23,61.1,21.0,41.4,59.9,52.8,103.7,19,1715,0.383843222,63.29585919,120.0,145,United Kingdom,Europe,L,FC,VH,A,48.3,170,36.9,254,30.4,515,62.8,184,99.5,96,99.2,54,92.5,127,21.4,534,95.6,54,55.8,77490,0.010190345,0.007288049,0.483,0.73476862,4,53.4092381,-2.9839443
UK,Royal Holloway,Royal Holloway University,Computer Science,Bachelor,3.0,23200,75.5,1400,490,800,0.79,23,61.1,21.0,41.4,59.9,52.8,103.7,19,1715,0.383843222,63.29585919,,,,,,,,,34.7,,28.7,,28.6,,40.55,,77.3,,49.5,,85.2,,34.25,,71.8,,,75090,0.01309045,0.00936218,0.347,0.742983297,1,51.4244496,-0.5642561
UK,Lancaster,Lancaster University,Computer Science,Bachelor,3.0,22900,69.8,1000,490,800,0.79,23,61.1,21.0,41.4,59.9,52.8,103.7,19,1715,0.383843222,63.29585919,141.0,122,United Kingdom,Europe,L,FC,VH,A,38.9,222,36.7,255,27.7,551,69.6,157,93.3,166,92.3,105,89.7,171,28.8,431,96.2,44=,53.6,72990,0.014480689,0.010356468,0.389,0.750171139,4,54.0098429,-2.7875768
UK,Swansea,Swansea University,Computer Science,Bachelor,3.0,22600,68.5,950,490,800,0.79,23,61.1,21.0,41.4,59.9,52.8,103.7,19,1715,0.383843222,63.29585919,298.0,307,United Kingdom,Europe,L,FC,VH,A,23.1,387,43.1,214,25.1,591,27.9,467,71.0,278,59.6,249,82.3,286,8.3,701+,91.8,80,36.5,71940,0.004972547,0.003556324,0.231,0.75376506,3,51.6080596,-3.9773969
UK,Aston,Aston University,Computer Science,Bachelor,3.0,22300,71.8,1200,490,800,0.79,23,61.1,21.0,41.4,59.9,52.8,103.7,19,1715,0.383843222,63.29585919,423.0,446,United Kingdom,Europe,L,CO,VH,A,12.5,601+,18.5,478,9.0,701+,34.4,388,94.2,160,53.8,274,79.2,336,19.6,569,46.9,330=,28.1,71790,0.005050772,0.00361227,0.125,0.754278478,1,52.4869617,-1.8895258
UK,Hull,University of Hull,Computer Science,Bachelor,3.0,22000,67.9,850,490,800,0.79,23,61.1,21.0,41.4,59.9,52.8,103.7,19,1715,0.383843222,63.29585919,516.0,523,United Kingdom,Europe,L,FC,HI,A,8.9,601+,4.5,601+,14.3,701+,21.5,537,63.3,309,81.5,166,76.9,380,20.5,555,68.0,228=,23.6,69840,0.001320857,0.000944666,0.089,0.760952903,1,53.7732507,-0.3670415
UK,Keele,Keele University,Computer Science,Bachelor,3.0,21700,67.5,800,490,800,0.79,23,61.1,21.0,41.4,59.9,52.8,103.7,19,1715,0.383843222,63.29585919,,,,,,,,,34.7,,28.7,,28.6,,40.55,,77.3,,49.5,,85.2,,34.25,,71.8,,,68790,0.014289297,0.010219585,0.347,0.764546824,1,53.0016756,-2.2706942
UK,Plymouth,University of Plymouth,Computer Science,Bachelor,3.0,21400,69.2,950,490,800,0.79,23,61.1,21.0,41.4,59.9,52.8,103.7,19,1715,0.383843222,63.29585919,,561,United Kingdom,Europe,L,FC,HI,A,8.9,601+,8.9,601+,11.6,701+,25.9,487,49.8,368,36.2,381,80.1,320,7.3,701+,21.5,518=,,68340,0.000950674,0.000679914,0.089,0.766087076,1,50.3757001,-4.1393786
UK,Portsmouth,University of Portsmouth,Computer Science,Bachelor,3.0,21100,70.5,1000,490,800,0.79,23,61.1,21.0,41.4,59.9,52.8,103.7,19,1715,0.383843222,63.29585919,,502,United Kingdom,Europe,L,CO,VH,A,8.1,601+,7.3,601+,8.6,701+,15.1,634,74.0,270,85.3,151,75.4,399,8.9,701+,21.1,525=,,67590,0.000961223,0.000687458,0.081,0.768654162,1,50.795245,-1.0935529
UK,Ulster,Ulster University,Computer Science,Bachelor,3.0,20800,67.2,800,490,800,0.79,23,61.1,21.0,41.4,59.9,52.8,103.7,19,1715,0.383843222,63.29585919,559.0,498,United Kingdom,Europe,L,CO,VH,A,8.1,601+,11.3,601+,9.6,701+,11.5,701+,99.8,91,77.6,182,73.4,431,6.8,701+,62.2,254=,22.3,66090,0.001162639,0.00083151,0.081,0.773788335,1,54.5742433,-6.9481599
UK,Northumbria,Northumbria University,Computer Science,Bachelor,3.0,20500,68.5,900,490,800,0.79,23,61.1,21.0,41.4,59.9,52.8,103.7,19,1715,0.383843222,63.29585919,,,,,,,,,34.7,,28.7,,28.6,,40.55,,77.3,,49.5,,85.2,,34.25,,71.8,,,65490,0.015009314,0.010734536,0.347,0.775842004,1,52.2437937,-0.9212977
UK,Coventry,Coventry University,Computer Science,Bachelor,3.0,20200,69.8,950,490,800,0.79,23,61.1,21.0,41.4,59.9,52.8,103.7,19,1715,0.383843222,63.29585919,526.0,571,United Kingdom,Europe,XL,CO,VH,A,9.9,601+,10.4,601+,16.9,701+,7.1,701+,77.0,253,99.9,35,82.6,283,10.0,701+,64.4,243=,23.3,64740,0.001606401,0.001148884,0.099,0.778409091,1,52.4056372,-1.4997223
UK,Oxford Brookes,Oxford Brookes University,Computer Science,Bachelor,3.0,19900,77.8,1500,490,800,0.79,23,61.1,21.0,41.4,59.9,52.8,103.7,19,1715,0.383843222,63.29585919,416.0,413,United Kingdom,Europe,L,CO,HI,A,30.7,289,37.6,250,13.7,701+,7.0,701+,67.5,291,67.4,220,68.4,508,20.5,554,13.2,606=,28.6,65490,0.011769556,0.008417488,0.307,0.775842004,1,51.755223,-1.230104
UK,De Montfort,De Montfort University,Computer Science,Bachelor,3.0,19600,68.9,900,490,800,0.79,23,61.1,21.0,41.4,59.9,52.8,103.7,19,1715,0.383843222,63.29585919,,801-850,United Kingdom,Europe,L,FO,VH,A,5.3,601+,4.8,601+,5.6,701+,8.0,701+,74.2,267,97.5,76,62.8,591,6.4,701+,41.4,358=,,62790,0.000489242,0.000349902,0.053,0.785083516,1,52.7735632,-0.8873532
UK,Westminster,University of Westminster,Computer Science,Bachelor,3.0,19300,83.2,1800,490,800,0.79,23,61.1,21.0,41.4,59.9,52.8,103.7,19,1715,0.383843222,63.29585919,,711-720,United Kingdom,Europe,L,CO,HI,A,11.5,601+,6.8,601+,5.7,701+,5.1,701+,77.4,249,100.0,33,35.4,701+,21.7,526,1.7,701+,,64590,0.002284529,0.001633876,0.115,0.778922508,1,51.5209064,-0.140073
UK,Greenwich,University of Greenwich,Computer Science,Bachelor,3.0,19000,83.2,1700,490,800,0.79,23,61.1,21.0,41.4,59.9,52.8,103.7,19,1715,0.383843222,63.29585919,,671-680,United Kingdom,Europe,L,CO,HI,A,4.7,601+,4.1,601+,4.1,701+,11.7,700,91.5,183,100.0,30,78.2,357,14.9,666,5.4,701+,,63390,0.000963701,0.000689231,0.047,0.783029847,1,51.4825423,-0.0066531
UK,Kingston,Kingston University,Computer Science,Bachelor,3.0,18700,83.2,1600,490,800,0.79,23,61.1,21.0,41.4,59.9,52.8,103.7,19,1715,0.383843222,63.29585919,,,,,,,,,34.7,,28.7,,28.6,,40.55,,77.3,,49.5,,85.2,,34.25,,71.8,,,62190,0.015805744,0.011304135,0.347,0.787137185,1,51.4030739,-0.3032181
Canada,Toronto,University of Toronto,Computer Science,Bachelor,4.0,45200,73.5,1800,235,600,1.35,12,64.8,33.2,49.6,71.2,61.7,103.7,2,50000,11.19076449,63.29585919,25.0,21,Canada,Americas,XL,FC,VH,A,99.7,11,96.9,27,44.9,344,50.8,257,96.9,132,96.1,90,97.7,29,98.7,19,100.0,1,84.1,188835,0.050647281,0.036222511,0.997,0.353658954,5,43.6591168,-79.394512
Canada,Toronto,University of Toronto,Computer Science,Master,2.0,28500,73.5,1800,235,600,1.35,12,64.8,33.2,49.6,71.2,61.7,103.7,2,50000,11.19076449,63.29585919,25.0,21,Canada,Americas,XL,FC,VH,A,99.7,11,96.9,27,44.9,344,50.8,257,96.9,132,96.1,90,97.7,29,98.7,19,100.0,1,84.1,61435,0.155674686,0.111337231,0.997,0.789721386,5,43.6591168,-79.394512
Canada,Vancouver,University of British Columbia,Computer Science,Bachelor,4.0,43800,71.2,1900,235,600,1.35,12,64.8,33.2,49.6,71.2,61.7,103.7,2,50000,11.19076449,63.29585919,38.0,34,Canada,Americas,XL,FC,VH,A,98.3,23,94.3,36,34.5,459,57.7,214,95.5,142,72.8,200,96.2,53,74.6,141,99.8,4,81.0,183635,0.038308284,0.027397763,0.983,0.371457421,5,49.2578915,-123.2429755
Canada,Vancouver,University of British Columbia,Computer Science,Master,2.0,27900,71.2,1900,235,600,1.35,12,64.8,33.2,49.6,71.2,61.7,103.7,2,50000,11.19076449,63.29585919,38.0,34,Canada,Americas,XL,FC,VH,A,98.3,23,94.3,36,34.5,459,57.7,214,95.5,142,72.8,200,96.2,53,74.6,141,99.8,4,81.0,60435,0.11640049,0.083248655,0.983,0.793144168,5,49.2578915,-123.2429755
Canada,Montreal,McGill University,Computer Science,Bachelor,4.0,41500,65.8,1500,235,600,1.35,12,64.8,33.2,49.6,71.2,61.7,103.7,2,50000,11.19076449,63.29585919,29.0,30,Canada,Americas,L,FC,VH,A,94.3,34,87.6,56,62.3,224,57.9,212,83.7,225,89.6,124,94.2,94,98.3,24,99.1,13,83.0,172835,0.049822259,0.035632462,0.943,0.408423467,5,45.5068861,-73.5787118
Canada,Montreal,McGill University,Computer Science,Master,2.0,26800,65.8,1500,235,600,1.35,12,64.8,33.2,49.6,71.2,61.7,103.7,2,50000,11.19076449,63.29585919,29.0,30,Canada,Americas,L,FC,VH,A,94.3,34,87.6,56,62.3,224,57.9,212,83.7,225,89.6,124,94.2,94,98.3,24,99.1,13,83.0,57435,0.149924786,0.10722495,0.943,0.803412514,5,45.5068861,-73.5787118
Canada,Waterloo,University of Waterloo,Computer Science,Bachelor,4.0,40900,62.4,1300,235,600,1.35,12,64.8,33.2,49.6,71.2,61.7,103.7,2,50000,11.19076449,63.29585919,115.0,112,Canada,Americas,XL,CO,VH,A,40.4,211,64.2,124,6.5,701+,78.9,118,75.8,257,71.3,206,84.6,256,58.9,209,93.3,68=,57.2,169635,0.022291141,0.015942437,0.404,0.419376369,4,43.4701994,-80.5452429
Canada,Waterloo,University of Waterloo,Computer Science,Master,2.0,26200,62.4,1300,235,600,1.35,12,64.8,33.2,49.6,71.2,61.7,103.7,2,50000,11.19076449,63.29585919,115.0,112,Canada,Americas,XL,CO,VH,A,40.4,211,64.2,124,6.5,701+,78.9,118,75.8,257,71.3,206,84.6,256,58.9,209,93.3,68=,57.2,55835,0.067722974,0.048434904,0.404,0.808888965,4,43.4701994,-80.5452429
Canada,Montreal,University of Montreal,Computer Science,Bachelor,4.0,39500,65.8,1400,235,600,1.35,12,64.8,33.2,49.6,71.2,61.7,103.7,2,50000,11.19076449,63.29585919,,,,,,,,,34.7,,28.7,,28.6,,40.55,,77.3,,49.5,,85.2,,34.25,,71.8,,,164435,0.005977858,0.004275314,0.347,0.437174836,1,45.5062952,-73.5763648
Canada,Montreal,University of Montreal,Computer Science,Master,2.0,25800,65.8,1400,235,600,1.35,12,64.8,33.2,49.6,71.2,61.7,103.7,2,50000,11.19076449,63.29585919,,,,,,,,,34.7,,28.7,,28.6,,40.55,,77.3,,49.5,,85.2,,34.25,,71.8,,,55235,0.017795912,0.012727487,0.347,0.810942634,1,45.5062952,-73.5763648
Canada,Edmonton,University of Alberta,Computer Science,Bachelor,4.0,38200,61.9,1200,235,600,1.35,12,64.8,33.2,49.6,71.2,61.7,103.7,2,50000,11.19076449,63.29585919,96.0,111,Canada,Americas,XL,FC,VH,A,57.0,136,42.2,222,39.1,400,61.3,194,98.3,116,71.0,207,96.0,55,70.0,159,97.6,28,61.2,158435,0.018644752,0.013334571,0.57,0.457711528,5,53.52682,-113.5244937
Canada,Edmonton,University of Alberta,Computer Science,Master,2.0,24900,61.9,1200,235,600,1.35,12,64.8,33.2,49.6,71.2,61.7,103.7,2,50000,11.19076449,63.29585919,96.0,111,Canada,Americas,XL,FC,VH,A,57.0,136,42.2,222,39.1,400,61.3,194,98.3,116,71.0,207,96.0,55,70.0,159,97.6,28,61.2,53035,0.055698016,0.039834755,0.57,0.818472755,5,53.52682,-113.5244937
Canada,Ottawa,University of Ottawa,Computer Science,Bachelor,4.0,37800,63.5,1400,235,600,1.35,12,64.8,33.2,49.6,71.2,61.7,103.7,2,50000,11.19076449,63.29585919,189.0,203,Canada,Americas,XL,FC,VH,A,26.2,340,23.3,406,3.5,701+,81.3,106,91.7,179,77.8,181,93.0,119,39.8,323,92.9,72,47.3,157635,0.005882793,0.004207324,0.262,0.460449754,4,45.4225271,-75.6833904
Canada,Ottawa,University of Ottawa,Computer Science,Master,2.0,24500,63.5,1400,235,600,1.35,12,64.8,33.2,49.6,71.2,61.7,103.7,2,50000,11.19076449,63.29585919,189.0,203,Canada,Americas,XL,FC,VH,A,26.2,340,23.3,406,3.5,701+,81.3,106,91.7,179,77.8,181,93.0,119,39.8,323,92.9,72,47.3,52635,0.01761798,0.012600232,0.262,0.819841867,4,45.4225271,-75.6833904
Canada,Calgary,University of Calgary,Computer Science,Bachelor,4.0,37200,62.8,1300,235,600,1.35,12,64.8,33.2,49.6,71.2,61.7,103.7,2,50000,11.19076449,63.29585919,198.0,182,Canada,Americas,XL,FC,VH,A,37.9,227,44.5,207,18.1,701+,40.3,350,77.7,246,66.2,225,85.2,243,53.3,236,93.3,68=,46.3,154835,0.015318466,0.010955638,0.379,0.470033543,4,51.0750862,-114.1299504
Canada,Calgary,University of Calgary,Computer Science,Master,2.0,24100,62.8,1300,235,600,1.35,12,64.8,33.2,49.6,71.2,61.7,103.7,2,50000,11.19076449,63.29585919,198.0,182,Canada,Americas,XL,FC,VH,A,37.9,227,44.5,207,18.1,701+,40.3,350,77.7,246,66.2,225,85.2,243,53.3,236,93.3,68=,46.3,51635,0.045934038,0.032851639,0.379,0.82326465,4,51.0750862,-114.1299504
Canada,Hamilton,McMaster University,Computer Science,Bachelor,4.0,36500,64.2,1250,235,600,1.35,12,64.8,33.2,49.6,71.2,61.7,103.7,2,50000,11.19076449,63.29585919,176.0,189,Canada,Americas,L,FC,VH,A,39.5,215,34.2,276,63.8,215,35.6,380,96.2,136,56.7,263,82.6,284,49.9,255,91.9,78=,49.0,151835,0.011239627,0.008038487,0.395,0.480301889,4,43.2639397,-79.9178252
Canada,Hamilton,McMaster University,Computer Science,Master,2.0,23800,64.2,1250,235,600,1.35,12,64.8,33.2,49.6,71.2,61.7,103.7,2,50000,11.19076449,63.29585919,176.0,189,Canada,Americas,L,FC,VH,A,39.5,215,34.2,276,63.8,215,35.6,380,96.2,136,56.7,263,82.6,284,49.9,255,91.9,78=,49.0,50935,0.033504398,0.023962064,0.395,0.825660597,4,43.2639397,-79.9178252
Canada,London,Western University,Computer Science,Bachelor,4.0,35900,61.5,1200,235,600,1.35,12,64.8,33.2,49.6,71.2,61.7,103.7,2,50000,11.19076449,63.29585919,120.0,114,Canada,Americas,XL,FC,VH,A,32.6,270,38.9,243,3.3,701+,93.4,60,99.8,94,49.5,299,81.5,296,96.7,38,99.3,10,55.8,149235,0.025205915,0.018027059,0.326,0.489201123,4,43.0054234,-81.274801
Canada,London,Western University,Computer Science,Master,2.0,23500,61.5,1200,235,600,1.35,12,64.8,33.2,49.6,71.2,61.7,103.7,2,50000,11.19076449,63.29585919,120.0,114,Canada,Americas,XL,FC,VH,A,32.6,270,38.9,243,3.3,701+,93.4,60,99.8,94,49.5,299,81.5,296,96.7,38,99.3,10,55.8,50235,0.07487917,0.053552955,0.326,0.828056544,4,43.0054234,-81.274801
Canada,Kingston,Queen's University,Computer Science,Bachelor,4.0,35400,62.1,1300,235,600,1.35,12,64.8,33.2,49.6,71.2,61.7,103.7,2,50000,11.19076449,63.29585919,,,,,,,,,34.7,,28.7,,28.6,,40.55,,77.3,,49.5,,85.2,,34.25,,71.8,,,147635,0.006658098,0.004761816,0.347,0.494677574,1,44.2263489,-76.4957555
Canada,Kingston,Queen's University,Computer Science,Master,2.0,23200,62.1,1300,235,600,1.35,12,64.8,33.2,49.6,71.2,61.7,103.7,2,50000,11.19076449,63.29585919,,,,,,,,,34.7,,28.7,,28.6,,40.55,,77.3,,49.5,,85.2,,34.25,,71.8,,,49835,0.019724195,0.014106579,0.347,0.829425657,1,44.2263489,-76.4957555
Canada,Victoria,University of Victoria,Computer Science,Bachelor,4.0,34800,64.8,1400,235,600,1.35,12,64.8,33.2,49.6,71.2,61.7,103.7,2,50000,11.19076449,63.29585919,,,,,,,,,34.7,,28.7,,28.6,,40.55,,77.3,,49.5,,85.2,,34.25,,71.8,,,145635,0.006749533,0.004827209,0.347,0.501523138,1,48.4283182,-123.364953
Canada,Victoria,University of Victoria,Computer Science,Master,2.0,22900,64.8,1400,235,600,1.35,12,64.8,33.2,49.6,71.2,61.7,103.7,2,50000,11.19076449,63.29585919,,,,,,,,,34.7,,28.7,,28.6,,40.55,,77.3,,49.5,,85.2,,34.25,,71.8,,,49435,0.019883789,0.014220719,0.347,0.83079477,1,48.4283182,-123.364953
Canada,Halifax,Dalhousie University,Computer Science,Bachelor,4.0,34200,61.2,1200,235,600,1.35,12,64.8,33.2,49.6,71.2,61.7,103.7,2,50000,11.19076449,63.29585919,275.0,298,Canada,Americas,L,FC,VH,A,19.4,463,16.7,513,12.9,701+,53.5,239,99.9,86,74.6,189,77.4,369,30.1,416,87.9,109,38.2,142435,0.003529094,0.002523978,0.194,0.512476041,3,44.636201,-63.5919961
Canada,Halifax,Dalhousie University,Computer Science,Master,2.0,22600,61.2,1200,235,600,1.35,12,64.8,33.2,49.6,71.2,61.7,103.7,2,50000,11.19076449,63.29585919,275.0,298,Canada,Americas,L,FC,VH,A,19.4,463,16.7,513,12.9,701+,53.5,239,99.9,86,74.6,189,77.4,369,30.1,416,87.9,109,38.2,48435,0.010378025,0.007422276,0.194,0.834217552,3,44.636201,-63.5919961
Canada,Winnipeg,University of Manitoba,Computer Science,Bachelor,4.0,33600,59.8,1100,235,600,1.35,12,64.8,33.2,49.6,71.2,61.7,103.7,2,50000,11.19076449,63.29585919,,671-680,Canada,Americas,L,FC,VH,A,13.6,601+,15.9,536,29.6,526,12.0,694,77.3,,43.2,334,73.1,439,32.8,390,16.3,570=,,139635,0.003734853,0.002671136,0.136,0.52205983,1,49.9042395,-97.1617229
Canada,Winnipeg,University of Manitoba,Computer Science,Master,2.0,22300,59.8,1100,235,600,1.35,12,64.8,33.2,49.6,71.2,61.7,103.7,2,50000,11.19076449,63.29585919,,671-680,Canada,Americas,L,FC,VH,A,13.6,601+,15.9,536,29.6,526,12.0,694,77.3,,43.2,334,73.1,439,32.8,390,16.3,570=,,47635,0.010948023,0.007829934,0.136,0.836955778,1,49.9042395,-97.1617229
Canada,Quebec City,Laval University,Computer Science,Bachelor,4.0,33000,58.5,1000,235,600,1.35,12,64.8,33.2,49.6,71.2,61.7,103.7,2,50000,11.19076449,63.29585919,,,,,,,,,34.7,,28.7,,28.6,,40.55,,77.3,,49.5,,85.2,,34.25,,71.8,,,136835,0.007183599,0.00513765,0.347,0.53164362,1,46.7811622,-71.2768002
Canada,Quebec City,Laval University,Computer Science,Master,2.0,22000,58.5,1000,235,600,1.35,12,64.8,33.2,49.6,71.2,61.7,103.7,2,50000,11.19076449,63.29585919,,,,,,,,,34.7,,28.7,,28.6,,40.55,,77.3,,49.5,,85.2,,34.25,,71.8,,,46835,0.020987595,0.015010152,0.347,0.839694003,1,46.7811622,-71.2768002
Canada,Saskatoon,University of Saskatchewan,Computer Science,Bachelor,4.0,32400,58.2,950,235,600,1.35,12,64.8,33.2,49.6,71.2,61.7,103.7,2,50000,11.19076449,63.29585919,340.0,345,Canada,Americas,L,FC,VH,A,11.1,601+,5.3,601+,18.2,701+,57.0,219,77.3,251,49.5,298,82.3,287,32.1,394,90.7,89=,33.2,134235,0.001267395,0.00090643,0.111,0.540542853,2,52.1344194,-106.6277768
Canada,Saskatoon,University of Saskatchewan,Computer Science,Master,2.0,21700,58.2,950,235,600,1.35,12,64.8,33.2,49.6,71.2,61.7,103.7,2,50000,11.19076449,63.29585919,340.0,345,Canada,Americas,L,FC,VH,A,11.1,601+,5.3,601+,18.2,701+,57.0,219,77.3,251,49.5,298,82.3,287,32.1,394,90.7,89=,33.2,46135,0.003687576,0.002637323,0.111,0.842089951,2,52.1344194,-106.6277768
Canada,St. John's,Memorial University,Computer Science,Bachelor,4.0,31800,57.9,900,235,600,1.35,12,64.8,33.2,49.6,71.2,61.7,103.7,2,50000,11.19076449,63.29585919,,,,,,,,,34.7,,28.7,,28.6,,40.55,,77.3,,49.5,,85.2,,34.25,,71.8,,,131635,0.007467372,0.005340602,0.347,0.549442087,1,47.5732831,-52.7351911
Canada,St. John's,Memorial University,Computer Science,Master,2.0,21400,57.9,900,235,600,1.35,12,64.8,33.2,49.6,71.2,61.7,103.7,2,50000,11.19076449,63.29585919,,,,,,,,,34.7,,28.7,,28.6,,40.55,,77.3,,49.5,,85.2,,34.25,,71.8,,,45435,0.021634277,0.015472653,0.347,0.844485898,1,47.5732831,-52.7351911
Canada,Regina,University of Regina,Computer Science,Bachelor,4.0,31200,57.5,900,235,600,1.35,12,64.8,33.2,49.6,71.2,61.7,103.7,2,50000,11.19076449,63.29585919,,1001-1200,Canada,Americas,L,CO,HI,A,3.3,601+,2.5,601+,3.9,701+,21.0,544,7.3,701+,38.3,365,39.1,701+,4.1,701+,44.6,343=,,129235,7.93e-05,5.67e-05,0.033,0.557656763,1,50.4152275,-104.589
Canada,Regina,University of Regina,Computer Science,Master,2.0,21100,57.5,900,235,600,1.35,12,64.8,33.2,49.6,71.2,61.7,103.7,2,50000,11.19076449,63.29585919,,1001-1200,Canada,Americas,L,CO,HI,A,3.3,601+,2.5,601+,3.9,701+,21.0,544,7.3,701+,38.3,365,39.1,701+,4.1,701+,44.6,343=,,44835,0.000228611,0.000163501,0.033,0.846539567,1,50.4152275,-104.589
Canada,Sherbrooke,University of Sherbrooke,Computer Science,Bachelor,4.0,30600,56.8,850,235,600,1.35,12,64.8,33.2,49.6,71.2,61.7,103.7,2,50000,11.19076449,63.29585919,,,,,,,,,34.7,,28.7,,28.6,,40.55,,77.3,,49.5,,85.2,,34.25,,71.8,,,126635,0.007762208,0.005551466,0.347,0.566555997,1,45.5068861,-73.5787118
Canada,Sherbrooke,University of Sherbrooke,Computer Science,Master,2.0,20800,56.8,850,235,600,1.35,12,64.8,33.2,49.6,71.2,61.7,103.7,2,50000,11.19076449,63.29585919,,,,,,,,,34.7,,28.7,,28.6,,40.55,,77.3,,49.5,,85.2,,34.25,,71.8,,,44135,0.022271502,0.015928391,0.347,0.848935515,1,45.5068861,-73.5787118
Canada,Windsor,University of Windsor,Computer Science,Bachelor,4.0,30000,58.9,950,235,600,1.35,12,64.8,33.2,49.6,71.2,61.7,103.7,2,50000,11.19076449,63.29585919,547.0,641-650,Canada,Americas,L,CO,VH,A,3.9,601+,3.9,601+,2.2,701+,36.2,378,88.7,199,83.8,159,51.1,701+,25.8,458,38.5,381=,22.6,124635,0.000807311,0.000577382,0.039,0.573401561,1,42.3052014,-83.0664914
Canada,Windsor,University of Windsor,Computer Science,Master,2.0,20500,58.9,950,235,600,1.35,12,64.8,33.2,49.6,71.2,61.7,103.7,2,50000,11.19076449,63.29585919,547.0,641-650,Canada,Americas,L,CO,VH,A,3.9,601+,3.9,601+,2.2,701+,36.2,378,88.7,199,83.8,159,51.1,701+,25.8,458,38.5,381=,22.6,43735,0.002300622,0.001645386,0.039,0.850304628,1,42.3052014,-83.0664914
Canada,Moncton,University of New Brunswick,Computer Science,Bachelor,4.0,29400,57.2,900,235,600,1.35,12,64.8,33.2,49.6,71.2,61.7,103.7,2,50000,11.19076449,63.29585919,,711-720,Canada,Americas,M,CO,VH,A,4.9,601+,8.3,601+,19.9,677,27.5,470,61.0,320,34.1,397,48.7,701+,17.3,613,29.0,453=,,122035,0.00117662,0.000841509,0.049,0.582300794,1,46.0843286,-64.7773402
Canada,Moncton,University of New Brunswick,Computer Science,Master,2.0,20200,57.2,900,235,600,1.35,12,64.8,33.2,49.6,71.2,61.7,103.7,2,50000,11.19076449,63.29585919,,711-720,Canada,Americas,M,CO,VH,A,4.9,601+,8.3,601+,19.9,677,27.5,470,61.0,320,34.1,397,48.7,701+,17.3,613,29.0,453=,,43035,0.003336509,0.002386243,0.049,0.852700575,1,46.0843286,-64.7773402
Canada,Trois-Rivieres,UQTR,Computer Science,Bachelor,4.0,28800,56.5,850,235,600,1.35,12,64.8,33.2,49.6,71.2,61.7,103.7,2,50000,11.19076449,63.29585919,,,,,,,,,34.7,,28.7,,28.6,,40.55,,77.3,,49.5,,85.2,,34.25,,71.8,,,119435,0.00823014,0.005886127,0.347,0.591200027,1,46.3467036,-72.579258
Canada,Trois-Rivieres,UQTR,Computer Science,Master,2.0,19900,56.5,850,235,600,1.35,12,64.8,33.2,49.6,71.2,61.7,103.7,2,50000,11.19076449,63.29585919,,,,,,,,,34.7,,28.7,,28.6,,40.55,,77.3,,49.5,,85.2,,34.25,,71.8,,,42335,0.023218419,0.016605619,0.347,0.855096522,1,46.3467036,-72.579258
Canada,Thunder Bay,Lakehead University,Computer Science,Bachelor,4.0,28200,56.2,800,235,600,1.35,12,64.8,33.2,49.6,71.2,61.7,103.7,2,50000,11.19076449,63.29585919,,,,,,,,,34.7,,28.7,,28.6,,40.55,,77.3,,49.5,,85.2,,34.25,,71.8,,,116835,0.008413289,0.006017114,0.347,0.600099261,1,48.4203116,-89.2623395
Canada,Thunder Bay,Lakehead University,Computer Science,Master,2.0,19600,56.2,800,235,600,1.35,12,64.8,33.2,49.6,71.2,61.7,103.7,2,50000,11.19076449,63.29585919,,,,,,,,,34.7,,28.7,,28.6,,40.55,,77.3,,49.5,,85.2,,34.25,,71.8,,,41635,0.023608776,0.016884799,0.347,0.85749247,1,48.4203116,-89.2623395
Canada,Sudbury,Laurentian University,Computer Science,Bachelor,4.0,27600,55.8,800,235,600,1.35,12,64.8,33.2,49.6,71.2,61.7,103.7,2,50000,11.19076449,63.29585919,,,,,,,,,34.7,,28.7,,28.6,,40.55,,77.3,,49.5,,85.2,,34.25,,71.8,,,114435,0.008589736,0.006143307,0.347,0.608313938,1,46.4666416,-80.9738711
Canada,Sudbury,Laurentian University,Computer Science,Master,2.0,19300,55.8,800,235,600,1.35,12,64.8,33.2,49.6,71.2,61.7,103.7,2,50000,11.19076449,63.29585919,,,,,,,,,34.7,,28.7,,28.6,,40.55,,77.3,,49.5,,85.2,,34.25,,71.8,,,41035,0.023953967,0.017131677,0.347,0.859546139,1,46.4666416,-80.9738711
Canada,Prince George,UNBC,Computer Science,Bachelor,4.0,27000,55.5,750,235,600,1.35,12,64.8,33.2,49.6,71.2,61.7,103.7,2,50000,11.19076449,63.29585919,,,,,,,,,34.7,,28.7,,28.6,,40.55,,77.3,,49.5,,85.2,,34.25,,71.8,,,111835,0.008789433,0.006286129,0.347,0.617213171,1,53.8925662,-122.8147159
Canada,Prince George,UNBC,Computer Science,Master,2.0,19000,55.5,750,235,600,1.35,12,64.8,33.2,49.6,71.2,61.7,103.7,2,50000,11.19076449,63.29585919,,,,,,,,,34.7,,28.7,,28.6,,40.55,,77.3,,49.5,,85.2,,34.25,,71.8,,,40335,0.02436967,0.017428984,0.347,0.861942087,1,53.8925662,-122.8147159
Australia,Melbourne,University of Melbourne,Computer Science,Bachelor,3.0,42500,72.8,1800,450,650,1.52,10,70.2,33.4,52.5,77.3,62.5,127.4,1,66886,14.97010947,52.10509471,,,,,,,,,34.7,,28.7,,28.6,,40.55,,77.3,,49.5,,85.2,,34.25,,71.8,,,134000,0.00733558,0.005246345,0.347,0.541347207,1,-37.8241371,144.9170886
Australia,Melbourne,University of Melbourne,Computer Science,Master,2.0,45800,72.8,1800,450,650,1.52,10,70.2,33.4,52.5,77.3,62.5,127.4,1,66886,14.97010947,52.10509471,,,,,,,,,34.7,,28.7,,28.6,,40.55,,77.3,,49.5,,85.2,,34.25,,71.8,,,96300,0.010207319,0.007300189,0.347,0.67038609,1,-37.8241371,144.9170886
Australia,Melbourne,University of Melbourne,Computer Science,PhD,4.0,35000,72.8,1800,450,650,1.52,10,70.2,33.4,52.5,77.3,62.5,127.4,1,66886,14.97010947,52.10509471,,,,,,,,,34.7,,28.7,,28.6,,40.55,,77.3,,49.5,,85.2,,34.25,,71.8,,,148300,0.006628243,0.004740464,0.347,0.492401424,1,-37.8241371,144.9170886
Australia,Sydney,University of Sydney,Computer Science,Bachelor,3.0,41800,74.5,2000,450,650,1.52,10,70.2,33.4,52.5,77.3,62.5,127.4,1,66886,14.97010947,52.10509471,,,,,,,,,34.7,,28.7,,28.6,,40.55,,77.3,,49.5,,85.2,,34.25,,71.8,,,132500,0.007418623,0.005305737,0.347,0.54648138,1,-33.8889073,151.1894111
Australia,Sydney,University of Sydney,Computer Science,Master,2.0,44900,74.5,2000,450,650,1.52,10,70.2,33.4,52.5,77.3,62.5,127.4,1,66886,14.97010947,52.10509471,,,,,,,,,34.7,,28.7,,28.6,,40.55,,77.3,,49.5,,85.2,,34.25,,71.8,,,94900,0.010357899,0.007407883,0.347,0.675177985,1,-33.8889073,151.1894111
Australia,Sydney,University of Sydney,Computer Science,PhD,4.0,34500,74.5,2000,450,650,1.52,10,70.2,33.4,52.5,77.3,62.5,127.4,1,66886,14.97010947,52.10509471,,,,,,,,,34.7,,28.7,,28.6,,40.55,,77.3,,49.5,,85.2,,34.25,,71.8,,,147100,0.006682314,0.004779135,0.347,0.496508762,1,-33.8889073,151.1894111
Australia,Canberra,Australian National University,Computer Science,Bachelor,3.0,41200,68.9,1600,450,650,1.52,10,70.2,33.4,52.5,77.3,62.5,127.4,1,66886,14.97010947,52.10509471,,,,,,,,,34.7,,28.7,,28.6,,40.55,,77.3,,49.5,,85.2,,34.25,,71.8,,,129500,0.007590482,0.005428649,0.347,0.556749726,1,-35.2812742,149.1172023
Australia,Canberra,Australian National University,Computer Science,Master,2.0,44200,68.9,1600,450,650,1.52,10,70.2,33.4,52.5,77.3,62.5,127.4,1,66886,14.97010947,52.10509471,,,,,,,,,34.7,,28.7,,28.6,,40.55,,77.3,,49.5,,85.2,,34.25,,71.8,,,92700,0.010603715,0.007583688,0.347,0.682708105,1,-35.2812742,149.1172023
Australia,Canberra,Australian National University,Computer Science,PhD,4.0,34000,68.9,1600,450,650,1.52,10,70.2,33.4,52.5,77.3,62.5,127.4,1,66886,14.97010947,52.10509471,,,,,,,,,34.7,,28.7,,28.6,,40.55,,77.3,,49.5,,85.2,,34.25,,71.8,,,143500,0.006849952,0.004899028,0.347,0.508830778,1,-35.2812742,149.1172023
Australia,Brisbane,University of Queensland,Computer Science,Bachelor,3.0,40500,69.2,1500,450,650,1.52,10,70.2,33.4,52.5,77.3,62.5,127.4,1,66886,14.97010947,52.10509471,,,,,,,,,34.7,,28.7,,28.6,,40.55,,77.3,,49.5,,85.2,,34.25,,71.8,,,127100,0.00773381,0.005531156,0.347,0.564964403,1,-27.4981424,153.0111536
Australia,Brisbane,University of Queensland,Computer Science,Master,2.0,43500,69.2,1500,450,650,1.52,10,70.2,33.4,52.5,77.3,62.5,127.4,1,66886,14.97010947,52.10509471,,,,,,,,,34.7,,28.7,,28.6,,40.55,,77.3,,49.5,,85.2,,34.25,,71.8,,,91100,0.010789947,0.00771688,0.347,0.688184556,1,-27.4981424,153.0111536
Australia,Brisbane,University of Queensland,Computer Science,PhD,4.0,33500,69.2,1500,450,650,1.52,10,70.2,33.4,52.5,77.3,62.5,127.4,1,66886,14.97010947,52.10509471,,,,,,,,,34.7,,28.7,,28.6,,40.55,,77.3,,49.5,,85.2,,34.25,,71.8,,,141100,0.006966464,0.004982356,0.347,0.517045455,1,-27.4981424,153.0111536
Australia,Sydney,University of New South Wales,Computer Science,Bachelor,3.0,40200,74.5,1900,450,650,1.52,10,70.2,33.4,52.5,77.3,62.5,127.4,1,66886,14.97010947,52.10509471,,,,,,,,,34.7,,28.7,,28.6,,40.55,,77.3,,49.5,,85.2,,34.25,,71.8,,,127400,0.007715599,0.005518132,0.347,0.563937568,1,-33.9175994,151.2312369
Australia,Sydney,University of New South Wales,Computer Science,Master,2.0,43200,74.5,1900,450,650,1.52,10,70.2,33.4,52.5,77.3,62.5,127.4,1,66886,14.97010947,52.10509471,,,,,,,,,34.7,,28.7,,28.6,,40.55,,77.3,,49.5,,85.2,,34.25,,71.8,,,91300,0.010766311,0.007699976,0.347,0.6875,1,-33.9175994,151.2312369
Australia,Sydney,University of New South Wales,Computer Science,PhD,4.0,33200,74.5,1900,450,650,1.52,10,70.2,33.4,52.5,77.3,62.5,127.4,1,66886,14.97010947,52.10509471,,,,,,,,,34.7,,28.7,,28.6,,40.55,,77.3,,49.5,,85.2,,34.25,,71.8,,,141500,0.006946771,0.004968272,0.347,0.515676342,1,-33.9175994,151.2312369
Australia,Melbourne,Monash University,Computer Science,Bachelor,3.0,39800,72.8,1700,450,650,1.52,10,70.2,33.4,52.5,77.3,62.5,127.4,1,66886,14.97010947,52.10509471,37.0,42,Australia,Oceania,XL,FC,VH,A,89.2,47,79.6,78,9.4,701+,87.6,84,100.0,59,100.0,24,94.8,81,79.4,126,98.2,23,81.2,125600,0.050319982,0.035988429,0.892,0.570098576,5,-37.7839745,144.9586743
Australia,Melbourne,Monash University,Computer Science,Master,2.0,42800,72.8,1700,450,650,1.52,10,70.2,33.4,52.5,77.3,62.5,127.4,1,66886,14.97010947,52.10509471,37.0,42,Australia,Oceania,XL,FC,VH,A,89.2,47,79.6,78,9.4,701+,87.6,84,100.0,59,100.0,24,94.8,81,79.4,126,98.2,23,81.2,90100,0.070146169,0.050167952,0.892,0.691607338,5,-37.7839745,144.9586743
Australia,Melbourne,Monash University,Computer Science,PhD,4.0,32800,72.8,1700,450,650,1.52,10,70.2,33.4,52.5,77.3,62.5,127.4,1,66886,14.97010947,52.10509471,37.0,42,Australia,Oceania,XL,FC,VH,A,89.2,47,79.6,78,9.4,701+,87.6,84,100.0,59,100.0,24,94.8,81,79.4,126,98.2,23,81.2,139100,0.045436338,0.032495688,0.892,0.523891019,5,-37.7839745,144.9586743
Australia,Adelaide,University of Adelaide,Computer Science,Bachelor,3.0,39200,67.5,1400,450,650,1.52,10,70.2,33.4,52.5,77.3,62.5,127.4,1,66886,14.97010947,52.10509471,,,,,,,,,34.7,,28.7,,28.6,,40.55,,77.3,,49.5,,85.2,,34.25,,71.8,,,122900,0.007998104,0.005720177,0.347,0.579340088,1,-34.9189226,138.6042367
Australia,Adelaide,University of Adelaide,Computer Science,Master,2.0,42200,67.5,1400,450,650,1.52,10,70.2,33.4,52.5,77.3,62.5,127.4,1,66886,14.97010947,52.10509471,,,,,,,,,34.7,,28.7,,28.6,,40.55,,77.3,,49.5,,85.2,,34.25,,71.8,,,88300,0.011132094,0.00796158,0.347,0.697768346,1,-34.9189226,138.6042367
Australia,Adelaide,University of Adelaide,Computer Science,PhD,4.0,32200,67.5,1400,450,650,1.52,10,70.2,33.4,52.5,77.3,62.5,127.4,1,66886,14.97010947,52.10509471,,,,,,,,,34.7,,28.7,,28.6,,40.55,,77.3,,49.5,,85.2,,34.25,,71.8,,,135500,0.007254375,0.005188268,0.347,0.536213034,1,-34.9189226,138.6042367
Australia,Perth,University of Western Australia,Computer Science,Bachelor,3.0,38800,68.2,1500,450,650,1.52,10,70.2,33.4,52.5,77.3,62.5,127.4,1,66886,14.97010947,52.10509471,,,,,,,,,34.7,,28.7,,28.6,,40.55,,77.3,,49.5,,85.2,,34.25,,71.8,,,122000,0.008057106,0.005762375,0.347,0.582420591,1,-31.9758916,115.8174875
Australia,Perth,University of Western Australia,Computer Science,Master,2.0,41800,68.2,1500,450,650,1.52,10,70.2,33.4,52.5,77.3,62.5,127.4,1,66886,14.97010947,52.10509471,,,,,,,,,34.7,,28.7,,28.6,,40.55,,77.3,,49.5,,85.2,,34.25,,71.8,,,87700,0.011208253,0.008016049,0.347,0.699822015,1,-31.9758916,115.8174875
Australia,Perth,University of Western Australia,Computer Science,PhD,4.0,31800,68.2,1500,450,650,1.52,10,70.2,33.4,52.5,77.3,62.5,127.4,1,66886,14.97010947,52.10509471,,,,,,,,,34.7,,28.7,,28.6,,40.55,,77.3,,49.5,,85.2,,34.25,,71.8,,,134300,0.007319193,0.005234626,0.347,0.540320372,1,-31.9758916,115.8174875
Australia,Brisbane,Queensland University of Technology,Computer Science,Bachelor,3.0,38200,69.2,1400,450,650,1.52,10,70.2,33.4,52.5,77.3,62.5,127.4,1,66886,14.97010947,52.10509471,,,,,,,,,34.7,,28.7,,28.6,,40.55,,77.3,,49.5,,85.2,,34.25,,71.8,,,119900,0.008198222,0.0058633,0.347,0.589608434,1,-27.4689623,153.0235009
Australia,Brisbane,Queensland University of Technology,Computer Science,Master,2.0,41200,69.2,1400,450,650,1.52,10,70.2,33.4,52.5,77.3,62.5,127.4,1,66886,14.97010947,52.10509471,,,,,,,,,34.7,,28.7,,28.6,,40.55,,77.3,,49.5,,85.2,,34.25,,71.8,,,86300,0.011390077,0.008146087,0.347,0.70461391,1,-27.4689623,153.0235009
Australia,Brisbane,Queensland University of Technology,Computer Science,PhD,4.0,31200,69.2,1400,450,650,1.52,10,70.2,33.4,52.5,77.3,62.5,127.4,1,66886,14.97010947,52.10509471,,,,,,,,,34.7,,28.7,,28.6,,40.55,,77.3,,49.5,,85.2,,34.25,,71.8,,,131500,0.007475038,0.005346085,0.347,0.549904162,1,-27.4689623,153.0235009
Australia,Sydney,University of Technology Sydney,Computer Science,Bachelor,3.0,37800,74.5,1800,450,650,1.52,10,70.2,33.4,52.5,77.3,62.5,127.4,1,66886,14.97010947,52.10509471,88.0,90,Australia,Oceania,L,CO,VH,A,43.9,194,55.0,153,9.8,701+,97.7,39,96.6,133,86.0,145,91.4,150,40.2,318,96.3,43,62.4,119900,0.018440213,0.013188286,0.439,0.589608434,5,-33.8832536,151.2003294
Australia,Sydney,University of Technology Sydney,Computer Science,Master,2.0,40800,74.5,1800,450,650,1.52,10,70.2,33.4,52.5,77.3,62.5,127.4,1,66886,14.97010947,52.10509471,88.0,90,Australia,Oceania,L,CO,VH,A,43.9,194,55.0,153,9.8,701+,97.7,39,96.6,133,86.0,145,91.4,150,40.2,318,96.3,43,62.4,86300,0.025619634,0.018322947,0.439,0.70461391,5,-33.8832536,151.2003294
Australia,Sydney,University of Technology Sydney,Computer Science,PhD,4.0,30800,74.5,1800,450,650,1.52,10,70.2,33.4,52.5,77.3,62.5,127.4,1,66886,14.97010947,52.10509471,88.0,90,Australia,Oceania,L,CO,VH,A,43.9,194,55.0,153,9.8,701+,97.7,39,96.6,133,86.0,145,91.4,150,40.2,318,96.3,43,62.4,131500,0.01681356,0.012024917,0.439,0.549904162,5,-33.8832536,151.2003294
Australia,Melbourne,RMIT University,Computer Science,Bachelor,3.0,37200,72.8,1600,450,650,1.52,10,70.2,33.4,52.5,77.3,62.5,127.4,1,66886,14.97010947,52.10509471,123.0,140,Australia,Oceania,XL,CO,VH,A,40.4,210,48.0,192,5.2,701+,77.7,122,100.0,45,91.4,116,83.2,276,38.4,334,93.9,62=,55.5,117500,0.015686675,0.011218978,0.404,0.597823111,4,-37.6804123,145.0634302
Australia,Melbourne,RMIT University,Computer Science,Master,2.0,40200,72.8,1600,450,650,1.52,10,70.2,33.4,52.5,77.3,62.5,127.4,1,66886,14.97010947,52.10509471,123.0,140,Australia,Oceania,XL,CO,VH,A,40.4,210,48.0,192,5.2,701+,77.7,122,100.0,45,91.4,116,83.2,276,38.4,334,93.9,62=,55.5,84700,0.021761254,0.015563467,0.404,0.710090361,4,-37.6804123,145.0634302
Australia,Melbourne,RMIT University,Computer Science,PhD,4.0,30200,72.8,1600,450,650,1.52,10,70.2,33.4,52.5,77.3,62.5,127.4,1,66886,14.97010947,52.10509471,123.0,140,Australia,Oceania,XL,CO,VH,A,40.4,210,48.0,192,5.2,701+,77.7,122,100.0,45,91.4,116,83.2,276,38.4,334,93.9,62=,55.5,128300,0.014366217,0.010274598,0.404,0.560857065,4,-37.6804123,145.0634302
Australia,Wollongong,University of Wollongong,Computer Science,Bachelor,3.0,36800,65.8,1300,450,650,1.52,10,70.2,33.4,52.5,77.3,62.5,127.4,1,66886,14.97010947,52.10509471,167.0,162,Australia,Oceania,L,FC,VH,A,29.5,300,24.5,393,17.0,701+,94.6,52,91.8,178,56.3,265,89.0,185,18.3,596,93.9,62=,50.3,115400,0.003885148,0.002778626,0.295,0.605010953,4,-34.4050554,150.8783465
Australia,Wollongong,University of Wollongong,Computer Science,Master,2.0,39800,65.8,1300,450,650,1.52,10,70.2,33.4,52.5,77.3,62.5,127.4,1,66886,14.97010947,52.10509471,167.0,162,Australia,Oceania,L,FC,VH,A,29.5,300,24.5,393,17.0,701+,94.6,52,91.8,178,56.3,265,89.0,185,18.3,596,93.9,62=,50.3,83300,0.005382288,0.003849367,0.295,0.714882256,4,-34.4050554,150.8783465
Australia,Wollongong,University of Wollongong,Computer Science,PhD,4.0,29800,65.8,1300,450,650,1.52,10,70.2,33.4,52.5,77.3,62.5,127.4,1,66886,14.97010947,52.10509471,167.0,162,Australia,Oceania,L,FC,VH,A,29.5,300,24.5,393,17.0,701+,94.6,52,91.8,178,56.3,265,89.0,185,18.3,596,93.9,62=,50.3,125500,0.003572481,0.002555009,0.295,0.570440854,4,-34.4050554,150.8783465
Australia,Newcastle,University of Newcastle,Computer Science,Bachelor,3.0,36200,66.2,1300,450,650,1.52,10,70.2,33.4,52.5,77.3,62.5,127.4,1,66886,14.97010947,52.10509471,,,,,,,,,34.7,,28.7,,28.6,,40.55,,77.3,,49.5,,85.2,,34.25,,71.8,,,113600,0.008652873,0.006188462,0.347,0.611171961,1,-32.8950307,151.6978663
Australia,Newcastle,University of Newcastle,Computer Science,Master,2.0,39200,66.2,1300,450,650,1.52,10,70.2,33.4,52.5,77.3,62.5,127.4,1,66886,14.97010947,52.10509471,,,,,,,,,34.7,,28.7,,28.6,,40.55,,77.3,,49.5,,85.2,,34.25,,71.8,,,82100,0.011972753,0.008562813,0.347,0.718989595,1,-32.8950307,151.6978663
Australia,Newcastle,University of Newcastle,Computer Science,PhD,4.0,29200,66.2,1300,450,650,1.52,10,70.2,33.4,52.5,77.3,62.5,127.4,1,66886,14.97010947,52.10509471,,,,,,,,,34.7,,28.7,,28.6,,40.55,,77.3,,49.5,,85.2,,34.25,,71.8,,,123100,0.00798511,0.005710884,0.347,0.578655531,1,-32.8950307,151.6978663
Australia,Hobart,University of Tasmania,Computer Science,Bachelor,3.0,35800,64.5,1200,450,650,1.52,10,70.2,33.4,52.5,77.3,62.5,127.4,1,66886,14.97010947,52.10509471,293.0,307,Australia,Oceania,M,CO,VH,A,16.0,552,7.4,601+,22.1,635,59.8,203,79.9,240,89.7,123,80.0,323,15.9,636,85.6,123,37.0,112100,0.001049589,0.000750657,0.16,0.616306134,3,-42.906822,147.3218083
Australia,Hobart,University of Tasmania,Computer Science,Master,2.0,38800,64.5,1200,450,650,1.52,10,70.2,33.4,52.5,77.3,62.5,127.4,1,66886,14.97010947,52.10509471,293.0,307,Australia,Oceania,M,CO,VH,A,16.0,552,7.4,601+,22.1,635,59.8,203,79.9,240,89.7,123,80.0,323,15.9,636,85.6,123,37.0,81100,0.001450784,0.001037588,0.16,0.722412377,3,-42.906822,147.3218083
Australia,Hobart,University of Tasmania,Computer Science,PhD,4.0,28800,64.5,1200,450,650,1.52,10,70.2,33.4,52.5,77.3,62.5,127.4,1,66886,14.97010947,52.10509471,293.0,307,Australia,Oceania,M,CO,VH,A,16.0,552,7.4,601+,22.1,635,59.8,203,79.9,240,89.7,123,80.0,323,15.9,636,85.6,123,37.0,121100,0.000971586,0.00069487,0.16,0.585501095,3,-42.906822,147.3218083
Australia,Gold Coast,Griffith University,Computer Science,Bachelor,3.0,35200,68.5,1400,450,650,1.52,10,70.2,33.4,52.5,77.3,62.5,127.4,1,66886,14.97010947,52.10509471,255.0,243,Australia,Oceania,L,FC,VH,A,27.0,324,13.7,593,8.4,701+,62.5,187,99.8,90,38.5,363,92.1,135,17.9,602,96.4,40,40.1,110900,0.002211251,0.001581469,0.27,0.620413472,3,-27.9633383,153.384692
Australia,Gold Coast,Griffith University,Computer Science,Master,2.0,38200,68.5,1400,450,650,1.52,10,70.2,33.4,52.5,77.3,62.5,127.4,1,66886,14.97010947,52.10509471,255.0,243,Australia,Oceania,L,FC,VH,A,27.0,324,13.7,593,8.4,701+,62.5,187,99.8,90,38.5,363,92.1,135,17.9,602,96.4,40,40.1,80300,0.003053885,0.002184113,0.27,0.725150602,3,-27.9633383,153.384692
Australia,Gold Coast,Griffith University,Computer Science,PhD,4.0,28200,68.5,1400,450,650,1.52,10,70.2,33.4,52.5,77.3,62.5,127.4,1,66886,14.97010947,52.10509471,255.0,243,Australia,Oceania,L,FC,VH,A,27.0,324,13.7,593,8.4,701+,62.5,187,99.8,90,38.5,363,92.1,135,17.9,602,96.4,40,40.1,119500,0.002052117,0.001467657,0.27,0.590977547,3,-27.9633383,153.384692
Australia,Canberra,University of Canberra,Computer Science,Bachelor,3.0,34800,68.9,1500,450,650,1.52,10,70.2,33.4,52.5,77.3,62.5,127.4,1,66886,14.97010947,52.10509471,,,,,,,,,34.7,,28.7,,28.6,,40.55,,77.3,,49.5,,85.2,,34.25,,71.8,,,110000,0.008936055,0.006390992,0.347,0.623493976,1,-35.2812742,149.1172023
Australia,Canberra,University of Canberra,Computer Science,Master,2.0,37800,68.9,1500,450,650,1.52,10,70.2,33.4,52.5,77.3,62.5,127.4,1,66886,14.97010947,52.10509471,,,,,,,,,34.7,,28.7,,28.6,,40.55,,77.3,,49.5,,85.2,,34.25,,71.8,,,79700,0.012333283,0.008820661,0.347,0.727204272,1,-35.2812742,149.1172023
Australia,Canberra,University of Canberra,Computer Science,PhD,4.0,27800,68.9,1500,450,650,1.52,10,70.2,33.4,52.5,77.3,62.5,127.4,1,66886,14.97010947,52.10509471,,,,,,,,,34.7,,28.7,,28.6,,40.55,,77.3,,49.5,,85.2,,34.25,,71.8,,,118300,0.008309101,0.0059426,0.347,0.595084885,1,-35.2812742,149.1172023
Australia,Townsville,James Cook University,Computer Science,Bachelor,3.0,34200,65.2,1200,450,650,1.52,10,70.2,33.4,52.5,77.3,62.5,127.4,1,66886,14.97010947,52.10509471,445.0,415,Australia,Oceania,M,FC,VH,A,14.4,601+,6.5,601+,17.5,701+,46.9,292,36.7,434,16.0,607,76.0,389,6.7,701+,88.9,103=,26.7,107300,0.000405868,0.000290273,0.144,0.632735487,1,-19.3289618,146.756645
Australia,Townsville,James Cook University,Computer Science,Master,2.0,37200,65.2,1200,450,650,1.52,10,70.2,33.4,52.5,77.3,62.5,127.4,1,66886,14.97010947,52.10509471,445.0,415,Australia,Oceania,M,FC,VH,A,14.4,601+,6.5,601+,17.5,701+,46.9,292,36.7,434,16.0,607,76.0,389,6.7,701+,88.9,103=,26.7,77900,0.000559043,0.000399823,0.144,0.733365279,1,-19.3289618,146.756645
Australia,Townsville,James Cook University,Computer Science,PhD,4.0,27200,65.2,1200,450,650,1.52,10,70.2,33.4,52.5,77.3,62.5,127.4,1,66886,14.97010947,52.10509471,445.0,415,Australia,Oceania,M,FC,VH,A,14.4,601+,6.5,601+,17.5,701+,46.9,292,36.7,434,16.0,607,76.0,389,6.7,701+,88.9,103=,26.7,114700,0.000379683,0.000271546,0.144,0.6074069,1,-19.3289618,146.756645
Australia,Armidale,University of New England,Computer Science,Bachelor,3.0,33800,63.8,1100,450,650,1.52,10,70.2,33.4,52.5,77.3,62.5,127.4,1,66886,14.97010947,52.10509471,,,,,,,,,34.7,,28.7,,28.6,,40.55,,77.3,,49.5,,85.2,,34.25,,71.8,,,105800,0.009290791,0.006644696,0.347,0.63786966,1,-30.4901137,151.6393281
Australia,Armidale,University of New England,Computer Science,Master,2.0,36800,63.8,1100,450,650,1.52,10,70.2,33.4,52.5,77.3,62.5,127.4,1,66886,14.97010947,52.10509471,,,,,,,,,34.7,,28.7,,28.6,,40.55,,77.3,,49.5,,85.2,,34.25,,71.8,,,76900,0.012782344,0.009141825,0.347,0.736788061,1,-30.4901137,151.6393281
Australia,Armidale,University of New England,Computer Science,PhD,4.0,26800,63.8,1100,450,650,1.52,10,70.2,33.4,52.5,77.3,62.5,127.4,1,66886,14.97010947,52.10509471,,,,,,,,,34.7,,28.7,,28.6,,40.55,,77.3,,49.5,,85.2,,34.25,,71.8,,,112700,0.008721972,0.006237881,0.347,0.614252464,1,-30.4901137,151.6393281
Australia,Toowoomba,University of Southern Queensland,Computer Science,Bachelor,3.0,33200,64.2,1100,450,650,1.52,10,70.2,33.4,52.5,77.3,62.5,127.4,1,66886,14.97010947,52.10509471,,,,,,,,,34.7,,28.7,,28.6,,40.55,,77.3,,49.5,,85.2,,34.25,,71.8,,,104000,0.009451592,0.006759699,0.347,0.644030668,1,-27.6067483,151.9293708
Australia,Toowoomba,University of Southern Queensland,Computer Science,Master,2.0,36200,64.2,1100,450,650,1.52,10,70.2,33.4,52.5,77.3,62.5,127.4,1,66886,14.97010947,52.10509471,,,,,,,,,34.7,,28.7,,28.6,,40.55,,77.3,,49.5,,85.2,,34.25,,71.8,,,75700,0.012984967,0.00928674,0.347,0.7408954,1,-27.6067483,151.9293708
Australia,Toowoomba,University of Southern Queensland,Computer Science,PhD,4.0,26200,64.2,1100,450,650,1.52,10,70.2,33.4,52.5,77.3,62.5,127.4,1,66886,14.97010947,52.10509471,,,,,,,,,34.7,,28.7,,28.6,,40.55,,77.3,,49.5,,85.2,,34.25,,71.8,,,110300,0.008911751,0.006373609,0.347,0.622467141,1,-27.6067483,151.9293708
Australia,Ballarat,Federation University,Computer Science,Bachelor,3.0,32800,63.5,1000,450,650,1.52,10,70.2,33.4,52.5,77.3,62.5,127.4,1,66886,14.97010947,52.10509471,,,,,,,,,34.7,,28.7,,28.6,,40.55,,77.3,,49.5,,85.2,,34.25,,71.8,,,102500,0.009589906,0.006858621,0.347,0.649164841,1,-37.5093227,143.8493927
Australia,Ballarat,Federation University,Computer Science,Master,2.0,35800,63.5,1000,450,650,1.52,10,70.2,33.4,52.5,77.3,62.5,127.4,1,66886,14.97010947,52.10509471,,,,,,,,,34.7,,28.7,,28.6,,40.55,,77.3,,49.5,,85.2,,34.25,,71.8,,,74700,0.013158793,0.009411059,0.347,0.744318182,1,-37.5093227,143.8493927
Australia,Ballarat,Federation University,Computer Science,PhD,4.0,25800,63.5,1000,450,650,1.52,10,70.2,33.4,52.5,77.3,62.5,127.4,1,66886,14.97010947,52.10509471,,,,,,,,,34.7,,28.7,,28.6,,40.55,,77.3,,49.5,,85.2,,34.25,,71.8,,,108300,0.009076324,0.006491311,0.347,0.629312705,1,-37.5093227,143.8493927
Australia,Lismore,Southern Cross University,Computer Science,Bachelor,3.0,32200,63.2,1000,450,650,1.52,10,70.2,33.4,52.5,77.3,62.5,127.4,1,66886,14.97010947,52.10509471,,,,,,,,,34.7,,28.7,,28.6,,40.55,,77.3,,49.5,,85.2,,34.25,,71.8,,,100700,0.009761323,0.006981216,0.347,0.655325849,1,-28.8188635,153.3005378
Australia,Lismore,Southern Cross University,Computer Science,Master,2.0,35200,63.2,1000,450,650,1.52,10,70.2,33.4,52.5,77.3,62.5,127.4,1,66886,14.97010947,52.10509471,,,,,,,,,34.7,,28.7,,28.6,,40.55,,77.3,,49.5,,85.2,,34.25,,71.8,,,73500,0.013373628,0.009564706,0.347,0.74842552,1,-28.8188635,153.3005378
Australia,Lismore,Southern Cross University,Computer Science,PhD,4.0,25200,63.2,1000,450,650,1.52,10,70.2,33.4,52.5,77.3,62.5,127.4,1,66886,14.97010947,52.10509471,,,,,,,,,34.7,,28.7,,28.6,,40.55,,77.3,,49.5,,85.2,,34.25,,71.8,,,105900,0.009282018,0.006638422,0.347,0.637527382,1,-28.8188635,153.3005378
USA,Boston,MIT,Computer Science,Master,2.0,58000,82.1,2100,160,1500,1.0,23,61.1,21.0,41.4,59.9,52.8,103.7,19,1715,0.383843222,63.29585919,,,,,,,,,34.7,,28.7,,28.6,,40.55,,77.3,,49.5,,85.2,,34.25,,71.8,,,121860,0.008066362,0.005768995,0.347,0.582899781,1,42.3545473,-71.0913016
UK,London,Imperial College London,Data Science,Master,1.0,42000,75.3,1800,485,800,0.79,23,61.1,21.0,41.4,59.9,52.8,103.7,19,1715,0.383843222,63.29585919,2.0,6,United Kingdom,Europe,L,FC,VH,A,98.5,22,99.5,11,98.2,45,93.9,54,100.0,66,99.6,44,97.4,34,93.4,61,99.7,6,98.5,45085,0.206123852,0.147418051,0.985,0.845683872,5,51.4989595,-0.1756407
Germany,Munich,TU Munich,Mechanical Engineering,Master,2.0,0,71.5,1200,110,900,0.92,21,62.2,24.4,44.0,60.8,52.8,120.2,19,1715,0.383843222,63.29585919,,,,,,,,,34.7,,28.7,,28.6,,40.55,,77.3,,49.5,,85.2,,34.25,,71.8,,,3410,0.288177954,0.206102457,0.347,0.988328313,1,48.1490716,11.5674463
Canada,Toronto,University of Toronto,Business Analytics,Master,2.0,45000,73.8,1700,235,750,1.35,12,64.8,33.2,49.6,71.2,61.7,103.7,2,50000,11.19076449,63.29585919,25.0,21,Canada,Americas,XL,FC,VH,A,99.7,11,96.9,27,44.9,344,50.8,257,96.9,132,96.1,90,97.7,29,98.7,19,100.0,1,84.1,94385,0.101328905,0.072469583,0.997,0.676940717,5,43.6591168,-79.394512
Australia,Melbourne,University of Melbourne,Artificial Intelligence,PhD,4.0,29000,72.4,1500,450,650,1.52,10,70.2,33.4,52.5,77.3,62.5,127.4,1,66886,14.97010947,52.10509471,,,,,,,,,34.7,,28.7,,28.6,,40.55,,77.3,,49.5,,85.2,,34.25,,71.8,,,123100,0.00798511,0.005710884,0.347,0.578655531,1,-37.8241371,144.9170886
USA,Stanford,Stanford University,Physics,PhD,5.0,52000,84.3,2300,160,1500,1.0,23,61.1,21.0,41.4,59.9,52.8,103.7,19,1715,0.383843222,63.29585919,6.0,5,United States,Americas,L,FC,VH,B,100.0,5,100.0,3,100.0,12,99.0,27,70.3,284,60.8,244,96.8,45,100.0,2,81.2,148=,96.1,273160,0.036608447,0.026182054,1.0,0.065032859,5,37.4313138,-122.1693654
UK,Edinburgh,University of Edinburgh,Chemistry,Master,2.0,38000,67.8,1100,485,800,0.79,23,61.1,21.0,41.4,59.9,52.8,103.7,19,1715,0.383843222,63.29585919,,,,,,,,,34.7,,28.7,,28.6,,40.55,,77.3,,49.5,,85.2,,34.25,,71.8,,,79485,0.012366643,0.00884452,0.347,0.72794017,1,55.9440765,-3.1883736
Germany,Berlin,Humboldt University,Computer Science,Bachelor,3.0,0,68.9,950,110,900,0.92,21,62.2,24.4,44.0,60.8,52.8,120.2,19,1715,0.383843222,63.29585919,,,,,,,,,34.7,,28.7,,28.6,,40.55,,77.3,,49.5,,85.2,,34.25,,71.8,,,3860,0.25459078,0.182081192,0.347,0.986788061,1,52.5185794,13.3935975
Canada,Vancouver,University of British Columbia,Environmental Science,Master,2.0,42000,71.2,1600,235,750,1.35,12,64.8,33.2,49.6,71.2,61.7,103.7,2,50000,11.19076449,63.29585919,38.0,34,Canada,Americas,XL,FC,VH,A,98.3,23,94.3,36,34.5,459,57.7,214,95.5,142,72.8,200,96.2,53,74.6,141,99.8,4,81.0,88185,0.079772073,0.057052318,0.983,0.698161966,5,49.2578915,-123.2429755
Australia,Sydney,University of Sydney,Biotechnology,PhD,4.0,31000,75.6,1700,450,650,1.52,10,70.2,33.4,52.5,77.3,62.5,127.4,1,66886,14.97010947,52.10509471,,,,,,,,,34.7,,28.7,,28.6,,40.55,,77.3,,49.5,,85.2,,34.25,,71.8,,,131900,0.00745237,0.005329872,0.347,0.548535049,1,-33.8889073,151.1894111
USA,Berkeley,UC Berkeley,Mathematics,Master,2.0,54000,83.2,2000,160,1500,1.0,23,61.1,21.0,41.4,59.9,52.8,103.7,19,1715,0.383843222,63.29585919,,,,,,,,,34.7,,28.7,,28.6,,40.55,,77.3,,49.5,,85.2,,34.25,,71.8,,,113660,0.008648305,0.006185195,0.347,0.610966594,1,37.8754996,-122.2390685
UK,Manchester,University of Manchester,Engineering,Bachelor,3.0,35000,65.4,900,485,800,0.79,23,61.1,21.0,41.4,59.9,52.8,103.7,19,1715,0.383843222,63.29585919,,,,,,,,,34.7,,28.7,,28.6,,40.55,,77.3,,49.5,,85.2,,34.25,,71.8,,,108985,0.009019278,0.006450512,0.347,0.6269681,1,53.4660226,-2.2330858
Germany,Hamburg,University of Hamburg,Physics,Master,2.0,0,69.8,1100,110,900,0.92,21,62.2,24.4,44.0,60.8,52.8,120.2,19,1715,0.383843222,63.29585919,,,,,,,,,34.7,,28.7,,28.6,,40.55,,77.3,,49.5,,85.2,,34.25,,71.8,,,3210,0.306127375,0.218939733,0.347,0.98901287,1,53.564106,9.9949809
Canada,Montreal,McGill University,Computer Science,PhD,4.0,38000,68.9,1400,235,750,1.35,12,64.8,33.2,49.6,71.2,61.7,103.7,2,50000,11.19076449,63.29585919,29.0,30,Canada,Americas,L,FC,VH,A,94.3,34,87.6,56,62.3,224,57.9,212,83.7,225,89.6,124,94.2,94,98.3,24,99.1,13,83.0,158585,0.054299118,0.038834274,0.943,0.457198111,5,45.5068861,-73.5787118
Australia,Brisbane,University of Queensland,Data Science,Master,2.0,32000,68.7,1200,450,650,1.52,10,70.2,33.4,52.5,77.3,62.5,127.4,1,66886,14.97010947,52.10509471,,,,,,,,,34.7,,28.7,,28.6,,40.55,,77.3,,49.5,,85.2,,34.25,,71.8,,,67500,0.014562377,0.01041489,0.347,0.768962212,1,-27.4981424,153.0111536
USA,New York,Columbia University,Economics,Master,2.0,62000,100.0,2500,160,1500,1.0,23,61.1,21.0,41.4,59.9,52.8,103.7,19,1715,0.383843222,63.29585919,34.0,23,United States,Americas,XL,FC,VH,B,99.6,12,98.8,15,100.0,16,31.7,417,41.5,413,97.0,79,98.5,19,99.9,9,71.8,211=,82.0,130660,0.075539909,0.054025509,0.996,0.552779299,5,40.8071816,-73.9614833
UK,Oxford,University of Oxford,Computer Science,PhD,4.0,40000,71.5,1400,485,800,0.79,23,61.1,21.0,41.4,59.9,52.8,103.7,19,1715,0.383843222,63.29585919,3.0,3,United Kingdom,Europe,L,FC,VH,A,100.0,2,100.0,5,100.0,8,84.8,93,98.1,120,97.7,73,100.0,1,100.0,3,85.0,126,96.9,166885,0.059921144,0.0428551,1.0,0.42878902,5,51.7525461,-1.21433
Germany,Dresden,TU Dresden,Mechanical Engineering,Bachelor,3.0,0,65.4,800,110,900,0.92,21,62.2,24.4,44.0,60.8,52.8,120.2,19,1715,0.383843222,63.29585919,,,,,,,,,34.7,,28.7,,28.6,,40.55,,77.3,,49.5,,85.2,,34.25,,71.8,,,3410,0.288177954,0.206102457,0.347,0.988328313,1,51.029867,13.7303171
Canada,Ottawa,University of Ottawa,Artificial Intelligence,Master,2.0,40000,67.8,1300,235,750,1.35,12,64.8,33.2,49.6,71.2,61.7,103.7,2,50000,11.19076449,63.29585919,189.0,203,Canada,Americas,XL,FC,VH,A,26.2,340,23.3,406,3.5,701+,81.3,106,91.7,179,77.8,181,93.0,119,39.8,323,92.9,72,47.3,83585,0.011094442,0.007934652,0.262,0.713906763,4,45.4225271,-75.6833904
Australia,Perth,University of Western Australia,Physics,Master,2.0,30000,67.2,1100,450,650,1.52,10,70.2,33.4,52.5,77.3,62.5,127.4,1,66886,14.97010947,52.10509471,,,,,,,,,34.7,,28.7,,28.6,,40.55,,77.3,,49.5,,85.2,,34.25,,71.8,,,63300,0.015528586,0.011105914,0.347,0.783337897,1,-31.9758916,115.8174875
USA,Atlanta,Georgia Tech,Engineering,PhD,5.0,48000,71.2,1700,160,1500,1.0,23,61.1,21.0,41.4,59.9,52.8,103.7,19,1715,0.383843222,63.29585919,,,,,,,,,34.7,,28.7,,28.6,,40.55,,77.3,,49.5,,85.2,,34.25,,71.8,,,250160,0.003929369,0.002810252,0.347,0.143756846,1,33.7760948,-84.3988077
UK,Bristol,University of Bristol,Data Science,Master,2.0,36000,68.9,1200,485,800,0.79,23,61.1,21.0,41.4,59.9,52.8,103.7,19,1715,0.383843222,63.29585919,54.0,55,United Kingdom,Europe,L,FC,VH,A,75.8,78,82.5,69,36.7,437,75.9,134,87.5,206,89.8,121,94.6,84,51.2,250,98.9,17,75.4,75685,0.055809529,0.039914507,0.758,0.740946742,5,51.5007679,-2.5503106
Germany,Frankfurt,Goethe University,Computer Science,Master,2.0,0,72.3,1300,110,900,0.92,21,62.2,24.4,44.0,60.8,52.8,120.2,19,1715,0.383843222,63.29585919,,,,,,,,,34.7,,28.7,,28.6,,40.55,,77.3,,49.5,,85.2,,34.25,,71.8,,,3610,0.272216837,0.194687201,0.347,0.987643757,1,50.1716692,8.6279846
Canada,Calgary,University of Calgary,Mathematics,Bachelor,4.0,35000,65.4,1200,235,750,1.35,12,64.8,33.2,49.6,71.2,61.7,103.7,2,50000,11.19076449,63.29585919,198.0,182,Canada,Americas,XL,FC,VH,A,37.9,227,44.5,207,18.1,701+,40.3,350,77.7,246,66.2,225,85.2,243,53.3,236,93.3,68=,46.3,145785,0.016269395,0.011635735,0.379,0.501009721,4,51.0750862,-114.1299504
Australia,Adelaide,University of Adelaide,Chemistry,PhD,4.0,28000,64.5,1000,450,650,1.52,10,70.2,33.4,52.5,77.3,62.5,127.4,1,66886,14.97010947,52.10509471,,,,,,,,,34.7,,28.7,,28.6,,40.55,,77.3,,49.5,,85.2,,34.25,,71.8,,,117100,0.008394249,0.006003497,0.347,0.599192223,1,-34.9189226,138.6042367
USA,Los Angeles,UCLA,Computer Science,Master,2.0,52000,79.8,2200,160,1500,1.0,23,61.1,21.0,41.4,59.9,52.8,103.7,19,1715,0.383843222,63.29585919,,,,,,,,,34.7,,28.7,,28.6,,40.55,,77.3,,49.5,,85.2,,34.25,,71.8,,,110060,0.008931184,0.006387508,0.347,0.623288609,1,34.0708777,-118.4468503
UK,Glasgow,University of Glasgow,Physics,Bachelor,3.0,34000,64.5,950,485,800,0.79,23,61.1,21.0,41.4,59.9,52.8,103.7,19,1715,0.383843222,63.29585919,78.0,76,United Kingdom,Europe,XL,FC,VH,A,77.4,75,67.7,110,38.0,418,32.5,405,95.7,141,99.4,49,97.6,30,33.5,378,98.5,20,65.0,106135,0.021368339,0.015282457,0.774,0.636723028,5,55.8727036,-4.2919966
Germany,Stuttgart,University of Stuttgart,Engineering,Master,2.0,0,68.7,1100,110,900,0.92,21,62.2,24.4,44.0,60.8,52.8,120.2,19,1715,0.383843222,63.29585919,,,,,,,,,34.7,,28.7,,28.6,,40.55,,77.3,,49.5,,85.2,,34.25,,71.8,,,3210,0.306127375,0.218939733,0.347,0.98901287,1,48.7133801,9.212073
Canada,Edmonton,University of Alberta,Data Science,Master,2.0,37000,64.3,1100,235,750,1.35,12,64.8,33.2,49.6,71.2,61.7,103.7,2,50000,11.19076449,63.29585919,96.0,111,Canada,Americas,XL,FC,VH,A,57.0,136,42.2,222,39.1,400,61.3,194,98.3,116,71.0,207,96.0,55,70.0,159,97.6,28,61.2,77185,0.038271189,0.027371234,0.57,0.735812568,5,53.52682,-113.5244937
Australia,Canberra,Australian National University,Computer Science,PhD,4.0,33000,69.8,1300,450,650,1.52,10,70.2,33.4,52.5,77.3,62.5,127.4,1,66886,14.97010947,52.10509471,,,,,,,,,34.7,,28.7,,28.6,,40.55,,77.3,,49.5,,85.2,,34.25,,71.8,,,138300,0.007107505,0.005083228,0.347,0.526629244,1,-35.2812742,149.1172023
USA,Austin,UT Austin,Mathematics,Master,2.0,45000,68.9,1600,160,1500,1.0,23,61.1,21.0,41.4,59.9,52.8,103.7,19,1715,0.383843222,63.29585919,,,,,,,,,34.7,,28.7,,28.6,,40.55,,77.3,,49.5,,85.2,,34.25,,71.8,,,94860,0.010362267,0.007411006,0.347,0.675314896,1,30.2851494,-97.7339352
UK,Leeds,University of Leeds,Chemistry,PhD,4.0,35000,63.2,900,485,800,0.79,23,61.1,21.0,41.4,59.9,52.8,103.7,19,1715,0.383843222,63.29585919,82.0,75,United Kingdom,Europe,XL,FC,VH,A,70.5,91,75.9,83,36.4,438,39.8,355,82.5,230,88.5,132,98.8,14,50.9,251,71.8,211=,63.8,144885,0.026664481,0.019070213,0.705,0.504090225,5,53.8057925,-1.555111
Germany,Heidelberg,Heidelberg University,Physics,Bachelor,3.0,0,67.8,1000,110,900,0.92,21,62.2,24.4,44.0,60.8,52.8,120.2,19,1715,0.383843222,63.29585919,,,,,,,,,34.7,,28.7,,28.6,,40.55,,77.3,,49.5,,85.2,,34.25,,71.8,,,4010,0.245069808,0.175271873,0.347,0.986274644,1,49.4186003,8.6692402
Canada,Halifax,Dalhousie University,Engineering,Master,2.0,36000,63.4,1000,235,750,1.35,12,64.8,33.2,49.6,71.2,61.7,103.7,2,50000,11.19076449,63.29585919,275.0,298,Canada,Americas,L,FC,VH,A,19.4,463,16.7,513,12.9,701+,53.5,239,99.9,86,74.6,189,77.4,369,30.1,416,87.9,109,38.2,74985,0.006703518,0.0047943,0.194,0.743342689,3,44.636201,-63.5919961
Australia,Gold Coast,Griffith University,Data Science,Master,2.0,29000,65.4,1100,450,650,1.52,10,70.2,33.4,52.5,77.3,62.5,127.4,1,66886,14.97010947,52.10509471,255.0,243,Australia,Oceania,L,FC,VH,A,27.0,324,13.7,593,8.4,701+,62.5,187,99.8,90,38.5,363,92.1,135,17.9,602,96.4,40,40.1,61300,0.004000424,0.00286107,0.27,0.790183461,3,-27.9633383,153.384692
USA,Seattle,University of Washington,Computer Science,PhD,5.0,50000,77.8,2000,160,1500,1.0,23,61.1,21.0,41.4,59.9,52.8,103.7,19,1715,0.383843222,63.29585919,76.0,63,United States,Americas,XL,FC,VH,A,81.9,66,55.5,150,28.6,542,78.8,119,11.0,701+,32.8,407,95.6,67,68.7,170,66.5,235,65.3,261660,0.014571717,0.01042157,0.819,0.104394852,5,47.6554303,-122.3001692
UK,Sheffield,University of Sheffield,Engineering,Master,2.0,33000,62.3,850,485,800,0.79,23,61.1,21.0,41.4,59.9,52.8,103.7,19,1715,0.383843222,63.29585919,,,,,,,,,34.7,,28.7,,28.6,,40.55,,77.3,,49.5,,85.2,,34.25,,71.8,,,68985,0.014248906,0.010190698,0.347,0.763879381,1,53.3729622,-1.5059315
Germany,Cologne,University of Cologne,Mathematics,Master,2.0,0,69.8,1200,110,900,0.92,21,62.2,24.4,44.0,60.8,52.8,120.2,19,1715,0.383843222,63.29585919,285.0,268,Germany,Europe,L,FO,VH,A,35.2,250,30.4,310,15.7,701+,29.3,440,35.9,444,30.1,429,90.8,158,56.8,212,91.9,78=,37.2,3410,0.50622105,0.362045052,0.352,0.988328313,3,50.9280446,6.9281305
Canada,Quebec City,Laval University,Physics,Bachelor,3.0,34000,62.1,900,235,750,1.35,12,64.8,33.2,49.6,71.2,61.7,103.7,2,50000,11.19076449,63.29585919,,,,,,,,,34.7,,28.7,,28.6,,40.55,,77.3,,49.5,,85.2,,34.25,,71.8,,,105685,0.009300901,0.006651926,0.347,0.63826328,1,46.7811622,-71.2768002
Australia,Newcastle,University of Newcastle,Chemistry,Master,2.0,27000,63.2,950,450,650,1.52,10,70.2,33.4,52.5,77.3,62.5,127.4,1,66886,14.97010947,52.10509471,,,,,,,,,34.7,,28.7,,28.6,,40.55,,77.3,,49.5,,85.2,,34.25,,71.8,,,57000,0.017244873,0.012333389,0.347,0.804901424,1,-32.8950307,151.6978663
USA,Pittsburgh,Carnegie Mellon,Data Science,Master,2.0,56000,65.4,1500,160,1500,1.0,23,61.1,21.0,41.4,59.9,52.8,103.7,19,1715,0.383843222,63.29585919,,,,,,,,,34.7,,28.7,,28.6,,40.55,,77.3,,49.5,,85.2,,34.25,,71.8,,,116660,0.008425909,0.00602614,0.347,0.600698248,1,40.4441897,-79.9427192
UK,Nottingham,University of Nottingham,Computer Science,PhD,4.0,34000,61.2,800,485,800,0.79,23,61.1,21.0,41.4,59.9,52.8,103.7,19,1715,0.383843222,63.29585919,108.0,100,United Kingdom,Europe,XL,FC,VH,A,61.1,117,65.8,116,32.8,481,37.6,368,89.4,194,70.5,208,98.0,25,38.0,339,97.0,33,58.5,140485,0.017798215,0.012729134,0.611,0.519150465,4,52.9387428,-1.2002957
Germany,Bonn,University of Bonn,Engineering,Master,2.0,0,67.8,1100,110,900,0.92,21,62.2,24.4,44.0,60.8,52.8,120.2,19,1715,0.383843222,63.29585919,,,,,,,,,34.7,,28.7,,28.6,,40.55,,77.3,,49.5,,85.2,,34.25,,71.8,,,3210,0.306127375,0.218939733,0.347,0.98901287,1,50.7338124,7.1022465
Canada,Victoria,University of Victoria,Mathematics,Master,2.0,35000,64.5,1100,235,750,1.35,12,64.8,33.2,49.6,71.2,61.7,103.7,2,50000,11.19076449,63.29585919,,,,,,,,,34.7,,28.7,,28.6,,40.55,,77.3,,49.5,,85.2,,34.25,,71.8,,,73185,0.013431189,0.009605874,0.347,0.749503697,1,48.4283182,-123.364953
Australia,Hobart,University of Tasmania,Physics,Bachelor,3.0,26000,62.1,900,450,650,1.52,10,70.2,33.4,52.5,77.3,62.5,127.4,1,66886,14.97010947,52.10509471,293.0,307,Australia,Oceania,M,CO,VH,A,16.0,552,7.4,601+,22.1,635,59.8,203,79.9,240,89.7,123,80.0,323,15.9,636,85.6,123,37.0,81800,0.001438369,0.001028709,0.16,0.720016429,3,-42.906822,147.3218083
USA,San Diego,UC San Diego,Chemistry,PhD,5.0,49000,75.6,1900,160,1500,1.0,23,61.1,21.0,41.4,59.9,52.8,103.7,19,1715,0.383843222,63.29585919,,,,,,,,,34.7,,28.7,,28.6,,40.55,,77.3,,49.5,,85.2,,34.25,,71.8,,,256160,0.003837333,0.002744428,0.347,0.123220153,1,32.7724979,-117.1880314
UK,Durham,Durham University,Engineering,Master,2.0,35000,63.4,900,485,800,0.79,23,61.1,21.0,41.4,59.9,52.8,103.7,19,1715,0.383843222,63.29585919,89.0,78,United Kingdom,Europe,L,FC,VH,A,59.6,126,83.9,65,26.3,567,40.9,342,97.3,125,84.9,153,89.7,172,39.4,326,98.6,19,61.7,73085,0.045229729,0.032347923,0.596,0.749845975,5,54.7641282,-1.5863066
Germany,Aachen,RWTH Aachen,Computer Science,Bachelor,3.0,0,68.9,1000,110,900,0.92,21,62.2,24.4,44.0,60.8,52.8,120.2,19,1715,0.383843222,63.29585919,,,,,,,,,34.7,,28.7,,28.6,,40.55,,77.3,,49.5,,85.2,,34.25,,71.8,,,4010,0.245069808,0.175271873,0.347,0.986274644,1,50.7791657,6.0689209
Canada,Winnipeg,University of Manitoba,Data Science,Master,2.0,33000,61.2,900,235,750,1.35,12,64.8,33.2,49.6,71.2,61.7,103.7,2,50000,11.19076449,63.29585919,,671-680,Canada,Americas,L,FC,VH,A,13.6,601+,15.9,536,29.6,526,12.0,694,77.3,,43.2,334,73.1,439,32.8,390,16.3,570=,,68785,0.007581775,0.005422422,0.136,0.764563938,1,49.9042395,-97.1617229
Australia,Wollongong,University of Wollongong,Mathematics,PhD,4.0,28000,63.4,950,450,650,1.52,10,70.2,33.4,52.5,77.3,62.5,127.4,1,66886,14.97010947,52.10509471,167.0,162,Australia,Oceania,L,FC,VH,A,29.5,300,24.5,393,17.0,701+,94.6,52,91.8,178,56.3,265,89.0,185,18.3,596,93.9,62=,50.3,116900,0.003835297,0.002742972,0.295,0.59987678,4,-34.4050554,150.8783465
USA,San Francisco,UC Berkeley Extension,Data Science,Master,2.0,52000,95.2,2400,160,1500,1.0,23,61.1,21.0,41.4,59.9,52.8,103.7,19,1715,0.383843222,63.29585919,,,,,,,,,34.7,,28.7,,28.6,,40.55,,77.3,,49.5,,85.2,,34.25,,71.8,,,110460,0.008898842,0.006364377,0.347,0.621919496,1,37.7792588,-122.4193286
UK,London,King's College London,Computer Science,Master,1.0,39000,75.3,1900,485,800,0.79,23,61.1,21.0,41.4,59.9,52.8,103.7,19,1715,0.383843222,63.29585919,40.0,40,United Kingdom,Europe,XL,FC,VH,A,90.3,44,85.7,64,64.3,210,53.6,238,99.1,103,99.5,47,98.6,17,59.8,205,96.2,44=,80.2,42185,0.121482482,0.086883253,0.903,0.85560994,5,51.5030855,-0.0900021
Switzerland,Zurich,ETH Zurich,Computer Science,Master,2.0,1500,122.4,2000,140,1200,0.89,1,101.1,46.5,74.9,109.1,97.0,158.7,36,445,0.099597804,63.29585919,,,,,,,,,34.7,,28.7,,28.6,,40.55,,77.3,,49.5,,85.2,,34.25,,71.8,,,8340,0.117848579,0.084284316,0.347,0.971453998,1,47.413218,8.5374914
France,Paris,Sorbonne University,Data Analytics,Master,2.0,4500,84.3,1800,99,850,0.92,15,63.7,21.0,43.2,69.5,56.3,102.4,11,5000,1.119076449,63.29585919,63.0,59,France,Europe,XL,FC,VH,A,87.2,49,52.0,166,43.0,363,72.3,144,33.8,471,46.7,315,99.8,4,79.7,125,87.6,111,70.3,13549,0.305859779,0.21874835,0.872,0.953624726,5,48.8468997,2.3574487
Ireland,Dublin,Trinity College Dublin,Computer Science,PhD,4.0,18900,83.6,1700,150,750,0.92,14,64.4,42.3,53.8,59.3,65.3,101.1,17,2096,0.469116847,63.29585919,,,,,,,,,34.7,,28.7,,28.6,,40.55,,77.3,,49.5,,85.2,,34.25,,71.8,,,83300,0.011800279,0.00843946,0.347,0.714882256,1,53.3438434,-6.2543853
USA,Chicago,University of Chicago,Data Science,Master,2.0,58000,84.1,1900,160,1500,1.0,23,61.1,21.0,41.4,59.9,52.8,103.7,19,1715,0.383843222,63.29585919,21.0,11,United States,Americas,L,FC,VH,B,99.1,17,96.4,29,94.2,69,60.8,197,79.0,244,87.0,140,85.1,245,99.1,16,46.9,330=,86.2,121460,0.078652736,0.056251778,0.991,0.584268894,5,41.7913274,-87.6008421
UK,Cambridge,Anglia Ruskin University,Data Analytics,Bachelor,3.0,35000,71.2,1500,485,800,0.79,23,61.1,21.0,41.4,59.9,52.8,103.7,19,1715,0.383843222,63.29585919,,,,,,,,,34.7,,28.7,,28.6,,40.55,,77.3,,49.5,,85.2,,34.25,,71.8,,,110785,0.008872737,0.006345707,0.347,0.620807092,1,52.2033882,0.1350226
Switzerland,Lausanne,EPFL,Computer Science,PhD,4.0,1500,119.8,1900,140,1200,0.89,1,101.1,46.5,74.9,109.1,97.0,158.7,36,445,0.099597804,63.29585919,26.0,36,Switzerland,Europe,M,FO,VH,A,84.2,56,67.2,111,91.2,80,93.6,57,100.0,28,100.0,14,81.7,291,27.2,440,86.7,114=,83.5,14940,0.122337193,0.087494535,0.842,0.948863636,5,46.5209498,6.5860758
France,Lyon,University of Lyon,Data Science,Master,2.0,4200,75.6,1200,99,850,0.92,15,63.7,21.0,43.2,69.5,56.3,102.4,11,5000,1.119076449,63.29585919,,,,,,,,,34.7,,28.7,,28.6,,40.55,,77.3,,49.5,,85.2,,34.25,,71.8,,,11749,0.083657447,0.059831105,0.347,0.959785734,1,45.7578137,4.8320114
Ireland,Cork,University College Cork,Computer Science,Master,2.0,16800,75.4,1300,150,750,0.92,14,64.4,42.3,53.8,59.3,65.3,101.1,17,2096,0.469116847,63.29585919,273.0,292,Ireland,Europe,L,FC,VH,A,30.1,294,35.1,270,22.1,636,28.5,457,89.0,198,52.1,281,69.1,497,34.0,371,91.0,88,38.3,37100,0.032166249,0.023005032,0.301,0.873014786,3,51.8947384,-8.4903073
USA,Boston,Northeastern University,Data Analytics,Master,2.0,54000,82.1,2200,160,1500,1.0,23,61.1,21.0,41.4,59.9,52.8,103.7,19,1715,0.383843222,63.29585919,396.0,375,United States,Americas,XL,CO,VH,B,19.2,470,11.8,601+,15.4,701+,24.6,501,51.6,360,96.4,85,67.3,516,44.0,291,72.3,205=,29.7,114060,0.00455195,0.003255517,0.192,0.609597481,2,42.3351053,-71.0892579
UK,Edinburgh,Heriot-Watt University,Computer Science,Master,1.0,37000,67.8,1200,485,800,0.79,23,61.1,21.0,41.4,59.9,52.8,103.7,19,1715,0.383843222,63.29585919,256.0,235,United Kingdom,Europe,M,CO,VH,A,17.8,507,27.1,356,17.6,701+,65.2,171,100.0,79,98.1,69,75.4,402,26.3,451,25.7,483=,39.9,39485,0.018050195,0.012909348,0.178,0.864851451,3,55.9102959,-3.3234475
Switzerland,Geneva,University of Geneva,Data Science,Master,2.0,1500,116.5,1800,140,1200,0.89,1,101.1,46.5,74.9,109.1,97.0,158.7,36,445,0.099597804,63.29585919,155.0,128,Switzerland,Europe,L,FC,VH,A,45.5,183,17.2,499,40.4,387,62.4,189,100.0,51,97.6,74,94.2,93,49.5,258,42.3,355=,51.6,7940,0.107215716,0.076679781,0.455,0.972823111,4,46.1985541,6.1509888
France,Toulouse,University of Toulouse,Computer Science,Bachelor,3.0,4000,71.2,900,99,850,0.92,15,63.7,21.0,43.2,69.5,56.3,102.4,11,5000,1.119076449,63.29585919,,,,,,,,,34.7,,28.7,,28.6,,40.55,,77.3,,49.5,,85.2,,34.25,,71.8,,,15649,0.062809904,0.044921117,0.347,0.946436884,1,43.6044638,1.4442433
Ireland,Galway,NUI Galway,Data Analytics,Master,2.0,15900,72.3,1100,150,750,0.92,14,64.4,42.3,53.8,59.3,65.3,101.1,17,2096,0.469116847,63.29585919,,,,,,,,,34.7,,28.7,,28.6,,40.55,,77.3,,49.5,,85.2,,34.25,,71.8,,,34900,0.028164666,0.020143133,0.347,0.880544907,1,53.2932299,-9.0777541
USA,Seattle,University of Washington,Data Science,PhD,4.0,51000,77.8,2100,160,1500,1.0,23,61.1,21.0,41.4,59.9,52.8,103.7,19,1715,0.383843222,63.29585919,76.0,63,United States,Americas,XL,FC,VH,A,81.9,66,55.5,150,28.6,542,78.8,119,11.0,701+,32.8,407,95.6,67,68.7,170,66.5,235,65.3,214060,0.017811979,0.012738978,0.819,0.267319277,5,47.6554303,-122.3001692
UK,Birmingham,University of Birmingham,Computer Science,Master,1.0,36000,65.4,1100,485,800,0.79,23,61.1,21.0,41.4,59.9,52.8,103.7,19,1715,0.383843222,63.29585919,80.0,84,United Kingdom,Europe,XL,FC,VH,A,68.9,94,69.0,105,39.0,402,40.5,348,92.6,171,89.3,127,97.5,31,44.5,285,96.8,35,64.1,38385,0.079990101,0.057208249,0.689,0.868616512,5,52.4522956,-1.9312857
Switzerland,Basel,University of Basel,Data Science,Master,2.0,1500,114.3,1700,140,1200,0.89,1,101.1,46.5,74.9,109.1,97.0,158.7,36,445,0.099597804,63.29585919,131.0,124,Switzerland,Europe,M,FC,VH,A,26.6,331,13.5,601+,61.4,232,94.5,53,100.0,44,85.8,147,89.4,176,69.9,160,44.6,343=,54.3,7740,0.121902855,0.0871839,0.266,0.973507667,4,47.5612651,7.5752961
France,Bordeaux,University of Bordeaux,Data Analytics,Master,2.0,4300,72.1,1000,99,850,0.92,15,63.7,21.0,43.2,69.5,56.3,102.4,11,5000,1.119076449,63.29585919,535.0,465,France,Europe,XL,FO,VH,A,31.3,284,5.5,601+,11.5,701+,17.6,588,27.1,517,23.3,500,92.9,120,16.7,620,20.1,530=,22.9,11549,0.007952381,0.005687476,0.313,0.96047029,1,44.841225,-0.5800364
Ireland,Limerick,University of Limerick,Computer Science,Bachelor,4.0,15400,71.2,1000,150,750,0.92,14,64.4,42.3,53.8,59.3,65.3,101.1,17,2096,0.469116847,63.29585919,421.0,426,Ireland,Europe,L,FC,HI,A,18.3,497,25.5,371,15.7,701+,23.0,520,87.1,209,30.8,421,72.5,447,8.0,701+,76.4,176=,28.3,66500,0.003067623,0.002193938,0.183,0.772384995,1,52.6732581,-8.5698097
USA,Austin,UT Austin,Computer Science,Master,2.0,49000,68.9,1800,160,1500,1.0,23,61.1,21.0,41.4,59.9,52.8,103.7,19,1715,0.383843222,63.29585919,,,,,,,,,34.7,,28.7,,28.6,,40.55,,77.3,,49.5,,85.2,,34.25,,71.8,,,103260,0.009519325,0.006808141,0.347,0.646563527,1,30.2851494,-97.7339352
UK,Manchester,University of Salford,Data Science,Master,1.0,35000,65.4,1000,485,800,0.79,23,61.1,21.0,41.4,59.9,52.8,103.7,19,1715,0.383843222,63.29585919,,851-900,United Kingdom,Europe,L,CO,HI,A,6.8,601+,3.9,601+,6.4,701+,6.9,701+,36.7,435,69.8,212,63.6,579,9.6,701+,5.8,701+,,37285,0.00100413,0.000718146,0.068,0.872381572,1,53.4732203,-2.2970993
Switzerland,St. Gallen,University of St. Gallen,Data Analytics,Master,2.0,1500,112.1,1600,140,1200,0.89,1,101.1,46.5,74.9,109.1,97.0,158.7,36,445,0.099597804,63.29585919,,,,,,,,,34.7,,28.7,,28.6,,40.55,,77.3,,49.5,,85.2,,34.25,,71.8,,,7540,0.130350749,0.093225763,0.347,0.974192223,1,47.4300025,9.3722184
France,Nice,University of Nice,Computer Science,Master,2.0,4100,76.5,1300,99,850,0.92,15,63.7,21.0,43.2,69.5,56.3,102.4,11,5000,1.119076449,63.29585919,,,,,,,,,34.7,,28.7,,28.6,,40.55,,77.3,,49.5,,85.2,,34.25,,71.8,,,11749,0.083657447,0.059831105,0.347,0.959785734,1,43.7009358,7.2683912
Ireland,Maynooth,Maynooth University,Data Science,PhD,4.0,14900,70.1,950,150,750,0.92,14,64.4,42.3,53.8,59.3,65.3,101.1,17,2096,0.469116847,63.29585919,,801-850,Ireland,Europe,M,FO,VH,A,10.4,601+,7.7,601+,9.2,701+,12.7,673,87.4,207,16.7,591,48.5,701+,9.2,701+,6.4,701+,,64300,0.001101694,0.000787922,0.104,0.779915115,1,53.3821766,-6.5987338
USA,Denver,University of Denver,Data Analytics,Master,2.0,47000,69.8,1700,160,1500,1.0,23,61.1,21.0,41.4,59.9,52.8,103.7,19,1715,0.383843222,63.29585919,,901-950,United States,Americas,M,CO,VH,B,5.4,601+,7.4,601+,42.2,368,7.8,701+,7.7,701+,5.8,701+,32.7,701+,25.6,460,9.9,667=,,99060,0.001912357,0.001367702,0.054,0.660939211,1,39.6766157,-104.9623745
UK,Leeds,Leeds Beckett University,Computer Science,Bachelor,3.0,34000,63.2,900,485,800,0.79,23,61.1,21.0,41.4,59.9,52.8,103.7,19,1715,0.383843222,63.29585919,,1001-1200,United Kingdom,Europe,L,CO,HI,A,4.5,601+,5.9,601+,3.8,701+,7.5,701+,39.1,424,27.4,452,24.8,701+,8.5,701+,1.5,701+,,105985,0.000473176,0.000338411,0.045,0.637236446,1,53.8261442,-1.5933537
Switzerland,Bern,University of Bern,Data Science,Master,2.0,1500,110.4,1500,140,1200,0.89,1,101.1,46.5,74.9,109.1,97.0,158.7,36,445,0.099597804,63.29585919,161.0,126,Switzerland,Europe,M,FO,VH,A,29.7,298,16.1,530,45.9,338,99.3,22,100.0,48,38.0,370,93.8,103,30.7,410,52.1,305=,51.2,7340,0.067330064,0.048153897,0.297,0.97487678,4,46.9509726,7.4386841
France,Lille,University of Lille,Data Analytics,PhD,4.0,4200,69.8,950,99,850,0.92,15,63.7,21.0,43.2,69.5,56.3,102.4,11,5000,1.119076449,63.29585919,,,,,,,,,34.7,,28.7,,28.6,,40.55,,77.3,,49.5,,85.2,,34.25,,71.8,,,21549,0.045613689,0.032622528,0.347,0.92624247,1,50.6365654,3.0635282
Ireland,Waterford,Waterford IT,Computer Science,Master,2.0,14500,68.9,900,150,750,0.92,14,64.4,42.3,53.8,59.3,65.3,101.1,17,2096,0.469116847,63.29585919,,,,,,,,,34.7,,28.7,,28.6,,40.55,,77.3,,49.5,,85.2,,34.25,,71.8,,,31700,0.031007697,0.022176445,0.347,0.891497809,1,52.2609997,-7.1119081
USA,Portland,Portland State University,Data Science,Master,2.0,45000,71.2,1600,160,1500,1.0,23,61.1,21.0,41.4,59.9,52.8,103.7,19,1715,0.383843222,63.29585919,,1201-1400,United States,Americas,L,CO,VH,A,4.1,601+,1.7,601+,9.3,701+,9.2,701+,1.6,701+,6.1,701+,44.4,701+,9.7,701+,6.8,701+,,94860,0.000173833,0.000124324,0.041,0.675314896,1,45.5118121,-122.686121
UK,Bristol,UWE Bristol,Computer Science,Master,1.0,33000,68.9,1100,485,800,0.79,23,61.1,21.0,41.4,59.9,52.8,103.7,19,1715,0.383843222,63.29585919,,,,,,,,,34.7,,28.7,,28.6,,40.55,,77.3,,49.5,,85.2,,34.25,,71.8,,,35385,0.027778641,0.019867051,0.347,0.878884858,1,51.5007679,-2.5503106
Switzerland,Lugano,USI Lugano,Data Analytics,Master,2.0,1500,108.9,1400,140,1200,0.89,1,101.1,46.5,74.9,109.1,97.0,158.7,36,445,0.099597804,63.29585919,,,,,,,,,34.7,,28.7,,28.6,,40.55,,77.3,,49.5,,85.2,,34.25,,71.8,,,7140,0.13765229,0.098447764,0.347,0.975561336,1,46.0109126,8.9581205
France,Strasbourg,University of Strasbourg,Computer Science,Master,2.0,4000,70.2,1000,99,850,0.92,15,63.7,21.0,43.2,69.5,56.3,102.4,11,5000,1.119076449,63.29585919,,,,,,,,,34.7,,28.7,,28.6,,40.55,,77.3,,49.5,,85.2,,34.25,,71.8,,,10949,0.089769406,0.064202327,0.347,0.962523959,1,48.5817042,7.7646555
Ireland,Sligo,IT Sligo,Data Science,Bachelor,4.0,14000,67.5,850,150,750,0.92,14,64.4,42.3,53.8,59.3,65.3,101.1,17,2096,0.469116847,63.29585919,,,,,,,,,34.7,,28.7,,28.6,,40.55,,77.3,,49.5,,85.2,,34.25,,71.8,,,60300,0.016301139,0.011658438,0.347,0.793606243,1,54.1162723,-9.143917
USA,Minneapolis,University of Minnesota,Computer Science,PhD,4.0,48000,72.3,1700,160,1500,1.0,23,61.1,21.0,41.4,59.9,52.8,103.7,19,1715,0.383843222,63.29585919,,,,,,,,,34.7,,28.7,,28.6,,40.55,,77.3,,49.5,,85.2,,34.25,,71.8,,,200460,0.004903572,0.003506994,0.347,0.313869113,1,44.9863392,-93.1794558
UK,Cardiff,Cardiff University,Data Analytics,Master,1.0,34000,64.5,950,485,800,0.79,23,61.1,21.0,41.4,59.9,52.8,103.7,19,1715,0.383843222,63.29585919,186.0,154,United Kingdom,Europe,L,FC,VH,A,46.8,171,43.2,213,36.1,441,30.0,437,82.8,229,67.7,219,92.3,132,18.9,584,96.0,46=,47.6,36235,0.022532288,0.016114904,0.468,0.875975493,4,51.4887426,-3.1795999
Switzerland,Fribourg,University of Fribourg,Computer Science,Master,2.0,1500,107.8,1300,140,1200,0.89,1,101.1,46.5,74.9,109.1,97.0,158.7,36,445,0.099597804,63.29585919,,,,,,,,,34.7,,28.7,,28.6,,40.55,,77.3,,49.5,,85.2,,34.25,,71.8,,,6940,0.141618643,0.101284466,0.347,0.976245893,1,46.793058,7.157106
France,Grenoble,Grenoble INP,Data Science,Master,2.0,4100,71.5,1100,99,850,0.92,15,63.7,21.0,43.2,69.5,56.3,102.4,11,5000,1.119076449,63.29585919,,,,,,,,,34.7,,28.7,,28.6,,40.55,,77.3,,49.5,,85.2,,34.25,,71.8,,,11349,0.086605727,0.06193969,0.347,0.961154847,1,45.1908798,5.7169733
Ireland,Athlone,Athlone IT,Data Analytics,Master,2.0,13800,66.7,800,150,750,0.92,14,64.4,42.3,53.8,59.3,65.3,101.1,17,2096,0.469116847,63.29585919,,,,,,,,,34.7,,28.7,,28.6,,40.55,,77.3,,49.5,,85.2,,34.25,,71.8,,,30100,0.032655892,0.02335522,0.347,0.896974261,1,53.4228434,-7.9425897
Norway,Oslo,University of Oslo,Computer Science,Master,2.0,0,83.2,1400,275,700,10.45,6,76.0,26.2,52.1,79.0,73.5,114.7,43,250,0.055953822,63.29585919,119.0,117,Norway,Europe,L,FC,VH,A,55.6,139,16.0,534,73.8,175,55.7,225,91.6,180,31.7,416,97.3,35,80.9,121,72.1,208=,56.1,3775,0.34279661,0.245165262,0.556,0.987078998,4,59.9414173,10.7227683
Finland,Helsinki,University of Helsinki,Data Science,Master,2.0,0,79.4,1200,350,650,0.92,17,63.2,19.7,42.4,63.0,63.6,118.0,27,1000,0.22381529,63.29585919,117.0,115,Finland,Europe,L,CO,VH,A,62.3,110,29.1,324,59.4,246,49.6,267,73.4,272,5.7,701+,96.9,43,90.5,74,94.5,60,56.8,3400,0.774345781,0.553805612,0.623,0.988362541,4,60.2267221,25.01767
Germany,Berlin,Technical University Berlin,Mechanical Engineering,Master,2.0,0,68.9,1100,110,900,0.92,21,62.2,24.4,44.0,60.8,52.8,120.2,19,1715,0.383843222,63.29585919,,,,,,,,,34.7,,28.7,,28.6,,40.55,,77.3,,49.5,,85.2,,34.25,,71.8,,,3210,0.306127375,0.218939733,0.347,0.98901287,1,52.5173885,13.3951309
Denmark,Copenhagen,University of Copenhagen,Physics,PhD,4.0,0,82.1,1500,450,800,7.45,7,72.3,26.4,50.2,64.8,81.3,127.2,42,274,0.061325389,63.29585919,100.0,107,Denmark,Europe,XL,FC,VH,A,74.0,83,31.6,299,99.8,27,23.1,519,84.9,221,15.6,613,98.2,22,90.8,72,73.2,198=,59.6,7250,0.395708178,0.283007172,0.74,0.97518483,5,55.6801502,12.572327
Norway,Trondheim,NTNU,Robotics,Master,2.0,0,75.6,1100,275,700,10.45,6,76.0,26.2,52.1,79.0,73.5,114.7,43,250,0.055953822,63.29585919,,,,,,,,,34.7,,28.7,,28.6,,40.55,,77.3,,49.5,,85.2,,34.25,,71.8,,,3175,0.309500945,0.221352481,0.347,0.989132667,1,63.4233305,10.4655259
Finland,Espoo,Aalto University,Computer Engineering,Bachelor,3.0,0,77.8,1000,350,650,0.92,17,63.2,19.7,42.4,63.0,63.6,118.0,27,1000,0.22381529,63.29585919,113.0,109,Finland,Europe,L,FO,VH,A,45.7,180,40.6,231,33.2,476,73.6,141,95.2,146,40.1,354,78.2,355,95.1,52,94.7,59,57.9,4000,0.965023744,0.690176893,0.457,0.986308872,4,60.1844626,24.8235709
Germany,Munich,LMU Munich,Mathematics,PhD,4.0,0,71.5,1300,110,900,0.92,21,62.2,24.4,44.0,60.8,52.8,120.2,19,1715,0.383843222,63.29585919,,,,,,,,,34.7,,28.7,,28.6,,40.55,,77.3,,49.5,,85.2,,34.25,,71.8,,,6210,0.158263565,0.113188775,0.347,0.978744524,1,48.1521649,11.581535
Denmark,Aarhus,Aarhus University,Data Analytics,Master,2.0,0,76.5,1200,450,800,7.45,7,72.3,26.4,50.2,64.8,81.3,127.2,42,274,0.061325389,63.29585919,144.0,143,Denmark,Europe,L,FC,VH,A,54.7,144,27.6,349,30.8,509,63.8,177,89.8,192,11.9,682,96.1,54,69.5,162,76.4,176=,53.3,3650,0.525390304,0.375754742,0.547,0.987506846,4,56.1670905,10.2026177
Norway,Bergen,University of Bergen,Artificial Intelligence,Master,2.0,0,74.3,1200,275,700,10.45,6,76.0,26.2,52.1,79.0,73.5,114.7,43,250,0.055953822,63.29585919,291.0,281,Norway,Europe,L,FC,VH,A,31.6,280,8.3,601+,64.9,205,28.3,460,93.3,167,16.9,589,90.7,160,63.9,184,33.6,416=,37.1,3375,0.157100118,0.112356688,0.316,0.988448111,3,60.3809342,5.3313021
Finland,Tampere,Tampere University,Software Engineering,Master,2.0,0,72.1,900,350,650,0.92,17,63.2,19.7,42.4,63.0,63.6,118.0,27,1000,0.22381529,63.29585919,462.0,436,Finland,Europe,L,FC,VH,A,21.7,407,15.4,548,20.4,662,33.1,400,44.5,398,5.9,701+,84.8,251,30.8,409,23.0,508,26.0,2800,0.169339522,0.121110207,0.217,0.99041621,1,61.4934627,23.77895
Germany,Dresden,TU Dresden,Computer Science,Bachelor,3.0,0,65.4,900,110,900,0.92,21,62.2,24.4,44.0,60.8,52.8,120.2,19,1715,0.383843222,63.29585919,,,,,,,,,34.7,,28.7,,28.6,,40.55,,77.3,,49.5,,85.2,,34.25,,71.8,,,3710,0.264881434,0.189440981,0.347,0.987301479,1,51.029867,13.7303171
Denmark,Odense,University of Southern Denmark,Biotechnology,Master,2.0,0,73.2,1100,450,800,7.45,7,72.3,26.4,50.2,64.8,81.3,127.2,42,274,0.061325389,63.29585919,,,,,,,,,34.7,,28.7,,28.6,,40.55,,77.3,,49.5,,85.2,,34.25,,71.8,,,3450,0.284837728,0.203713556,0.347,0.988191402,1,55.3678532,10.4280534
Norway,Tromsø,UiT Arctic University,Marine Technology,PhD,4.0,0,71.2,1000,275,700,10.45,6,76.0,26.2,52.1,79.0,73.5,114.7,43,250,0.055953822,63.29585919,,,,,,,,,34.7,,28.7,,28.6,,40.55,,77.3,,49.5,,85.2,,34.25,,71.8,,,4975,0.197543207,0.141281246,0.347,0.982971659,1,69.6819069,18.9724906
Finland,Turku,University of Turku,Bioinformatics,Master,2.0,0,71.8,850,350,650,0.92,17,63.2,19.7,42.4,63.0,63.6,118.0,27,1000,0.22381529,63.29585919,375.0,315,Finland,Europe,L,FC,VH,A,27.8,317,12.1,601+,52.3,291,29.3,442,33.2,477,4.4,701+,86.3,229,39.9,321,52.5,302=,31.2,2700,0.178744909,0.127836861,0.278,0.990758488,2,60.4560732,22.2864097
Germany,Hamburg,TU Hamburg,Electrical Engineering,Master,2.0,0,69.8,1200,110,900,0.92,21,62.2,24.4,44.0,60.8,52.8,120.2,19,1715,0.383843222,63.29585919,,,,,,,,,34.7,,28.7,,28.6,,40.55,,77.3,,49.5,,85.2,,34.25,,71.8,,,3410,0.288177954,0.206102457,0.347,0.988328313,1,53.4610001,9.9692264
Denmark,Aalborg,Aalborg University,Energy Engineering,Bachelor,3.0,0,71.5,1000,450,800,7.45,7,72.3,26.4,50.2,64.8,81.3,127.2,42,274,0.061325389,63.29585919,306.0,336,Denmark,Europe,L,FC,VH,A,19.9,450,20.8,439,25.5,580,53.2,241,77.3,250,14.9,627,92.1,134,23.3,486,75.6,183,35.7,4250,0.114006116,0.081536219,0.199,0.985453176,2,57.0159071,9.9753082
Norway,Stavanger,University of Stavanger,Petroleum Engineering,Master,2.0,0,72.4,1100,275,700,10.45,6,76.0,26.2,52.1,79.0,73.5,114.7,43,250,0.055953822,63.29585919,,1401+,Norway,Europe,M,CO,VH,,7.1,601+,5.8,601+,84.6,108,5.0,701+,77.3,,49.5,,69.6,489,10.0,701+,5.1,701+,,3175,0.018261965,0.013060804,0.071,0.989132667,1,58.9377085,5.6937667
Finland,Oulu,University of Oulu,Computer Science,PhD,4.0,0,70.2,800,350,650,0.92,17,63.2,19.7,42.4,63.0,63.6,118.0,27,1000,0.22381529,63.29585919,344.0,313,Finland,Europe,M,FC,VH,A,15.1,582,13.5,600,25.3,587,59.4,207,65.3,300,8.6,701+,89.4,175,21.7,528,68.6,226,32.9,4200,0.069733397,0.049872741,0.151,0.985624315,2,65.0593277,25.4673577
Germany,Stuttgart,University of Stuttgart,Aerospace Engineering,Master,2.0,0,68.7,1100,110,900,0.92,21,62.2,24.4,44.0,60.8,52.8,120.2,19,1715,0.383843222,63.29585919,,,,,,,,,34.7,,28.7,,28.6,,40.55,,77.3,,49.5,,85.2,,34.25,,71.8,,,3210,0.306127375,0.218939733,0.347,0.98901287,1,48.7133801,9.212073
Denmark,Roskilde,Roskilde University,Environmental Science,Master,2.0,0,70.8,1000,450,800,7.45,7,72.3,26.4,50.2,64.8,81.3,127.2,42,274,0.061325389,63.29585919,,,,,,,,,34.7,,28.7,,28.6,,40.55,,77.3,,49.5,,85.2,,34.25,,71.8,,,3250,0.302360812,0.216245919,0.347,0.988875958,1,55.6527054,12.1393296
Norway,Ås,Norwegian University of Life Sciences,Biotechnology,Master,2.0,0,70.5,900,275,700,10.45,6,76.0,26.2,52.1,79.0,73.5,114.7,43,250,0.055953822,63.29585919,,,,,,,,,34.7,,28.7,,28.6,,40.55,,77.3,,49.5,,85.2,,34.25,,71.8,,,2775,0.354097622,0.253247652,0.347,0.99050178,1,59.667874,10.7617344
Finland,Vaasa,University of Vaasa,Industrial Management,Master,2.0,0,69.8,800,350,650,0.92,17,63.2,19.7,42.4,63.0,63.6,118.0,27,1000,0.22381529,63.29585919,,,,,,,,,34.7,,28.7,,28.6,,40.55,,77.3,,49.5,,85.2,,34.25,,71.8,,,2600,0.377921953,0.270286613,0.347,0.991100767,1,63.1043241,21.5935646
Germany,Karlsruhe,KIT,Mechatronics,PhD,4.0,0,67.9,1000,110,900,0.92,21,62.2,24.4,44.0,60.8,52.8,120.2,19,1715,0.383843222,63.29585919,,,,,,,,,34.7,,28.7,,28.6,,40.55,,77.3,,49.5,,85.2,,34.25,,71.8,,,5010,0.19616344,0.140294448,0.347,0.982851862,1,49.0111548,8.4163751
Denmark,Lyngby,Technical University of Denmark,Quantum Engineering,Master,2.0,0,81.2,1400,450,800,7.45,7,72.3,26.4,50.2,64.8,81.3,127.2,42,274,0.061325389,63.29585919,109.0,121,Denmark,Europe,M,FO,VH,A,33.2,265,22.1,421,99.1,34,84.4,98,100.0,55,87.7,135,88.1,194,43.6,293,47.9,328,58.3,4050,0.237857319,0.170113561,0.332,0.986137733,4,55.7854145,12.5202151
Norway,Bodø,Nord University,Marine Biology,Bachelor,3.0,0,69.4,850,275,700,10.45,6,76.0,26.2,52.1,79.0,73.5,114.7,43,250,0.055953822,63.29585919,,,,,,,,,34.7,,28.7,,28.6,,40.55,,77.3,,49.5,,85.2,,34.25,,71.8,,,3525,0.27877907,0.199380454,0.347,0.987934693,1,67.289197,14.5604308
Finland,Jyväskylä,University of Jyväskylä,Data Science,Master,2.0,0,68.7,750,350,650,0.92,17,63.2,19.7,42.4,63.0,63.6,118.0,27,1000,0.22381529,63.29585919,489.0,446,Finland,Europe,M,FO,VH,A,16.2,548,11.4,601+,87.7,96,12.1,687,44.0,400,2.6,701+,81.2,303,10.4,701+,16.3,570=,24.5,2500,0.047405038,0.033903686,0.162,0.991443045,1,62.2317777,25.735787
Germany,Darmstadt,TU Darmstadt,Computer Engineering,Master,2.0,0,66.8,950,110,900,0.92,21,62.2,24.4,44.0,60.8,52.8,120.2,19,1715,0.383843222,63.29585919,,,,,,,,,34.7,,28.7,,28.6,,40.55,,77.3,,49.5,,85.2,,34.25,,71.8,,,2910,0.337676056,0.241503085,0.347,0.990039704,1,49.8611518,8.681944
Denmark,Kolding,University of Southern Denmark,Software Engineering,PhD,4.0,0,69.5,900,450,800,7.45,7,72.3,26.4,50.2,64.8,81.3,127.2,42,274,0.061325389,63.29585919,,,,,,,,,34.7,,28.7,,28.6,,40.55,,77.3,,49.5,,85.2,,34.25,,71.8,,,4850,0.202633478,0.144921765,0.347,0.983399507,1,55.4903842,9.4648653
Norway,Gjøvik,NTNU Gjøvik,Information Security,Master,2.0,0,68.9,800,275,700,10.45,6,76.0,26.2,52.1,79.0,73.5,114.7,43,250,0.055953822,63.29585919,,,,,,,,,34.7,,28.7,,28.6,,40.55,,77.3,,49.5,,85.2,,34.25,,71.8,,,2575,0.381589674,0.272909736,0.347,0.991186336,1,60.7896668,10.682363
Finland,Lappeenranta,LUT University,Industrial Engineering,Master,2.0,0,67.5,700,350,650,0.92,17,63.2,19.7,42.4,63.0,63.6,118.0,27,1000,0.22381529,63.29585919,,,,,,,,,34.7,,28.7,,28.6,,40.55,,77.3,,49.5,,85.2,,34.25,,71.8,,,2400,0.409402332,0.292801117,0.347,0.991785323,1,61.0649409,28.0959847
Germany,Bremen,University of Bremen,Robotics,Master,2.0,0,66.5,900,110,900,0.92,21,62.2,24.4,44.0,60.8,52.8,120.2,19,1715,0.383843222,63.29585919,,,,,,,,,34.7,,28.7,,28.6,,40.55,,77.3,,49.5,,85.2,,34.25,,71.8,,,2810,0.349688723,0.250094444,0.347,0.990381982,1,53.1079646,8.8556646
Denmark,Esbjerg,University of Southern Denmark,Environmental Engineering,Master,2.0,0,68.4,850,450,800,7.45,7,72.3,26.4,50.2,64.8,81.3,127.2,42,274,0.061325389,63.29585919,,,,,,,,,34.7,,28.7,,28.6,,40.55,,77.3,,49.5,,85.2,,34.25,,71.8,,,2950,0.33309895,0.238229577,0.347,0.989902793,1,55.4819544,8.4865905
Norway,Kristiansand,University of Agder,Renewable Energy,PhD,4.0,0,67.8,850,275,700,10.45,6,76.0,26.2,52.1,79.0,73.5,114.7,43,250,0.055953822,63.29585919,,,,,,,,,34.7,,28.7,,28.6,,40.55,,77.3,,49.5,,85.2,,34.25,,71.8,,,4375,0.224628656,0.160652532,0.347,0.985025329,1,58.1630985,8.0014426
Finland,Kuopio,University of Eastern Finland,Environmental Science,Bachelor,3.0,0,66.9,700,350,650,0.92,17,63.2,19.7,42.4,63.0,63.6,118.0,27,1000,0.22381529,63.29585919,535.0,548,Finland,Europe,L,CO,VH,A,13.8,601+,7.6,601+,43.7,357,18.4,576,37.4,431,5.2,701+,86.4,224,4.2,701+,78.6,164=,22.9,3100,0.010293454,0.007361792,0.138,0.989389376,1,62.8937283,27.6394748
Germany,Aachen,RWTH Aachen,Materials Science,Master,2.0,0,68.9,1000,110,900,0.92,21,62.2,24.4,44.0,60.8,52.8,120.2,19,1715,0.383843222,63.29585919,,,,,,,,,34.7,,28.7,,28.6,,40.55,,77.3,,49.5,,85.2,,34.25,,71.8,,,3010,0.326461309,0.233482392,0.347,0.989697426,1,50.7791657,6.0689209
Denmark,Slagelse,University of Copenhagen,Bioinformatics,Master,2.0,0,67.5,900,450,800,7.45,7,72.3,26.4,50.2,64.8,81.3,127.2,42,274,0.061325389,63.29585919,100.0,107,Denmark,Europe,XL,FC,VH,A,74.0,83,31.6,299,99.8,27,23.1,519,84.9,221,15.6,613,98.2,22,90.8,72,73.2,198=,59.6,3050,0.9404392,0.672594234,0.74,0.989560515,5,55.4061196,11.3525415
Norway,Horten,University of South-Eastern Norway,Systems Engineering,Master,2.0,0,66.7,800,275,700,10.45,6,76.0,26.2,52.1,79.0,73.5,114.7,43,250,0.055953822,63.29585919,,,,,,,,,34.7,,28.7,,28.6,,40.55,,77.3,,49.5,,85.2,,34.25,,71.8,,,2575,0.381589674,0.272909736,0.347,0.991186336,1,59.4101728,10.4437392
Finland,Joensuu,University of Eastern Finland,Forestry Sciences,PhD,4.0,0,65.8,650,350,650,0.92,17,63.2,19.7,42.4,63.0,63.6,118.0,27,1000,0.22381529,63.29585919,535.0,548,Finland,Europe,L,CO,VH,A,13.8,601+,7.6,601+,43.7,357,18.4,576,37.4,431,5.2,701+,86.4,224,4.2,701+,78.6,164=,22.9,3600,0.008864204,0.006339605,0.138,0.987677985,1,62.6043509,29.7422326
Germany,Jena,University of Jena,Photonics,Master,2.0,0,65.4,850,110,900,0.92,21,62.2,24.4,44.0,60.8,52.8,120.2,19,1715,0.383843222,63.29585919,,,,,,,,,34.7,,28.7,,28.6,,40.55,,77.3,,49.5,,85.2,,34.25,,71.8,,,2710,0.362587606,0.259319617,0.347,0.990724261,1,50.9294489,11.5894399
Denmark,Herning,Aarhus University,Engineering Management,Master,2.0,0,66.2,800,450,800,7.45,7,72.3,26.4,50.2,64.8,81.3,127.2,42,274,0.061325389,63.29585919,144.0,143,Denmark,Europe,L,FC,VH,A,54.7,144,27.6,349,30.8,509,63.8,177,89.8,192,11.9,682,96.1,54,69.5,162,76.4,176=,53.3,2850,0.672816556,0.481192761,0.547,0.990245071,4,56.1379757,8.9746623
New Zealand,Auckland,University of Auckland,Computer Science,Master,2.0,32000,79.5,1200,330,600,1.65,13,64.6,25.9,46.0,71.9,57.1,121.0,3,32000,7.162089271,70.45794846,,,,,,,,,34.7,,28.7,,28.6,,40.55,,77.3,,49.5,,85.2,,34.25,,71.8,,,67330,0.014599145,0.010441186,0.347,0.769544085,1,-36.8660955,174.7737331
USA,Boston,Northeastern University,Data Science,Master,2.0,54000,82.1,2000,160,1500,1.0,23,61.1,21.0,41.4,59.9,52.8,103.7,19,1715,0.383843222,63.29585919,396.0,375,United States,Americas,XL,CO,VH,B,19.2,470,11.8,601+,15.4,701+,24.6,501,51.6,360,96.4,85,67.3,516,44.0,291,72.3,205=,29.7,113660,0.00456797,0.003266974,0.192,0.610966594,2,42.3351053,-71.0892579
Sweden,Stockholm,KTH Royal Institute,Engineering Physics,Master,2.0,0,78.4,1100,120,750,10.45,25,59.3,20.9,40.9,60.8,54.7,122.6,16,2340,0.523727778,63.29585919,,,,,,,,,34.7,,28.7,,28.6,,40.55,,77.3,,49.5,,85.2,,34.25,,71.8,,,3070,0.320083035,0.228920704,0.347,0.989492059,1,59.3498665,18.0706321
Netherlands,Amsterdam,University of Amsterdam,Artificial Intelligence,PhD,4.0,15000,81.2,1300,171,720,0.92,18,63.1,33.5,48.9,59.9,61.2,124.9,19,1715,0.383843222,63.29585919,55.0,53,Netherlands,Europe,XL,FC,VH,A,83.8,60,52.1,163,21.4,648,92.2,67,96.0,139,87.5,138,96.3,50,79.8,124,38.2,384=,73.7,66091,0.062905949,0.044989808,0.838,0.773784912,5,52.3681334,4.8898042
Portugal,Lisbon,University of Lisbon,Computer Engineering,Master,2.0,7000,65.8,800,75,400,0.92,50,45.1,24.0,35.0,43.8,36.9,56.9,19,1715,0.383843222,63.29585919,,,,,,,,,34.7,,28.7,,28.6,,40.55,,77.3,,49.5,,85.2,,34.25,,71.8,,,16075,0.061145496,0.043730747,0.347,0.944978779,1,38.7525379,-9.1568456
New Zealand,Wellington,Victoria University,Data Analytics,Master,2.0,30000,75.6,1100,330,600,1.65,13,64.6,25.9,46.0,71.9,57.1,121.0,3,32000,7.162089271,70.45794846,,,,,,,,,34.7,,28.7,,28.6,,40.55,,77.3,,49.5,,85.2,,34.25,,71.8,,,63130,0.015570401,0.01113582,0.347,0.78391977,1,-41.2793942,174.7783525
USA,Austin,UT Austin,Robotics,PhD,5.0,48000,68.9,1600,160,1500,1.0,23,61.1,21.0,41.4,59.9,52.8,103.7,19,1715,0.383843222,63.29585919,,,,,,,,,34.7,,28.7,,28.6,,40.55,,77.3,,49.5,,85.2,,34.25,,71.8,,,249660,0.003937239,0.00281588,0.347,0.145468237,1,30.2851494,-97.7339352
Sweden,Uppsala,Uppsala University,Mathematics,Bachelor,3.0,0,72.3,900,120,750,10.45,25,59.3,20.9,40.9,60.8,54.7,122.6,16,2340,0.523727778,63.29585919,103.0,105,Sweden,Europe,L,FC,VH,A,61.4,115,33.7,277,52.0,292,42.3,326,99.4,99,81.1,170,96.7,49,68.4,171,99.2,11=,59.3,3570,0.64549986,0.46165609,0.614,0.987780668,4,59.8576363,17.6294616
Netherlands,Rotterdam,Erasmus University,Business Analytics,Master,2.0,14500,77.8,1200,171,720,0.92,18,63.1,33.5,48.9,59.9,61.2,124.9,19,1715,0.383843222,63.29585919,,,,,,,,,34.7,,28.7,,28.6,,40.55,,77.3,,49.5,,85.2,,34.25,,71.8,,,32291,0.030440202,0.021770577,0.347,0.889474945,1,51.9176312,4.5259623
Portugal,Porto,University of Porto,Software Engineering,Master,2.0,6500,62.4,700,75,400,0.92,50,45.1,24.0,35.0,43.8,36.9,56.9,19,1715,0.383843222,63.29585919,278.0,253,Portugal,Europe,XL,FC,VH,A,41.3,206,17.9,492,10.8,701+,59.6,205,6.6,701+,19.8,543,95.1,77,39.1,327,53.1,298=,38.1,14875,0.047048266,0.033648525,0.413,0.949086117,3,41.1784933,-8.5961974
New Zealand,Christchurch,University of Canterbury,Mechanical Engineering,PhD,4.0,31000,72.4,950,330,600,1.65,13,64.6,25.9,46.0,71.9,57.1,121.0,3,32000,7.162089271,70.45794846,,,,,,,,,34.7,,28.7,,28.6,,40.55,,77.3,,49.5,,85.2,,34.25,,71.8,,,128730,0.007635884,0.00546112,0.347,0.559385268,1,-43.5240894,172.5803004
USA,San Diego,UC San Diego,Biotechnology,Master,2.0,49000,75.6,1900,160,1500,1.0,23,61.1,21.0,41.4,59.9,52.8,103.7,19,1715,0.383843222,63.29585919,,,,,,,,,34.7,,28.7,,28.6,,40.55,,77.3,,49.5,,85.2,,34.25,,71.8,,,103460,0.009500923,0.006794981,0.347,0.64587897,1,32.7724979,-117.1880314
Sweden,Gothenburg,Chalmers University,Sustainable Energy,Master,2.0,0,71.2,950,120,750,10.45,25,59.3,20.9,40.9,60.8,54.7,122.6,16,2340,0.523727778,63.29585919,,,,,,,,,34.7,,28.7,,28.6,,40.55,,77.3,,49.5,,85.2,,34.25,,71.8,,,2770,0.354736557,0.253704612,0.347,0.990518894,1,57.6897462,11.9765259
Netherlands,Delft,TU Delft,Computer Science,Master,2.0,15500,76.5,1100,171,720,0.92,18,63.1,33.5,48.9,59.9,61.2,124.9,19,1715,0.383843222,63.29585919,,,,,,,,,34.7,,28.7,,28.6,,40.55,,77.3,,49.5,,85.2,,34.25,,71.8,,,34091,0.028833011,0.020621128,0.347,0.883313938,1,51.9988274,4.3739604
Portugal,Coimbra,University of Coimbra,Data Science,Bachelor,3.0,6000,58.9,600,75,400,0.92,50,45.1,24.0,35.0,43.8,36.9,56.9,19,1715,0.383843222,63.29585919,355.0,351,Portugal,Europe,L,FC,VH,A,29.4,301,10.8,601+,10.3,701+,49.8,264,8.1,701+,22.9,504,91.2,154,31.1,404,75.8,181=,32.1,20275,0.016565398,0.011847433,0.294,0.930603094,2,40.1861497,-8.4152502
New Zealand,Dunedin,University of Otago,Information Systems,Master,2.0,29000,70.2,900,330,600,1.65,13,64.6,25.9,46.0,71.9,57.1,121.0,3,32000,7.162089271,70.45794846,214.0,206,New Zealand,Oceania,L,FC,VH,A,45.0,187,24.6,388,12.8,701+,38.8,361,100.0,50,37.6,375,79.5,332,59.1,208,96.0,48,44.4,60730,0.023939339,0.017121215,0.45,0.792134447,3,-45.8649793,170.5146149
USA,Seattle,University of Washington,Computer Engineering,Master,2.0,51000,77.8,2100,160,1500,1.0,23,61.1,21.0,41.4,59.9,52.8,103.7,19,1715,0.383843222,63.29585919,76.0,63,United States,Americas,XL,FC,VH,A,81.9,66,55.5,150,28.6,542,78.8,119,11.0,701+,32.8,407,95.6,67,68.7,170,66.5,235,65.3,107860,0.035349663,0.025281783,0.819,0.630818729,5,47.6554303,-122.3001692
Sweden,Lund,Lund University,Physics,PhD,4.0,0,73.4,1000,120,750,10.45,25,59.3,20.9,40.9,60.8,54.7,122.6,16,2340,0.523727778,63.29585919,75.0,85,Sweden,Europe,L,FC,VH,A,68.3,96,52.5,160,55.5,271,44.6,309,97.4,124,73.4,198,96.7,48,86.5,95,99.6,8,65.6,4870,0.932303428,0.666775598,0.683,0.983331051,5,55.7126504,13.2107587
Netherlands,Eindhoven,TU Eindhoven,Artificial Intelligence,Master,2.0,14800,72.3,950,171,720,0.92,18,63.1,33.5,48.9,59.9,61.2,124.9,19,1715,0.383843222,63.29585919,,,,,,,,,34.7,,28.7,,28.6,,40.55,,77.3,,49.5,,85.2,,34.25,,71.8,,,32391,0.030346227,0.021703368,0.347,0.889132667,1,51.451447,5.4843212
Portugal,Braga,University of Minho,Computer Science,Master,2.0,6200,57.8,550,75,400,0.92,50,45.1,24.0,35.0,43.8,36.9,56.9,19,1715,0.383843222,63.29585919,,611-620,Portugal,Europe,L,FC,VH,A,15.6,565,7.1,601+,26.5,566,21.0,543,15.9,652,14.9,624,83.7,268,8.6,701+,52.1,305=,,13975,0.004368918,0.003124614,0.156,0.952166621,1,41.5599112,-8.3968123
New Zealand,Hamilton,University of Waikato,Environmental Science,Master,2.0,28500,68.9,850,330,600,1.65,13,64.6,25.9,46.0,71.9,57.1,121.0,3,32000,7.162089271,70.45794846,235.0,250,New Zealand,Oceania,M,CO,VH,A,19.1,473,11.7,601+,12.4,701+,84.7,94,99.0,107,56.9,261,55.1,697,46.4,276,89.5,99,42.5,59630,0.00910399,0.006511097,0.191,0.795899507,3,-37.7858739,175.3167665
USA,Atlanta,Georgia Tech,Machine Learning,PhD,5.0,48000,71.2,1700,160,1500,1.0,23,61.1,21.0,41.4,59.9,52.8,103.7,19,1715,0.383843222,63.29585919,,,,,,,,,34.7,,28.7,,28.6,,40.55,,77.3,,49.5,,85.2,,34.25,,71.8,,,250160,0.003929369,0.002810252,0.347,0.143756846,1,33.7760948,-84.3988077
Sweden,Linköping,Linköping University,Computer Science,Master,2.0,0,69.8,850,120,750,10.45,25,59.3,20.9,40.9,60.8,54.7,122.6,16,2340,0.523727778,63.29585919,304.0,268,Sweden,Europe,L,CO,VH,A,18.5,489,26.6,360,37.9,420,45.4,304,81.9,231,32.6,409,84.6,253,42.4,305,41.0,360=,35.8,2570,0.438677557,0.313738512,0.185,0.99120345,2,58.3977911,15.5754544
Netherlands,Utrecht,Utrecht University,Data Science,Bachelor,3.0,13900,75.4,1100,171,720,0.92,18,63.1,33.5,48.9,59.9,61.2,124.9,19,1715,0.383843222,63.29585919,105.0,107,Netherlands,Europe,XL,FC,VH,A,66.5,103,38.8,244,31.0,508,79.5,112,55.7,337,19.4,559,97.3,37,54.7,228,61.9,258=,59.1,45891,0.04624684,0.033075353,0.665,0.84292511,4,52.1592134,5.3799549
Portugal,Aveiro,University of Aveiro,Robotics,PhD,4.0,6800,56.7,500,75,400,0.92,50,45.1,24.0,35.0,43.8,36.9,56.9,19,1715,0.383843222,63.29585919,359.0,344,Portugal,Europe,L,CO,VH,A,13.9,601+,5.6,601+,11.1,701+,90.6,73,4.2,701+,15.3,617,89.0,183,2.7,701+,57.7,276=,31.9,29675,0.000509503,0.000364392,0.139,0.898428943,2,40.6320293,-8.6597957
New Zealand,Palmerston North,Massey University,Computer Engineering,Bachelor,3.0,27500,67.5,800,330,600,1.65,13,64.6,25.9,46.0,71.9,57.1,121.0,3,32000,7.162089271,70.45794846,239.0,239,New Zealand,Oceania,M,CO,VH,A,30.1,293,14.0,585,48.0,324,27.4,473,98.5,112,95.2,96,85.1,244,49.2,259,91.4,81=,41.8,85830,0.008025073,0.005739465,0.301,0.706222618,3,-40.3707288,175.6308345
USA,Pittsburgh,Carnegie Mellon,Software Engineering,Master,2.0,56000,65.4,1500,160,1500,1.0,23,61.1,21.0,41.4,59.9,52.8,103.7,19,1715,0.383843222,63.29585919,,,,,,,,,34.7,,28.7,,28.6,,40.55,,77.3,,49.5,,85.2,,34.25,,71.8,,,116660,0.008425909,0.00602614,0.347,0.600698248,1,40.4441897,-79.9427192
Sweden,Umeå,Umeå University,Artificial Intelligence,Master,2.0,0,68.5,800,120,750,10.45,25,59.3,20.9,40.9,60.8,54.7,122.6,16,2340,0.523727778,63.29585919,,,,,,,,,34.7,,28.7,,28.6,,40.55,,77.3,,49.5,,85.2,,34.25,,71.8,,,2470,0.397804533,0.284506467,0.347,0.991545728,1,63.8217763,20.3043163
Netherlands,Groningen,University of Groningen,Computing Science,PhD,4.0,14200,71.2,900,171,720,0.92,18,63.1,33.5,48.9,59.9,61.2,124.9,19,1715,0.383843222,63.29585919,159.0,139,Netherlands,Europe,XL,FC,VH,A,52.3,156,34.4,275,49.3,318,41.2,339,93.2,168,83.5,161,94.1,97,40.0,319,40.1,368,51.3,61291,0.022449912,0.016055989,0.523,0.790214266,4,53.2194416,6.5629863
Portugal,Faro,University of Algarve,Information Systems,Master,2.0,5900,55.4,480,75,400,0.92,50,45.1,24.0,35.0,43.8,36.9,56.9,19,1715,0.383843222,63.29585919,,,,,,,,,34.7,,28.7,,28.6,,40.55,,77.3,,49.5,,85.2,,34.25,,71.8,,,13235,0.074265261,0.053113892,0.347,0.95469948,1,37.0162944,-7.935182
New Zealand,Auckland,AUT University,Data Analytics,Master,2.0,29500,79.5,1150,330,600,1.65,13,64.6,25.9,46.0,71.9,57.1,121.0,3,32000,7.162089271,70.45794846,,,,,,,,,34.7,,28.7,,28.6,,40.55,,77.3,,49.5,,85.2,,34.25,,71.8,,,62230,0.015795584,0.011296869,0.347,0.787000274,1,-36.8529871,174.76642
USA,Raleigh,NC State University,Computer Science,Master,2.0,47000,67.8,1400,160,1500,1.0,23,61.1,21.0,41.4,59.9,52.8,103.7,19,1715,0.383843222,63.29585919,,,,,,,,,34.7,,28.7,,28.6,,40.55,,77.3,,49.5,,85.2,,34.25,,71.8,,,98460,0.009983394,0.00714004,0.347,0.662992881,1,35.7718497,-78.674087
Sweden,Karlstad,Karlstad University,Information Systems,Bachelor,3.0,0,67.2,750,120,750,10.45,25,59.3,20.9,40.9,60.8,54.7,122.6,16,2340,0.523727778,63.29585919,,,,,,,,,34.7,,28.7,,28.6,,40.55,,77.3,,49.5,,85.2,,34.25,,71.8,,,3120,0.314955143,0.225253278,0.347,0.98932092,1,59.3809146,13.5027631
Netherlands,Tilburg,Tilburg University,Data Science,Master,2.0,14000,70.5,950,171,720,0.92,18,63.1,33.5,48.9,59.9,61.2,124.9,19,1715,0.383843222,63.29585919,347.0,371,Netherlands,Europe,L,SP,VH,A,14.7,594,32.5,291,10.5,701+,55.1,229,98.4,114,60.6,245,56.8,667,14.3,685,15.2,590=,32.8,30791,0.015093206,0.010794534,0.147,0.894609118,2,51.5630608,5.0435985
Portugal,Vila Real,UTAD,Computer Engineering,Master,2.0,5700,54.3,450,75,400,0.92,50,45.1,24.0,35.0,43.8,36.9,56.9,19,1715,0.383843222,63.29585919,,,,,,,,,34.7,,28.7,,28.6,,40.55,,77.3,,49.5,,85.2,,34.25,,71.8,,,12775,0.076939183,0.055026259,0.347,0.956273959,1,41.2866583,-7.7396657
New Zealand,Christchurch,Lincoln University,Environmental Computing,PhD,4.0,28000,72.4,900,330,600,1.65,13,64.6,25.9,46.0,71.9,57.1,121.0,3,32000,7.162089271,70.45794846,,,,,,,,,34.7,,28.7,,28.6,,40.55,,77.3,,49.5,,85.2,,34.25,,71.8,,,116530,0.008435309,0.006032862,0.347,0.601143209,1,-43.530955,172.6364343
USA,Davis,UC Davis,Data Science,Master,2.0,48000,73.2,1600,160,1500,1.0,23,61.1,21.0,41.4,59.9,52.8,103.7,19,1715,0.383843222,63.29585919,,,,,,,,,34.7,,28.7,,28.6,,40.55,,77.3,,49.5,,85.2,,34.25,,71.8,,,100860,0.009745838,0.006970142,0.347,0.654778204,1,38.5337904,-121.7907544
Sweden,Växjö,Linnaeus University,Software Engineering,Master,2.0,0,66.5,700,120,750,10.45,25,59.3,20.9,40.9,60.8,54.7,122.6,16,2340,0.523727778,63.29585919,,,,,,,,,34.7,,28.7,,28.6,,40.55,,77.3,,49.5,,85.2,,34.25,,71.8,,,2270,0.432837957,0.309562079,0.347,0.992230285,1,56.8787183,14.8094385
Netherlands,Wageningen,Wageningen University,Bioinformatics,Master,2.0,14500,69.8,900,171,720,0.92,18,63.1,33.5,48.9,59.9,61.2,124.9,19,1715,0.383843222,63.29585919,,,,,,,,,34.7,,28.7,,28.6,,40.55,,77.3,,49.5,,85.2,,34.25,,71.8,,,31691,0.031016503,0.022182743,0.347,0.891528614,1,51.985445,5.663212
Portugal,Funchal,University of Madeira,Computing,Bachelor,3.0,5500,53.2,400,75,400,0.92,50,45.1,24.0,35.0,43.8,36.9,56.9,19,1715,0.383843222,63.29585919,,,,,,,,,34.7,,28.7,,28.6,,40.55,,77.3,,49.5,,85.2,,34.25,,71.8,,,18175,0.054080931,0.038678228,0.347,0.937790936,1,32.6589198,-16.9246754
Spain,Madrid,Universidad Politécnica de Madrid,Computer Science,Master,2.0,3500,71.4,1100,80,750,0.92,40,47.3,22.9,35.6,46.0,44.1,92.1,19,1715,0.383843222,63.29585919,,,,,,,,,34.7,,28.7,,28.6,,40.55,,77.3,,49.5,,85.2,,34.25,,71.8,,,10030,0.097993719,0.070084287,0.347,0.965669496,1,40.3894172,-3.6282748
Italy,Milan,Politecnico di Milano,Data Engineering,Master,2.0,4000,73.2,1200,120,700,0.92,26,56.2,19.2,38.5,57.0,53.3,78.3,23,1163,0.260297182,63.29585919,111.0,123,Italy,Europe,XL,FO,VH,A,70.8,90,77.0,82,5.8,701+,40.2,351,67.4,292,56.8,262,88.1,197,52.9,239,72.6,202=,58.2,11220,0.363006862,0.259619465,0.708,0.961596386,4,45.4790288,9.2322104
Greece,Athens,National Technical University,Electrical Engineering,PhD,4.0,0,65.8,650,100,600,0.92,35,52.0,12.9,33.2,48.4,51.3,53.0,66,8,0.001790522,63.29585919,,,,,,,,,34.7,,28.7,,28.6,,40.55,,77.3,,49.5,,85.2,,34.25,,71.8,,,3300,0.297780975,0.212970458,0.347,0.988704819,1,37.9878502,23.7318258
Austria,Vienna,TU Wien,Software Engineering,Master,2.0,1500,78.5,950,160,850,0.92,11,65.1,22.5,44.7,66.4,59.3,102.4,41,300,0.067144587,63.29585919,,,,,,,,,34.7,,28.7,,28.6,,40.55,,77.3,,49.5,,85.2,,34.25,,71.8,,,5910,0.166295889,0.118933426,0.347,0.979771358,1,48.1985397,16.3698617
Mexico,Mexico City,UNAM,Computer Engineering,Bachelor,4.0,800,52.4,600,40,400,17.05,60,40.2,15.5,28.4,43.4,35.7,45.4,51,100,0.022381529,63.29585919,,,,,,,,,34.7,,28.7,,28.6,,40.55,,77.3,,49.5,,85.2,,34.25,,71.8,,,6040,0.162717265,0.116374024,0.347,0.979326396,1,19.321597,-99.1849259
Spain,Barcelona,Universitat Politècnica Catalunya,Artificial Intelligence,Master,2.0,3800,73.6,1000,80,750,0.92,40,47.3,22.9,35.6,46.0,44.1,92.1,19,1715,0.383843222,63.29585919,,,,,,,,,34.7,,28.7,,28.6,,40.55,,77.3,,49.5,,85.2,,34.25,,71.8,,,10430,0.094235931,0.067396748,0.347,0.964300383,1,41.2214474,1.7301449
Italy,Rome,Sapienza University,Robotics,PhD,4.0,3500,71.2,1100,120,700,0.92,26,56.2,19.2,38.5,57.0,53.3,78.3,23,1163,0.260297182,63.29585919,,,,,,,,,34.7,,28.7,,28.6,,40.55,,77.3,,49.5,,85.2,,34.25,,71.8,,,19220,0.051140679,0.036575385,0.347,0.934214129,1,41.9035005,12.5147689
Greece,Thessaloniki,Aristotle University,Computer Engineering,Master,2.0,0,62.4,500,100,600,0.92,35,52.0,12.9,33.2,48.4,51.3,53.0,66,8,0.001790522,63.29585919,,,,,,,,,34.7,,28.7,,28.6,,40.55,,77.3,,49.5,,85.2,,34.25,,71.8,,,1700,0.577880658,0.413295403,0.347,0.994181271,1,40.6296719,22.9591469
Austria,Graz,TU Graz,Mechanical Engineering,Bachelor,3.0,1500,71.2,750,160,850,0.92,11,65.1,22.5,44.7,66.4,59.3,102.4,41,300,0.067144587,63.29585919,,,,,,,,,34.7,,28.7,,28.6,,40.55,,77.3,,49.5,,85.2,,34.25,,71.8,,,7760,0.126655714,0.090583105,0.347,0.973439211,1,47.0582807,15.4602462
Mexico,Monterrey,Tecnológico de Monterrey,Data Science,Master,2.0,12000,48.9,700,40,400,17.05,60,40.2,15.5,28.4,43.4,35.7,45.4,51,100,0.022381529,63.29585919,185.0,184,Mexico,Americas,XL,FC,HI,B,53.8,149,91.4,47,62.5,223,2.4,701+,20.8,589,10.6,701+,56.6,670,96.1,43,54.4,291=,48.1,25840,0.339907124,0.243098726,0.538,0.911555312,4,25.6509078,-100.2893611
Spain,Valencia,Universitat de València,Data Science,Master,2.0,3200,68.5,800,80,750,0.92,40,47.3,22.9,35.6,46.0,44.1,92.1,19,1715,0.383843222,63.29585919,,,,,,,,,34.7,,28.7,,28.6,,40.55,,77.3,,49.5,,85.2,,34.25,,71.8,,,8830,0.111309591,0.079607687,0.347,0.969776835,1,39.4604818,-0.3600927
Italy,Turin,Politecnico di Torino,Computer Engineering,Master,2.0,3800,69.8,900,120,700,0.92,26,56.2,19.2,38.5,57.0,53.3,78.3,23,1163,0.260297182,63.29585919,241.0,252,Italy,Europe,XL,FO,VH,A,40.2,213,52.1,165,3.1,701+,51.6,254,4.9,701+,41.0,349,81.4,297,30.6,412,77.9,169,41.7,10220,0.155978867,0.111554778,0.402,0.965019168,3,45.0636974,7.6575263
Greece,Patras,University of Patras,Electronics,PhD,4.0,0,60.5,450,100,600,0.92,35,52.0,12.9,33.2,48.4,51.3,53.0,66,8,0.001790522,63.29585919,,791-800,Greece,Europe,L,FC,VH,A,11.7,601+,17.1,502,2.7,701+,27.0,475,1.4,701+,4.8,701+,60.6,626,3.7,701+,44.9,338=,,2500,0.025297881,0.018092832,0.117,0.991443045,1,38.2869279,21.7851062
Austria,Linz,Johannes Kepler University,Artificial Intelligence,Master,2.0,1500,70.4,700,160,850,0.92,11,65.1,22.5,44.7,66.4,59.3,102.4,41,300,0.067144587,63.29585919,,,,,,,,,34.7,,28.7,,28.6,,40.55,,77.3,,49.5,,85.2,,34.25,,71.8,,,5410,0.181662354,0.129923393,0.347,0.981482749,1,48.3360899,14.3205799
Mexico,Guadalajara,Universidad de Guadalajara,Software Engineering,Bachelor,4.0,900,45.6,500,40,400,17.05,60,40.2,15.5,28.4,43.4,35.7,45.4,51,100,0.022381529,63.29585919,,,,,,,,,34.7,,28.7,,28.6,,40.55,,77.3,,49.5,,85.2,,34.25,,71.8,,,6040,0.162717265,0.116374024,0.347,0.979326396,1,20.6753367,-103.3478572
Spain,Seville,Universidad de Sevilla,Robotics,Master,2.0,3000,65.4,750,80,750,0.92,40,47.3,22.9,35.6,46.0,44.1,92.1,19,1715,0.383843222,63.29585919,462.0,494,Spain,Europe,XL,FC,VH,A,39.1,221,12.6,601+,18.4,701+,8.2,701+,3.5,701+,18.9,567,91.4,152,16.0,634,67.4,231,26.0,8330,0.024198776,0.017306762,0.391,0.971488226,1,37.3604283,-5.9876885
Italy,Bologna,University of Bologna,Information Technology,PhD,4.0,3600,70.5,950,120,700,0.92,26,56.2,19.2,38.5,57.0,53.3,78.3,23,1163,0.260297182,63.29585919,,,,,,,,,34.7,,28.7,,28.6,,40.55,,77.3,,49.5,,85.2,,34.25,,71.8,,,19020,0.051678408,0.036959964,0.347,0.934898686,1,44.4982886,11.354457
Greece,Heraklion,University of Crete,Computer Science,Master,2.0,0,61.2,480,100,600,0.92,35,52.0,12.9,33.2,48.4,51.3,53.0,66,8,0.001790522,63.29585919,,534,Greece,Europe,L,FC,HI,A,13.9,601+,12.7,601+,2.4,701+,58.7,208,2.3,701+,3.5,701+,57.0,663,3.6,701+,1.8,701+,,1660,0.027525587,0.019686069,0.139,0.994318182,1,35.3072756,25.0824949
Austria,Salzburg,University of Salzburg,Data Analytics,Bachelor,3.0,1500,72.3,800,160,850,0.92,11,65.1,22.5,44.7,66.4,59.3,102.4,41,300,0.067144587,63.29585919,,,,,,,,,34.7,,28.7,,28.6,,40.55,,77.3,,49.5,,85.2,,34.25,,71.8,,,7910,0.124254203,0.088865565,0.347,0.972925794,1,47.7947829,13.0541597
Mexico,Puebla,UDLAP,Computer Engineering,Master,2.0,10000,44.5,450,40,400,17.05,60,40.2,15.5,28.4,43.4,35.7,45.4,51,100,0.022381529,63.29585919,,,,,,,,,34.7,,28.7,,28.6,,40.55,,77.3,,49.5,,85.2,,34.25,,71.8,,,21340,0.0460604,0.032942012,0.347,0.926957831,1,19.0512788,-98.280655
Spain,Bilbao,University of the Basque Country,Computer Science,PhD,4.0,3400,67.8,850,80,750,0.92,40,47.3,22.9,35.6,46.0,44.1,92.1,19,1715,0.383843222,63.29585919,,621-630,Spain,Europe,XL,CO,VH,A,19.5,461,7.3,601+,32.8,480,19.0,569,2.4,701+,3.5,701+,90.8,159,22.8,500,7.3,701+,,17830,0.009334305,0.006675817,0.195,0.938971796,1,43.2630018,-2.9350039
Italy,Florence,University of Florence,Cybersecurity,Master,2.0,3500,71.2,1000,120,700,0.92,26,56.2,19.2,38.5,57.0,53.3,78.3,23,1163,0.260297182,63.29585919,375.0,358,Italy,Europe,XL,FC,VH,A,34.6,255,8.4,601+,4.4,701+,46.6,295,7.3,701+,12.3,671,88.5,189,30.3,415,74.5,193=,31.2,9820,0.025915895,0.018534831,0.346,0.96638828,2,43.8041147,11.2729461
Greece,Volos,University of Thessaly,Digital Systems,Master,2.0,0,59.8,400,100,600,0.92,35,52.0,12.9,33.2,48.4,51.3,53.0,66,8,0.001790522,63.29585919,,,,,,,,,34.7,,28.7,,28.6,,40.55,,77.3,,49.5,,85.2,,34.25,,71.8,,,1500,0.65488008,0.468364744,0.347,0.994865827,1,39.3576383,22.9507464
Austria,Innsbruck,University of Innsbruck,Mechatronics,Master,2.0,1500,71.5,780,160,850,0.92,11,65.1,22.5,44.7,66.4,59.3,102.4,41,300,0.067144587,63.29585919,,,,,,,,,34.7,,28.7,,28.6,,40.55,,77.3,,49.5,,85.2,,34.25,,71.8,,,5570,0.176444983,0.126191973,0.347,0.980935104,1,47.263316,11.3844733
Mexico,Queretaro,Tecnologico de Monterrey,Data Analytics,Bachelor,4.0,11000,46.7,480,40,400,17.05,60,40.2,15.5,28.4,43.4,35.7,45.4,51,100,0.022381529,63.29585919,,,,,,,,,34.7,,28.7,,28.6,,40.55,,77.3,,49.5,,85.2,,34.25,,71.8,,,46360,0.021202627,0.015163941,0.347,0.841319825,1,20.6131909,-100.4059081
Spain,Granada,University of Granada,Artificial Intelligence,Master,2.0,2800,64.5,700,80,750,0.92,40,47.3,22.9,35.6,46.0,44.1,92.1,19,1715,0.383843222,63.29585919,431.0,403,Spain,Europe,XL,FC,VH,A,44.4,191,14.1,581,5.7,701+,26.2,482,3.1,701+,14.8,628,96.3,52,4.9,701+,26.3,478=,27.6,7830,0.008822628,0.00630987,0.444,0.973199617,1,37.1827211,-3.6056278
Italy,Naples,University of Naples,Software Engineering,PhD,4.0,3200,67.8,800,120,700,0.92,26,56.2,19.2,38.5,57.0,53.3,78.3,23,1163,0.260297182,63.29585919,,,,,,,,,34.7,,28.7,,28.6,,40.55,,77.3,,49.5,,85.2,,34.25,,71.8,,,16820,0.05843737,0.041793917,0.347,0.942428806,1,40.8436083,14.2577393
Greece,Ioannina,University of Ioannina,Information Systems,Bachelor,4.0,0,58.9,380,100,600,0.92,35,52.0,12.9,33.2,48.4,51.3,53.0,66,8,0.001790522,63.29585919,,1001-1200,Greece,Europe,XL,FC,HI,,7.2,601+,3.8,601+,1.5,701+,19.5,561,1.7,701+,2.5,701+,61.3,612,3.6,701+,2.0,701+,,2220,0.006159388,0.004405142,0.072,0.992401424,1,39.6156591,20.8412647
Austria,Klagenfurt,University of Klagenfurt,Data Science,Master,2.0,1500,69.4,720,160,850,0.92,11,65.1,22.5,44.7,66.4,59.3,102.4,41,300,0.067144587,63.29585919,,580,Austria,Europe,S,FO,VH,A,5.7,601+,3.7,601+,51.3,298,11.3,701+,96.0,138,87.8,134,35.6,701+,9.2,701+,1.6,701+,,5450,0.006244726,0.004466176,0.057,0.981345838,1,46.6164026,14.2646809
Mexico,Merida,Universidad Autonoma de Yucatan,Computer Engineering,Master,2.0,3500,43.2,400,40,400,17.05,60,40.2,15.5,28.4,43.4,35.7,45.4,51,100,0.022381529,63.29585919,,1401+,Mexico,Americas,L,CO,HI,A,5.5,601+,1.5,601+,4.9,701+,2.4,701+,2.2,701+,1.1,701+,10.1,701+,1.6,701+,1.0,701+,,8240,0.000291227,0.000208283,0.055,0.971796276,1,20.9695521,-89.6230118
Spain,Zaragoza,University of Zaragoza,Robotics,Master,2.0,2900,63.2,650,80,750,0.92,40,47.3,22.9,35.6,46.0,44.1,92.1,19,1715,0.383843222,63.29585919,,,,,,,,,34.7,,28.7,,28.6,,40.55,,77.3,,49.5,,85.2,,34.25,,71.8,,,7930,0.123940865,0.088641468,0.347,0.972857338,1,41.6345573,-0.899798
Italy,Pisa,University of Pisa,Computer Engineering,Master,2.0,3300,68.9,850,120,700,0.92,26,56.2,19.2,38.5,57.0,53.3,78.3,23,1163,0.260297182,63.29585919,382.0,349,Italy,Europe,L,FC,VH,A,40.4,212,15.1,556,8.6,701+,38.8,359,5.9,701+,4.2,701+,88.3,193,15.0,665,56.7,281,30.7,9120,0.024832803,0.017760213,0.404,0.968784228,2,43.4714722,10.6797912
Greece,Rhodes,University of the Aegean,Digital Innovation,Master,2.0,0,61.2,420,100,600,0.92,35,52.0,12.9,33.2,48.4,51.3,53.0,66,8,0.001790522,63.29585919,,,,,,,,,34.7,,28.7,,28.6,,40.55,,77.3,,49.5,,85.2,,34.25,,71.8,,,1540,0.637881246,0.456207321,0.347,0.994728916,1,36.4423572,28.2213305
Austria,Leoben,Montanuniversität Leoben,Industrial Engineering,PhD,4.0,1500,68.7,700,160,850,0.92,11,65.1,22.5,44.7,66.4,59.3,102.4,41,300,0.067144587,63.29585919,,,,,,,,,34.7,,28.7,,28.6,,40.55,,77.3,,49.5,,85.2,,34.25,,71.8,,,9810,0.100191112,0.071655844,0.347,0.966422508,1,47.3853829,15.0935383
Mexico,Tijuana,CETYS Universidad,Information Technology,Bachelor,4.0,9500,45.4,550,40,400,17.05,60,40.2,15.5,28.4,43.4,35.7,45.4,51,100,0.022381529,63.29585919,,,,,,,,,34.7,,28.7,,28.6,,40.55,,77.3,,49.5,,85.2,,34.25,,71.8,,,40640,0.024186782,0.017298184,0.347,0.860898138,1,32.5066571,-116.923959
Spain,Salamanca,University of Salamanca,Data Science,PhD,4.0,3100,62.1,600,80,750,0.92,40,47.3,22.9,35.6,46.0,44.1,92.1,19,1715,0.383843222,63.29585919,539.0,534,Spain,Europe,L,FC,VH,A,26.9,328,14.6,567,26.0,570,6.2,701+,6.9,701+,14.9,625,80.0,322,23.4,484,69.5,223=,22.8,15630,0.021856567,0.015631634,0.269,0.946501917,1,40.9621455,-5.6690588
Italy,Padua,University of Padua,Artificial Intelligence,Master,2.0,3400,69.5,900,120,700,0.92,26,56.2,19.2,38.5,57.0,53.3,78.3,23,1163,0.260297182,63.29585919,,,,,,,,,34.7,,28.7,,28.6,,40.55,,77.3,,49.5,,85.2,,34.25,,71.8,,,9420,0.104338711,0.074622172,0.347,0.967757393,1,45.4066496,11.8774407
Greece,Chania,Technical University of Crete,Electronic Engineering,Master,2.0,0,60.4,450,100,600,0.92,35,52.0,12.9,33.2,48.4,51.3,53.0,66,8,0.001790522,63.29585919,,,,,,,,,34.7,,28.7,,28.6,,40.55,,77.3,,49.5,,85.2,,34.25,,71.8,,,1600,0.61397564,0.439110232,0.347,0.994523549,1,35.5292713,24.0678296
Austria,Dornbirn,FH Vorarlberg,Software Development,Bachelor,3.0,1500,70.2,800,160,850,0.92,11,65.1,22.5,44.7,66.4,59.3,102.4,41,300,0.067144587,63.29585919,,,,,,,,,34.7,,28.7,,28.6,,40.55,,77.3,,49.5,,85.2,,34.25,,71.8,,,7910,0.124254203,0.088865565,0.347,0.972925794,1,47.4062921,9.7437572
Mexico,San Luis Potosi,UASLP,Computer Systems,Master,2.0,2800,42.8,380,40,400,17.05,60,40.2,15.5,28.4,43.4,35.7,45.4,51,100,0.022381529,63.29585919,,,,,,,,,34.7,,28.7,,28.6,,40.55,,77.3,,49.5,,85.2,,34.25,,71.8,,,6800,0.144533892,0.103369428,0.347,0.976725082,1,21.9808379,-98.9774738
Turkey,Istanbul,Bogazici University,Computer Engineering,Master,2.0,1500,51.2,600,90,500,28.5,70,37.4,13.2,25.8,37.6,30.7,49.0,56,36,0.00805735,63.29585919,,,,,,,,,34.7,,28.7,,28.6,,40.55,,77.3,,49.5,,85.2,,34.25,,71.8,,,4790,0.205171154,0.14673669,0.347,0.983604874,1,41.0832733,29.0505009
Greece,Athens,Athens University of Economics,Data Science,Master,2.0,0,65.8,650,100,600,0.92,35,52.0,12.9,33.2,48.4,51.3,53.0,66,8,0.001790522,63.29585919,,,,,,,,,34.7,,28.7,,28.6,,40.55,,77.3,,49.5,,85.2,,34.25,,71.8,,,2000,0.491241879,0.351332075,0.347,0.993154436,1,37.9940527,23.7324592
Belgium,Leuven,KU Leuven,Artificial Intelligence,PhD,4.0,3800,76.5,950,180,800,0.92,23,61.1,20.1,41.4,57.5,66.0,109.8,33,600,0.134289174,63.29585919,63.0,61,Belgium,Europe,XL,FC,VH,A,84.6,55,49.6,181,7.1,701+,91.0,72,93.8,163,47.7,305,99.5,8,75.3,139,51.2,313=,70.3,19980,0.186921575,0.133684744,0.846,0.931612815,5,50.8749813,4.6878614
Hungary,Budapest,Budapest University of Technology,Software Engineering,Master,2.0,6500,53.4,500,140,450,350.25,55,41.7,11.3,27.1,39.8,37.0,63.4,39,350,0.078335351,63.29585919,,,,,,,,,34.7,,28.7,,28.6,,40.55,,77.3,,49.5,,85.2,,34.25,,71.8,,,14590,0.067368583,0.048181446,0.347,0.95006161,1,47.4813896,19.1460941
Russia,Moscow,Moscow State University,Computer Science,Bachelor,4.0,5500,62.3,600,160,400,95.5,89,31.0,10.0,20.9,28.8,28.0,50.6,19,1715,0.383843222,63.29585919,,,,,,,,,34.7,,28.7,,28.6,,40.55,,77.3,,49.5,,85.2,,34.25,,71.8,,,24960,0.039380433,0.028164556,0.347,0.91456736,1,55.7022972,37.5317977
Turkey,Ankara,Middle East Technical University,Data Engineering,Master,2.0,1200,48.5,450,90,500,28.5,70,37.4,13.2,25.8,37.6,30.7,49.0,56,36,0.00805735,63.29585919,285.0,336,Turkey,Asia,L,CO,VH,A,31.2,286,70.2,101,9.0,701+,22.3,528,12.0,701+,18.3,576,74.7,412,77.5,130,69.5,223=,37.2,3890,1.398226677,1.0,0.312,0.986685378,3,39.8755074,32.7855305
Greece,Thessaloniki,University of Macedonia,Information Systems,PhD,4.0,0,62.4,500,100,600,0.92,35,52.0,12.9,33.2,48.4,51.3,53.0,66,8,0.001790522,63.29585919,,,,,,,,,34.7,,28.7,,28.6,,40.55,,77.3,,49.5,,85.2,,34.25,,71.8,,,2700,0.363930026,0.260279704,0.347,0.990758488,1,40.6251375,22.9601033
Belgium,Ghent,Ghent University,Computer Science,Master,2.0,3500,72.8,850,180,800,0.92,23,61.1,20.1,41.4,57.5,66.0,109.8,33,600,0.134289174,63.29585919,169.0,159,Belgium,Europe,XL,FC,VH,A,53.2,150,24.8,384,78.5,148,21.5,538,79.7,241,21.4,522,99.5,9,72.9,145,98.3,21,50.1,9680,0.186749303,0.133561536,0.532,0.96686747,4,51.0078485,3.7108831
Hungary,Debrecen,University of Debrecen,Mechatronics,Bachelor,3.0,5800,48.9,400,140,450,350.25,55,41.7,11.3,27.1,39.8,37.0,63.4,39,350,0.078335351,63.29585919,574.0,671-680,Hungary,Europe,L,FC,HI,A,17.9,505,13.9,588,34.0,464,3.9,701+,10.6,701+,70.0,209,76.7,385,21.4,537,39.5,371=,21.5,19190,0.015499974,0.011085451,0.179,0.934316813,1,47.55395,21.6215676
Russia,Saint Petersburg,ITMO University,Data Science,Master,2.0,5000,60.1,550,160,400,95.5,89,31.0,10.0,20.9,28.8,28.0,50.6,19,1715,0.383843222,63.29585919,595.0,542,Russia,Europe,M,FO,VH,A,10.5,601+,13.0,601+,95.5,59,5.4,701+,20.3,592,36.2,382,65.3,550,1.9,701+,1.2,701+,20.9,11660,0.002118172,0.001514899,0.105,0.960090361,1,59.9567751,30.308711
Turkey,Izmir,Ege University,Electronics Engineering,PhD,4.0,1300,47.8,400,90,500,28.5,70,37.4,13.2,25.8,37.6,30.7,49.0,56,36,0.00805735,63.29585919,,,,,,,,,34.7,,28.7,,28.6,,40.55,,77.3,,49.5,,85.2,,34.25,,71.8,,,7390,0.132996212,0.095117776,0.347,0.974705641,1,38.4592832,27.223755
Greece,Patras,University of Patras,Computer Engineering,Master,2.0,0,60.5,450,100,600,0.92,35,52.0,12.9,33.2,48.4,51.3,53.0,66,8,0.001790522,63.29585919,,791-800,Greece,Europe,L,FC,VH,A,11.7,601+,17.1,502,2.7,701+,27.0,475,1.4,701+,4.8,701+,60.6,626,3.7,701+,44.9,338=,,1600,0.039519051,0.028263694,0.117,0.994523549,1,38.2869279,21.7851062
Belgium,Brussels,Vrije Universiteit Brussel,Robotics,Master,2.0,3600,75.4,900,180,800,0.92,23,61.1,20.1,41.4,57.5,66.0,109.8,33,600,0.134289174,63.29585919,,,,,,,,,34.7,,28.7,,28.6,,40.55,,77.3,,49.5,,85.2,,34.25,,71.8,,,9980,0.098484621,0.070435375,0.347,0.965840635,1,50.8225529,4.3954915
Hungary,Szeged,University of Szeged,Computer Science,PhD,4.0,6000,47.2,380,140,450,350.25,55,41.7,11.3,27.1,39.8,37.0,63.4,39,350,0.078335351,63.29585919,570.0,601-610,Hungary,Europe,L,FC,HI,B,18.5,491,16.8,510,37.0,434,4.8,701+,11.8,701+,41.2,347,73.1,440,15.0,663,61.9,258=,21.8,26110,0.009651105,0.006902389,0.185,0.910631161,1,46.2500455,20.1465034
Russia,Novosibirsk,Novosibirsk State University,Mathematics,Master,2.0,4800,55.4,400,160,400,95.5,89,31.0,10.0,20.9,28.8,28.0,50.6,19,1715,0.383843222,63.29585919,442.0,421,Russia,Europe,M,CO,VH,A,24.7,354,18.4,480,91.0,81,9.5,701+,6.3,701+,57.0,259,56.5,671,5.8,701+,5.3,701+,26.8,10960,0.009736338,0.006963347,0.247,0.962486309,1,54.8461252,83.0942166
Turkey,Eskisehir,Anadolu University,Information Systems,Bachelor,4.0,1000,45.6,350,90,500,28.5,70,37.4,13.2,25.8,37.6,30.7,49.0,56,36,0.00805735,63.29585919,,1201-1400,Turkey,Asia,L,FO,HI,A,4.9,601+,3.9,601+,13.1,701+,2.6,701+,1.8,701+,2.9,701+,17.5,701+,13.9,697,1.0,701+,,5990,0.009048573,0.006471463,0.049,0.979497536,1,39.7918989,30.5005231
Greece,Heraklion,University of Crete,Data Analytics,Master,2.0,0,61.2,480,100,600,0.92,35,52.0,12.9,33.2,48.4,51.3,53.0,66,8,0.001790522,63.29585919,,534,Greece,Europe,L,FC,HI,A,13.9,601+,12.7,601+,2.4,701+,58.7,208,2.3,701+,3.5,701+,57.0,663,3.6,701+,1.8,701+,,1660,0.027525587,0.019686069,0.139,0.994318182,1,35.3072756,25.0824949
Belgium,Antwerp,University of Antwerp,Computer Science,PhD,4.0,3700,71.2,800,180,800,0.92,23,61.1,20.1,41.4,57.5,66.0,109.8,33,600,0.134289174,63.29585919,267.0,248,Belgium,Europe,L,FC,VH,A,24.1,361,11.3,601+,37.5,427,48.1,278,94.4,157,32.0,415,94.6,85,44.8,284,74.8,190=,38.7,18980,0.026670881,0.019074791,0.241,0.935035597,3,51.1843856,4.4199387
Hungary,Pecs,University of Pecs,Software Development,Master,2.0,5500,46.8,350,140,450,350.25,55,41.7,11.3,27.1,39.8,37.0,63.4,39,350,0.078335351,63.29585919,,801-850,Hungary,Europe,L,FC,HI,A,14.3,601+,11.9,601+,41.4,377,2.8,701+,9.3,701+,64.3,233,40.3,701+,4.0,701+,11.3,636=,,12290,0.003872752,0.00276976,0.143,0.957934009,1,46.067269,18.1965337
Russia,Kazan,Kazan Federal University,Artificial Intelligence,Bachelor,4.0,4500,52.3,380,160,400,95.5,89,31.0,10.0,20.9,28.8,28.0,50.6,19,1715,0.383843222,63.29585919,,,,,,,,,34.7,,28.7,,28.6,,40.55,,77.3,,49.5,,85.2,,34.25,,71.8,,,20080,0.0489505,0.035008988,0.347,0.931270537,1,55.7903716,49.1207062
Turkey,Bursa,Uludag University,Computer Science,Master,2.0,1100,46.5,380,90,500,28.5,70,37.4,13.2,25.8,37.6,30.7,49.0,56,36,0.00805735,63.29585919,,,,,,,,,34.7,,28.7,,28.6,,40.55,,77.3,,49.5,,85.2,,34.25,,71.8,,,3550,0.27681639,0.197976762,0.347,0.987849124,1,40.238967,28.8697527
Greece,Volos,University of Thessaly,Cybersecurity,PhD,4.0,0,59.8,400,100,600,0.92,35,52.0,12.9,33.2,48.4,51.3,53.0,66,8,0.001790522,63.29585919,,,,,,,,,34.7,,28.7,,28.6,,40.55,,77.3,,49.5,,85.2,,34.25,,71.8,,,2300,0.427194698,0.305526067,0.347,0.992127601,1,39.3576383,22.9507464
Belgium,Louvain,UCLouvain,Data Engineering,Master,2.0,3500,70.5,780,180,800,0.92,23,61.1,20.1,41.4,57.5,66.0,109.8,33,600,0.134289174,63.29585919,,,,,,,,,34.7,,28.7,,28.6,,40.55,,77.3,,49.5,,85.2,,34.25,,71.8,,,9540,0.103026412,0.073683627,0.347,0.967346659,1,50.667798,4.6183011
Hungary,Gyor,Szechenyi Istvan University,Robotics,Bachelor,3.0,5200,45.6,320,140,450,350.25,55,41.7,11.3,27.1,39.8,37.0,63.4,39,350,0.078335351,63.29585919,,,,,,,,,34.7,,28.7,,28.6,,40.55,,77.3,,49.5,,85.2,,34.25,,71.8,,,17150,0.057312985,0.040989766,0.347,0.941299288,1,47.6941936,17.6273964
Russia,Tomsk,Tomsk State University,Software Engineering,Master,2.0,4600,51.2,350,160,400,95.5,89,31.0,10.0,20.9,28.8,28.0,50.6,19,1715,0.383843222,63.29585919,431.0,418,Russia,Europe,M,CO,VH,A,22.0,403,13.5,601+,99.0,36,4.2,701+,21.6,574,91.6,113,64.1,571,4.4,701+,1.4,701+,27.6,10460,0.005678233,0.004061025,0.22,0.9641977,1,56.4695177,84.945886
Turkey,Antalya,Akdeniz University,Data Science,PhD,4.0,1400,47.8,420,90,500,28.5,70,37.4,13.2,25.8,37.6,30.7,49.0,56,36,0.00805735,63.29585919,,,,,,,,,34.7,,28.7,,28.6,,40.55,,77.3,,49.5,,85.2,,34.25,,71.8,,,7870,0.124885656,0.089317175,0.347,0.973062705,1,36.8938473,30.6508866
Greece,Piraeus,University of Piraeus,Information Technology,Master,2.0,0,63.4,550,100,600,0.92,35,52.0,12.9,33.2,48.4,51.3,53.0,66,8,0.001790522,63.29585919,,,,,,,,,34.7,,28.7,,28.6,,40.55,,77.3,,49.5,,85.2,,34.25,,71.8,,,1800,0.545794003,0.390347297,0.347,0.993838992,1,37.9417328,23.6530326
Belgium,Hasselt,Hasselt University,Artificial Intelligence,Bachelor,3.0,3400,69.8,750,180,800,0.92,23,61.1,20.1,41.4,57.5,66.0,109.8,33,600,0.134289174,63.29585919,,,,,,,,,34.7,,28.7,,28.6,,40.55,,77.3,,49.5,,85.2,,34.25,,71.8,,,13430,0.07318703,0.05234275,0.347,0.954032037,1,50.9255585,5.3910826
Hungary,Miskolc,University of Miskolc,Computer Engineering,Master,2.0,5300,44.5,300,140,450,350.25,55,41.7,11.3,27.1,39.8,37.0,63.4,39,350,0.078335351,63.29585919,,,,,,,,,34.7,,28.7,,28.6,,40.55,,77.3,,49.5,,85.2,,34.25,,71.8,,,11790,0.083366551,0.059623058,0.347,0.9596454,1,48.0787949,20.7663603
Russia,Yekaterinburg,Ural Federal University,Data Analytics,PhD,4.0,4700,53.4,400,160,400,95.5,89,31.0,10.0,20.9,28.8,28.0,50.6,19,1715,0.383843222,63.29585919,,,,,,,,,34.7,,28.7,,28.6,,40.55,,77.3,,49.5,,85.2,,34.25,,71.8,,,20960,0.046895425,0.033539215,0.347,0.928258488,1,56.8424476,60.645632
Turkey,Kayseri,Erciyes University,Software Engineering,Master,2.0,1200,45.2,350,90,500,28.5,70,37.4,13.2,25.8,37.6,30.7,49.0,56,36,0.00805735,63.29585919,,,,,,,,,34.7,,28.7,,28.6,,40.55,,77.3,,49.5,,85.2,,34.25,,71.8,,,3690,0.266316716,0.190467483,0.347,0.987369934,1,38.7073914,35.5337566
Greece,Xanthi,Democritus University,Computer Engineering,Bachelor,4.0,0,58.7,380,100,600,0.92,35,52.0,12.9,33.2,48.4,51.3,53.0,66,8,0.001790522,63.29585919,,,,,,,,,34.7,,28.7,,28.6,,40.55,,77.3,,49.5,,85.2,,34.25,,71.8,,,2220,0.44258217,0.316531059,0.347,0.992401424,1,41.1427813,24.8893019
Belgium,Liege,University of Liege,Data Science,PhD,4.0,3600,68.9,720,180,800,0.92,23,61.1,20.1,41.4,57.5,66.0,109.8,33,600,0.134289174,63.29585919,,,,,,,,,34.7,,28.7,,28.6,,40.55,,77.3,,49.5,,85.2,,34.25,,71.8,,,18260,0.053829199,0.038498192,0.347,0.9375,1,50.6368602,5.5624252
Hungary,Veszprem,University of Pannonia,Information Systems,Master,2.0,5100,44.8,310,140,450,350.25,55,41.7,11.3,27.1,39.8,37.0,63.4,39,350,0.078335351,63.29585919,,1201-1400,Hungary,Europe,S,FO,VH,A,4.2,601+,4.0,601+,22.0,637,8.5,701+,3.3,701+,8.3,701+,44.7,701+,4.0,701+,1.0,701+,,11410,0.001402156,0.00100281,0.042,0.960946057,1,47.0883929,17.9084885
Russia,Samara,Samara State University,Computer Science,Master,2.0,4400,50.5,370,160,400,95.5,89,31.0,10.0,20.9,28.8,28.0,50.6,19,1715,0.383843222,63.29585919,,,,,,,,,34.7,,28.7,,28.6,,40.55,,77.3,,49.5,,85.2,,34.25,,71.8,,,10100,0.097314622,0.069598602,0.347,0.965429901,1,53.2225479,50.1732841
Turkey,Konya,Selcuk University,Artificial Intelligence,Bachelor,4.0,1000,44.5,330,90,500,28.5,70,37.4,13.2,25.8,37.6,30.7,49.0,56,36,0.00805735,63.29585919,,,,,,,,,34.7,,28.7,,28.6,,40.55,,77.3,,49.5,,85.2,,34.25,,71.8,,,5910,0.166295889,0.118933426,0.347,0.979771358,1,38.0242068,32.5057052
Greece,Chios,University of the Aegean,Digital Systems,Master,2.0,0,59.2,400,100,600,0.92,35,52.0,12.9,33.2,48.4,51.3,53.0,66,8,0.001790522,63.29585919,,,,,,,,,34.7,,28.7,,28.6,,40.55,,77.3,,49.5,,85.2,,34.25,,71.8,,,1500,0.65488008,0.468364744,0.347,0.994865827,1,38.3676273,26.1366662
Belgium,Mons,University of Mons,Computer Engineering,Master,2.0,3500,67.8,700,180,800,0.92,23,61.1,20.1,41.4,57.5,66.0,109.8,33,600,0.134289174,63.29585919,,,,,,,,,34.7,,28.7,,28.6,,40.55,,77.3,,49.5,,85.2,,34.25,,71.8,,,9380,0.104783605,0.074940356,0.347,0.967894304,1,50.4549568,3.951958
Hungary,Kecskemet,John von Neumann University,Data Analytics,PhD,4.0,5400,43.9,290,140,450,350.25,55,41.7,11.3,27.1,39.8,37.0,63.4,39,350,0.078335351,63.29585919,,,,,,,,,34.7,,28.7,,28.6,,40.55,,77.3,,49.5,,85.2,,34.25,,71.8,,,23350,0.042095628,0.03010644,0.347,0.920078039,1,46.9073883,19.6917206
Russia,Rostov-on-Don,Southern Federal University,Information Technology,Bachelor,4.0,4200,49.8,350,160,400,95.5,89,31.0,10.0,20.9,28.8,28.0,50.6,19,1715,0.383843222,63.29585919,,851-900,Russia,Europe,L,CO,VH,A,6.6,601+,3.8,601+,67.9,194,1.9,701+,2.9,701+,25.2,477,40.1,701+,1.8,701+,1.2,701+,,18760,0.000364586,0.000260749,0.066,0.935788609,1,47.2164127,39.6315514
Brazil,Sao Paulo,University of Sao Paulo,Computer Science,Master,2.0,0,55.8,600,90,400,4.95,91,30.2,7.9,19.5,29.5,22.6,37.2,57,24,0.005371567,63.29585919,,,,,,,,,34.7,,28.7,,28.6,,40.55,,77.3,,49.5,,85.2,,34.25,,71.8,,,1690,0.581298048,0.415739492,0.347,0.994215498,1,-23.561048,-46.7277061
India,Bangalore,Indian Institute of Science,Data Science,PhD,4.0,2000,45.2,300,180,300,82.75,118,21.2,5.6,13.7,23.8,15.1,82.6,19,1715,0.383843222,63.29585919,211.0,225,India,Asia,S,SP,VH,A,45.7,181,26.3,362,37.9,419,99.9,11,3.7,701+,1.5,701+,39.1,701+,13.1,701+,23.7,500=,45.0,9680,0.035588266,0.025452429,0.457,0.96686747,3,13.0222347,77.5671832
Thailand,Bangkok,Chulalongkorn University,Software Engineering,Master,2.0,15000,51.4,500,80,350,35.25,79,34.1,11.2,23.1,40.5,18.3,40.8,19,1715,0.383843222,63.29585919,229.0,211,Thailand,Asia,XL,FC,VH,A,68.2,97,35.9,261,31.7,499,7.5,701+,18.7,617,3.0,701+,79.6,331,93.6,60,73.2,198=,43.4,31430,0.106908466,0.076460039,0.682,0.892421961,3,13.7431114,100.5328752
Egypt,Cairo,Cairo University,Computer Engineering,Bachelor,4.0,2500,31.8,250,100,200,30.9,119,21.0,3.7,12.7,21.2,16.2,20.0,50,110,0.024619682,63.29585919,350.0,371,Egypt,Africa,XL,FC,VH,A,45.8,179,41.0,229,8.8,701+,3.0,701+,2.9,701+,7.2,701+,86.4,223,95.5,50,47.2,329,32.5,11300,0.346473763,0.247795132,0.458,0.961322563,2,30.0191701,31.5037433
Singapore,Singapore,National University of Singapore,Artificial Intelligence,Master,2.0,42000,83.8,1200,90,800,1.35,4,76.7,67.2,72.1,74.6,50.4,111.1,19,1715,0.383843222,63.29585919,,,,,,,,,34.7,,28.7,,28.6,,40.55,,77.3,,49.5,,85.2,,34.25,,71.8,,,87290,0.011260897,0.008053699,0.347,0.701225356,1,1.2962018,103.7768977
UAE,Dubai,University of Dubai,Data Analytics,Master,2.0,25000,72.4,1100,270,750,3.67,23,61.1,21.0,41.4,59.9,52.8,103.7,19,1715,0.383843222,63.29585919,,801-850,United Arab Emirates,Asia,S,SP,LO,B,5.2,601+,4.2,601+,10.6,701+,11.0,701+,100.0,1=,72.0,204,8.2,701+,10.2,701+,1.0,701+,,53220,0.000804945,0.00057569,0.052,0.81783954,1,25.1079201,55.4138761
Brazil,Rio de Janeiro,PUC-Rio,Information Systems,PhD,4.0,8000,53.2,550,90,400,4.95,91,30.2,7.9,19.5,29.5,22.6,37.2,57,24,0.005371567,63.29585919,,,,,,,,,34.7,,28.7,,28.6,,40.55,,77.3,,49.5,,85.2,,34.25,,71.8,,,34690,0.028335159,0.020265068,0.347,0.881263691,1,-22.9796815,-43.2331377
India,Mumbai,IIT Bombay,Computer Engineering,Master,2.0,1800,47.5,350,180,300,82.75,118,21.2,5.6,13.7,23.8,15.1,82.6,19,1715,0.383843222,63.29585919,,,,,,,,,34.7,,28.7,,28.6,,40.55,,77.3,,49.5,,85.2,,34.25,,71.8,,,4780,0.205600293,0.147043606,0.347,0.983639102,1,19.1326186,72.9149702
Thailand,Chiang Mai,Chiang Mai University,Data Science,Bachelor,4.0,12000,45.6,300,80,350,35.25,79,34.1,11.2,23.1,40.5,18.3,40.8,19,1715,0.383843222,63.29585919,567.0,571,Thailand,Asia,XL,FC,HI,A,34.8,252,17.1,501,17.3,701+,4.2,701+,4.8,701+,4.2,701+,62.5,596,19.1,578,56.1,282=,21.9,49630,0.006580766,0.004706509,0.348,0.830127327,1,18.8009264,98.9521552
Singapore,Singapore,Nanyang Technological University,Computer Science,PhD,4.0,40000,83.8,1100,90,800,1.35,4,76.7,67.2,72.1,74.6,50.4,111.1,19,1715,0.383843222,63.29585919,,,,,,,,,34.7,,28.7,,28.6,,40.55,,77.3,,49.5,,85.2,,34.25,,71.8,,,165290,0.005946936,0.004253199,0.347,0.434248357,1,1.3484104,103.6829332
UAE,Abu Dhabi,Khalifa University,Robotics,Master,2.0,27000,71.8,1000,270,750,3.67,23,61.1,21.0,41.4,59.9,52.8,103.7,19,1715,0.383843222,63.29585919,,,,,,,,,34.7,,28.7,,28.6,,40.55,,77.3,,49.5,,85.2,,34.25,,71.8,,,57020,0.017238824,0.012329063,0.347,0.804832968,1,24.4479513,54.3955267
Brazil,Campinas,UNICAMP,Computer Engineering,Master,2.0,0,51.4,450,90,400,4.95,91,30.2,7.9,19.5,29.5,22.6,37.2,57,24,0.005371567,63.29585919,,,,,,,,,34.7,,28.7,,28.6,,40.55,,77.3,,49.5,,85.2,,34.25,,71.8,,,1390,0.706667865,0.505402934,0.347,0.995242333,1,-22.822656,-47.0627959
India,Delhi,IIT Delhi,Artificial Intelligence,PhD,4.0,1900,44.8,320,180,300,82.75,118,21.2,5.6,13.7,23.8,15.1,82.6,19,1715,0.383843222,63.29585919,,,,,,,,,34.7,,28.7,,28.6,,40.55,,77.3,,49.5,,85.2,,34.25,,71.8,,,9360,0.105007478,0.075100468,0.347,0.96796276,1,28.5449971,77.1891506
Thailand,Khon Kaen,Khon Kaen University,Information Technology,Master,2.0,11000,42.5,250,80,350,35.25,79,34.1,11.2,23.1,40.5,18.3,40.8,19,1715,0.383843222,63.29585919,,951-1000,Thailand,Asia,XL,FC,HI,A,17.2,524,10.7,601+,7.4,701+,4.4,701+,5.3,701+,2.3,701+,50.9,701+,4.4,701+,31.8,431,,22930,0.002053116,0.001468371,0.172,0.921515608,1,16.4591873,102.8119933
Egypt,Alexandria,Alexandria University,Software Engineering,Master,2.0,2200,30.5,200,100,200,30.9,119,21.0,3.7,12.7,21.2,16.2,20.0,50,110,0.024619682,63.29585919,,,,,,,,,34.7,,28.7,,28.6,,40.55,,77.3,,49.5,,85.2,,34.25,,71.8,,,5100,0.192702411,0.137819149,0.347,0.982543812,1,31.2104662,29.9131341
Singapore,Singapore,Singapore Management University,Data Analytics,Bachelor,4.0,38000,83.8,1150,90,800,1.35,4,76.7,67.2,72.1,74.6,50.4,111.1,19,1715,0.383843222,63.29585919,585.0,545,Singapore,Asia,M,SP,VH,A,12.3,601+,14.2,578,10.2,701+,18.8,572,100.0,46,58.9,251,20.8,701+,27.1,443,26.3,478=,21.2,157490,0.002443441,0.001747529,0.123,0.460946057,1,1.296168,103.8500437
UAE,Sharjah,American University of Sharjah,Computer Science,PhD,4.0,26000,68.5,900,270,750,3.67,23,61.1,21.0,41.4,59.9,52.8,103.7,19,1715,0.383843222,63.29585919,332.0,364,United Arab Emirates,Asia,M,CO,VH,B,20.9,421,38.6,245,19.1,696,23.9,511,100.0,3,100.0,8,48.1,701+,48.0,267,16.5,567=,33.6,108620,0.017057475,0.012199363,0.209,0.628217415,2,25.3109001,55.4918505
Brazil,Porto Alegre,UFRGS,Data Science,Bachelor,4.0,0,49.8,400,90,400,4.95,91,30.2,7.9,19.5,29.5,22.6,37.2,57,24,0.005371567,63.29585919,,,,,,,,,34.7,,28.7,,28.6,,40.55,,77.3,,49.5,,85.2,,34.25,,71.8,,,2090,0.470098039,0.336210177,0.347,0.992846386,1,-30.033315,-51.219944
India,Chennai,IIT Madras,Software Engineering,Master,2.0,1700,42.4,280,180,300,82.75,118,21.2,5.6,13.7,23.8,15.1,82.6,19,1715,0.383843222,63.29585919,,,,,,,,,34.7,,28.7,,28.6,,40.55,,77.3,,49.5,,85.2,,34.25,,71.8,,,4440,0.221340914,0.158301167,0.347,0.984802848,1,12.9914769,80.2336786
Thailand,Phuket,Prince of Songkla University,Computer Engineering,Master,2.0,10000,44.8,300,80,350,35.25,79,34.1,11.2,23.1,40.5,18.3,40.8,19,1715,0.383843222,63.29585919,,901-950,Thailand,Asia,XL,FC,HI,A,21.6,408,5.6,601+,16.4,701+,3.3,701+,5.3,701+,1.9,701+,40.3,701+,3.9,701+,24.2,497,,21030,0.001038467,0.000742703,0.216,0.928018894,1,7.8941535,98.3529461
Egypt,Giza,Ain Shams University,Data Science,PhD,4.0,2400,31.2,220,100,200,30.9,119,21.0,3.7,12.7,21.2,16.2,20.0,50,110,0.024619682,63.29585919,,,,,,,,,34.7,,28.7,,28.6,,40.55,,77.3,,49.5,,85.2,,34.25,,71.8,,,10780,0.091176607,0.065208745,0.347,0.96310241,1,29.9870753,31.2118063
Singapore,Singapore,Singapore University of Technology,Artificial Intelligence,Master,2.0,39000,83.8,1100,90,800,1.35,4,76.7,67.2,72.1,74.6,50.4,111.1,19,1715,0.383843222,63.29585919,,,,,,,,,34.7,,28.7,,28.6,,40.55,,77.3,,49.5,,85.2,,34.25,,71.8,,,81090,0.012121875,0.008669464,0.347,0.722446605,1,1.2899175,103.8519072
UAE,Ajman,Ajman University,Information Systems,Bachelor,4.0,23000,65.4,800,270,750,3.67,23,61.1,21.0,41.4,59.9,52.8,103.7,19,1715,0.383843222,63.29585919,477.0,551,United Arab Emirates,Asia,S,FO,VH,B,17.3,521,42.2,221,9.6,701+,3.2,701+,100.0,6,100.0,3,48.4,701+,9.8,701+,1.4,701+,25.1,96220,0.004298022,0.003073909,0.173,0.670659912,1,25.4127618,55.5063537
Brazil,Recife,UFPE,Computer Engineering,Master,2.0,0,47.5,350,90,400,4.95,91,30.2,7.9,19.5,29.5,22.6,37.2,57,24,0.005371567,63.29585919,,,,,,,,,34.7,,28.7,,28.6,,40.55,,77.3,,49.5,,85.2,,34.25,,71.8,,,1190,0.825335852,0.590273284,0.347,0.995926889,1,-8.0524236,-34.9510615
India,Hyderabad,IIT Hyderabad,Data Analytics,PhD,4.0,1800,41.2,260,180,300,82.75,118,21.2,5.6,13.7,23.8,15.1,82.6,19,1715,0.383843222,63.29585919,,,,,,,,,34.7,,28.7,,28.6,,40.55,,77.3,,49.5,,85.2,,34.25,,71.8,,,8720,0.112713565,0.080611797,0.347,0.970153341,1,17.4523706,78.3971995
Thailand,Hat Yai,Prince of Songkla University,Software Engineering,Bachelor,4.0,9500,43.2,280,80,350,35.25,79,34.1,11.2,23.1,40.5,18.3,40.8,19,1715,0.383843222,63.29585919,,901-950,Thailand,Asia,XL,FC,HI,A,21.6,408,5.6,601+,16.4,701+,3.3,701+,5.3,701+,1.9,701+,40.3,701+,3.9,701+,24.2,497,,39550,0.000552198,0.000394928,0.216,0.86462897,1,7.0069589,100.5007596
Egypt,Port Said,Port Said University,Computer Science,Master,2.0,2100,29.8,180,100,200,30.9,119,21.0,3.7,12.7,21.2,16.2,20.0,50,110,0.024619682,63.29585919,,,,,,,,,34.7,,28.7,,28.6,,40.55,,77.3,,49.5,,85.2,,34.25,,71.8,,,4860,0.202216622,0.144623633,0.347,0.983365279,1,31.2466278,32.3137968
Singapore,Singapore,SUTD,Robotics,PhD,4.0,37000,83.8,1050,90,800,1.35,4,76.7,67.2,72.1,74.6,50.4,111.1,19,1715,0.383843222,63.29585919,,,,,,,,,34.7,,28.7,,28.6,,40.55,,77.3,,49.5,,85.2,,34.25,,71.8,,,153090,0.006420854,0.004592141,0.347,0.476006298,1,1.3420133,103.965337
UAE,Al Ain,UAE University,Data Science,Master,2.0,24000,64.2,750,270,750,3.67,23,61.1,21.0,41.4,59.9,52.8,103.7,19,1715,0.383843222,63.29585919,,,,,,,,,34.7,,28.7,,28.6,,40.55,,77.3,,49.5,,85.2,,34.25,,71.8,,,50520,0.019456761,0.013915312,0.347,0.827081051,1,24.196729,55.652256
Brazil,Florianopolis,UFSC,Information Technology,PhD,4.0,0,48.9,400,90,400,4.95,91,30.2,7.9,19.5,29.5,22.6,37.2,57,24,0.005371567,63.29585919,,,,,,,,,34.7,,28.7,,28.6,,40.55,,77.3,,49.5,,85.2,,34.25,,71.8,,,2090,0.470098039,0.336210177,0.347,0.992846386,1,-27.6034133,-48.5224425
India,Pune,IIT Pune,Computer Science,Master,2.0,1600,40.5,250,180,300,82.75,118,21.2,5.6,13.7,23.8,15.1,82.6,19,1715,0.383843222,63.29585919,,,,,,,,,34.7,,28.7,,28.6,,40.55,,77.3,,49.5,,85.2,,34.25,,71.8,,,4180,0.235105238,0.168145296,0.347,0.985692771,1,18.5559857,73.9375401
Thailand,Nakhon Ratchasima,Suranaree University,Data Engineering,Master,2.0,9000,41.8,250,80,350,35.25,79,34.1,11.2,23.1,40.5,18.3,40.8,19,1715,0.383843222,63.29585919,,,,,,,,,34.7,,28.7,,28.6,,40.55,,77.3,,49.5,,85.2,,34.25,,71.8,,,18930,0.051924093,0.037135676,0.347,0.935206736,1,14.881106,102.0030695
Egypt,Mansoura,Mansoura University,Information Systems,Bachelor,4.0,2000,28.5,170,100,200,30.9,119,21.0,3.7,12.7,21.2,16.2,20.0,50,110,0.024619682,63.29585919,,1001-1200,Egypt,Africa,XL,FC,VH,A,14.1,601+,12.0,601+,3.3,701+,2.6,701+,6.7,701+,5.7,701+,74.7,413,4.4,701+,40.4,363=,,8980,0.005879078,0.004204667,0.141,0.969263417,1,31.4609671,31.4571883
Singapore,Singapore,SIM Global Education,Software Engineering,Bachelor,4.0,35000,83.8,1000,90,800,1.35,4,76.7,67.2,72.1,74.6,50.4,111.1,19,1715,0.383843222,63.29585919,,,,,,,,,34.7,,28.7,,28.6,,40.55,,77.3,,49.5,,85.2,,34.25,,71.8,,,144890,0.006784238,0.00485203,0.347,0.504073111,1,1.3292588,103.7769043
UAE,Ras Al Khaimah,RAK University,Computer Engineering,Master,2.0,22000,62.5,700,270,750,3.67,23,61.1,21.0,41.4,59.9,52.8,103.7,19,1715,0.383843222,63.29585919,,,,,,,,,34.7,,28.7,,28.6,,40.55,,77.3,,49.5,,85.2,,34.25,,71.8,,,46420,0.021175222,0.015144342,0.347,0.841114458,1,25.7663901,55.9761492
Brazil,Salvador,UFBA,Data Science,Master,2.0,0,46.8,380,90,400,4.95,91,30.2,7.9,19.5,29.5,22.6,37.2,57,24,0.005371567,63.29585919,,,,,,,,,34.7,,28.7,,28.6,,40.55,,77.3,,49.5,,85.2,,34.25,,71.8,,,1250,0.785751399,0.561962815,0.347,0.995721522,1,-13.0022979,-38.5087304
India,Kanpur,IIT Kanpur,Artificial Intelligence,PhD,4.0,1900,39.8,240,180,300,82.75,118,21.2,5.6,13.7,23.8,15.1,82.6,19,1715,0.383843222,63.29585919,,,,,,,,,34.7,,28.7,,28.6,,40.55,,77.3,,49.5,,85.2,,34.25,,71.8,,,9040,0.108724146,0.077758598,0.347,0.96905805,1,26.5093058,80.2482323
Thailand,Songkhla,Thaksin University,Computer Engineering,Bachelor,4.0,8500,42.5,270,80,350,35.25,79,34.1,11.2,23.1,40.5,18.3,40.8,19,1715,0.383843222,63.29585919,,,,,,,,,34.7,,28.7,,28.6,,40.55,,77.3,,49.5,,85.2,,34.25,,71.8,,,35510,0.027680859,0.019797119,0.347,0.87845701,1,7.1633051,100.6078124
Egypt,Aswan,Aswan University,Data Analytics,Master,2.0,1900,27.8,160,100,200,30.9,119,21.0,3.7,12.7,21.2,16.2,20.0,50,110,0.024619682,63.29585919,,,,,,,,,34.7,,28.7,,28.6,,40.55,,77.3,,49.5,,85.2,,34.25,,71.8,,,4420,0.22234223,0.1590173,0.347,0.984871303,1,23.9966696,32.8602255
UAE,Fujairah,Fujairah University,Information Technology,Bachelor,4.0,21000,61.4,650,270,750,3.67,23,61.1,21.0,41.4,59.9,52.8,103.7,19,1715,0.383843222,63.29585919,,,,,,,,,34.7,,28.7,,28.6,,40.55,,77.3,,49.5,,85.2,,34.25,,71.8,,,87620,0.011218486,0.008023367,0.347,0.700095838,1,25.1322805,56.2941788
Iceland,Reykjavik,University of Iceland,Computer Science,Master,2.0,0,84.5,1200,140,900,137.5,3,83.0,39.2,62.0,88.4,86.8,120.3,64,10,0.002238153,63.29585919,547.0,1201-1400,Iceland,Europe,M,CO,VH,,6.8,601+,2.5,601+,99.9,21,6.7,701+,25.7,525,10.3,701+,73.5,427,83.2,108,5.9,701+,22.6,3440,0.060447544,0.043231577,0.068,0.98822563,1,64.1401831,-21.9539633
Colombia,Bogota,Universidad Nacional,Software Engineering,Master,2.0,3500,41.2,400,80,300,3950.0,102,28.8,8.6,19.1,30.3,20.5,33.7,19,1715,0.383843222,63.29585919,,,,,,,,,34.7,,28.7,,28.6,,40.55,,77.3,,49.5,,85.2,,34.25,,71.8,,,8180,0.120153404,0.085932708,0.347,0.972001643,1,4.6387425,-74.0852375
Poland,Warsaw,University of Warsaw,Data Science,PhD,4.0,3000,54.8,650,80,400,4.1,59,40.8,17.1,29.5,36.8,35.0,85.8,14,2500,0.559538224,63.29585919,,,,,,,,,34.7,,28.7,,28.6,,40.55,,77.3,,49.5,,85.2,,34.25,,71.8,,,15080,0.065179696,0.046615972,0.347,0.948384447,1,52.2216394,21.0073798
Romania,Bucharest,University Politehnica,Computer Engineering,Bachelor,3.0,2500,45.2,450,120,350,4.65,69,37.5,9.9,24.2,36.6,35.5,63.8,45,200,0.044763058,63.29585919,,,,,,,,,34.7,,28.7,,28.6,,40.55,,77.3,,49.5,,85.2,,34.25,,71.8,,,9320,0.105458105,0.075422753,0.347,0.968099671,1,44.439368,26.0506033
Luxembourg,Luxembourg City,University of Luxembourg,Artificial Intelligence,Master,2.0,400,83.2,1400,100,800,0.92,20,62.4,40.5,51.9,64.1,68.7,182.5,19,1715,0.383843222,63.29585919,355.0,381,Luxembourg,Europe,M,CO,VH,,9.2,601+,4.5,601+,80.8,128,25.2,495,100.0,16,100.0,26,70.1,486,52.8,240,3.1,701+,32.1,4500,0.052788269,0.037753728,0.092,0.984597481,2,49.6231923,6.1127596
Indonesia,Jakarta,University of Indonesia,Information Systems,Master,2.0,5000,45.8,400,150,250,15600.0,107,26.7,7.7,17.6,33.4,13.5,31.7,60,18,0.004028675,63.29585919,,,,,,,,,34.7,,28.7,,28.6,,40.55,,77.3,,49.5,,85.2,,34.25,,71.8,,,11200,0.087757789,0.062763635,0.347,0.961664841,1,-6.1964623,106.8492296
Iceland,Akureyri,University of Akureyri,Data Analytics,Bachelor,3.0,0,78.4,900,140,900,137.5,3,83.0,39.2,62.0,88.4,86.8,120.3,64,10,0.002238153,63.29585919,,,,,,,,,34.7,,28.7,,28.6,,40.55,,77.3,,49.5,,85.2,,34.25,,71.8,,,3740,0.262757284,0.187921807,0.347,0.987198795,1,65.6826364,-18.0912993
Colombia,Medellin,Universidad de Antioquia,Computer Science,PhD,4.0,4000,38.5,350,80,300,3950.0,102,28.8,8.6,19.1,30.3,20.5,33.7,19,1715,0.383843222,63.29585919,,701-710,Colombia,Americas,XL,FC,HI,A,29.1,303,20.8,440,4.1,701+,4.3,701+,3.7,701+,1.2,701+,48.1,701+,20.4,556,2.9,701+,,17780,0.023863675,0.0170671,0.291,0.939142935,1,6.2679527,-75.5687748
Poland,Krakow,Jagiellonian University,Software Development,Master,2.0,2800,52.4,600,80,400,4.1,59,40.8,17.1,29.5,36.8,35.0,85.8,14,2500,0.559538224,63.29585919,312.0,304,Poland,Europe,XL,FO,VH,A,37.8,228,46.4,199,65.1,203,5.5,701+,5.7,701+,15.4,615,88.6,188,51.3,249,35.4,400=,35.0,7280,0.326922126,0.233811964,0.378,0.975082147,2,50.0606586,19.9304539
Romania,Cluj-Napoca,Babes-Bolyai University,Data Science,Master,2.0,2200,43.8,400,120,350,4.65,69,37.5,9.9,24.2,36.6,35.5,63.8,45,200,0.044763058,63.29585919,,801-850,Romania,Europe,XL,CO,VH,A,15.5,569,19.5,463,5.3,701+,4.4,701+,7.8,701+,3.8,701+,80.1,321,26.7,445,42.7,354,,5670,0.091809205,0.065661174,0.155,0.980592826,1,46.7677836,23.5919766
Luxembourg,Esch-sur-Alzette,Luxembourg School of Business,Data Engineering,Master,2.0,400,79.5,1200,100,800,0.92,20,62.4,40.5,51.9,64.1,68.7,182.5,19,1715,0.383843222,63.29585919,,,,,,,,,34.7,,28.7,,28.6,,40.55,,77.3,,49.5,,85.2,,34.25,,71.8,,,4100,0.239691539,0.171425379,0.347,0.985966594,1,49.4959628,5.9850306
Indonesia,Bandung,Institut Teknologi Bandung,Computer Engineering,PhD,4.0,4500,42.4,300,150,250,15600.0,107,26.7,7.7,17.6,33.4,13.5,31.7,60,18,0.004028675,63.29585919,,,,,,,,,34.7,,28.7,,28.6,,40.55,,77.3,,49.5,,85.2,,34.25,,71.8,,,19600,0.050149227,0.035866307,0.347,0.932913472,1,-6.8904487,107.6103136
Iceland,Reykjavik,Reykjavik University,Robotics,Master,2.0,0,84.5,1150,140,900,137.5,3,83.0,39.2,62.0,88.4,86.8,120.3,64,10,0.002238153,63.29585919,,,,,,,,,34.7,,28.7,,28.6,,40.55,,77.3,,49.5,,85.2,,34.25,,71.8,,,3340,0.294215804,0.210420677,0.347,0.988567908,1,64.1247374,-21.9275372
Colombia,Cali,Universidad del Valle,Information Technology,Bachelor,4.0,3200,36.8,300,80,300,3950.0,102,28.8,8.6,19.1,30.3,20.5,33.7,19,1715,0.383843222,63.29585919,,1001-1200,Colombia,Americas,XL,FC,MD,A,18.1,500,8.2,601+,7.7,701+,1.9,701+,2.1,701+,1.3,701+,20.5,701+,21.4,535,1.7,701+,,14380,0.012202211,0.008726919,0.181,0.950780394,1,3.43478,-76.5425339
Poland,Wroclaw,Wroclaw University of Technology,Artificial Intelligence,Master,2.0,2600,50.5,550,80,400,4.1,59,40.8,17.1,29.5,36.8,35.0,85.8,14,2500,0.559538224,63.29585919,,,,,,,,,34.7,,28.7,,28.6,,40.55,,77.3,,49.5,,85.2,,34.25,,71.8,,,6780,0.144960183,0.103674308,0.347,0.976793538,1,51.108946,17.0589937
Romania,Timisoara,Politehnica University,Software Engineering,PhD,4.0,2400,42.5,380,120,350,4.65,69,37.5,9.9,24.2,36.6,35.5,63.8,45,200,0.044763058,63.29585919,,,,,,,,,34.7,,28.7,,28.6,,40.55,,77.3,,49.5,,85.2,,34.25,,71.8,,,11590,0.084805021,0.06065184,0.347,0.960329956,1,45.7461904,21.2275342
Luxembourg,Belval,Luxembourg Institute of Science,Computer Science,Bachelor,3.0,400,78.4,1100,100,800,0.92,20,62.4,40.5,51.9,64.1,68.7,182.5,19,1715,0.383843222,63.29585919,,,,,,,,,34.7,,28.7,,28.6,,40.55,,77.3,,49.5,,85.2,,34.25,,71.8,,,5400,0.181998704,0.130163948,0.347,0.981516977,1,49.4942674,5.9595225
Indonesia,Yogyakarta,Gadjah Mada University,Data Science,Master,2.0,4000,40.2,250,150,250,15600.0,107,26.7,7.7,17.6,33.4,13.5,31.7,60,18,0.004028675,63.29585919,239.0,263,Indonesia,Asia,XL,FC,VH,A,54.4,145,73.5,91,57.6,255,1.7,701+,40.3,417,4.1,701+,38.1,701+,69.0,167,26.8,473=,41.8,8900,0.569767442,0.407492899,0.544,0.96953724,3,-7.7761953,110.3762098
Iceland,Hafnarfjordur,Iceland University of Arts,Digital Design,Master,2.0,0,82.1,1000,140,900,137.5,3,83.0,39.2,62.0,88.4,86.8,120.3,64,10,0.002238153,63.29585919,,,,,,,,,34.7,,28.7,,28.6,,40.55,,77.3,,49.5,,85.2,,34.25,,71.8,,,3040,0.32324071,0.231179047,0.347,0.989594743,1,64.0695354,-21.9575664
Colombia,Barranquilla,Universidad del Norte,Computer Engineering,Master,2.0,3800,35.4,280,80,300,3950.0,102,28.8,8.6,19.1,30.3,20.5,33.7,19,1715,0.383843222,63.29585919,,,,,,,,,34.7,,28.7,,28.6,,40.55,,77.3,,49.5,,85.2,,34.25,,71.8,,,8540,0.115088983,0.082310676,0.347,0.970769441,1,11.0191398,-74.8507959
Poland,Poznan,Adam Mickiewicz University,Computer Science,PhD,4.0,2700,51.2,580,80,400,4.1,59,40.8,17.1,29.5,36.8,35.0,85.8,14,2500,0.559538224,63.29585919,,,,,,,,,34.7,,28.7,,28.6,,40.55,,77.3,,49.5,,85.2,,34.25,,71.8,,,13600,0.072272259,0.051688514,0.347,0.953450164,1,52.4006632,16.9197326
Romania,Iasi,Alexandru Ioan Cuza University,Information Systems,Master,2.0,2100,41.8,350,120,350,4.65,69,37.5,9.9,24.2,36.6,35.5,63.8,45,200,0.044763058,63.29585919,,1201-1400,Romania,Europe,L,FO,VH,A,7.5,601+,11.9,601+,5.5,701+,3.0,701+,3.5,701+,9.6,701+,40.2,701+,14.3,684,3.2,701+,,5370,0.031683113,0.022659497,0.075,0.98161966,1,47.1753059,27.5722907
Luxembourg,Kirchberg,Sacred Heart University,Data Analytics,Master,2.0,400,81.5,1300,100,800,0.92,20,62.4,40.5,51.9,64.1,68.7,182.5,19,1715,0.383843222,63.29585919,,,,,,,,,34.7,,28.7,,28.6,,40.55,,77.3,,49.5,,85.2,,34.25,,71.8,,,4300,0.228545687,0.16345396,0.347,0.985282037,1,49.6278334,6.1596669
Indonesia,Surabaya,Institut Teknologi Sepuluh,Software Engineering,Bachelor,4.0,3800,41.5,280,150,250,15600.0,107,26.7,7.7,17.6,33.4,13.5,31.7,60,18,0.004028675,63.29585919,,,,,,,,,34.7,,28.7,,28.6,,40.55,,77.3,,49.5,,85.2,,34.25,,71.8,,,16720,0.058786855,0.042043866,0.347,0.942771084,1,-7.2826954,112.7956782
Iceland,Kopavogur,Bifrost University,Digital Business,Bachelor,3.0,0,81.2,950,140,900,137.5,3,83.0,39.2,62.0,88.4,86.8,120.3,64,10,0.002238153,63.29585919,,,,,,,,,34.7,,28.7,,28.6,,40.55,,77.3,,49.5,,85.2,,34.25,,71.8,,,3890,0.252627859,0.180677327,0.347,0.986685378,1,64.1113504,-21.9048106
Colombia,Bucaramanga,UIS,Data Science,PhD,4.0,3500,34.8,260,80,300,3950.0,102,28.8,8.6,19.1,30.3,20.5,33.7,19,1715,0.383843222,63.29585919,,,,,,,,,34.7,,28.7,,28.6,,40.55,,77.3,,49.5,,85.2,,34.25,,71.8,,,15420,0.063742624,0.04558819,0.347,0.947220701,1,7.1408632,-73.1204839
Poland,Gdansk,Gdansk University of Technology,Cybersecurity,Master,2.0,2500,49.8,520,80,400,4.1,59,40.8,17.1,29.5,36.8,35.0,85.8,14,2500,0.559538224,63.29585919,,851-900,Poland,Europe,L,FO,VH,A,9.4,601+,15.2,553,29.6,527,12.7,676,5.3,701+,4.0,701+,65.8,546,3.2,701+,33.3,418=,,6520,0.007458979,0.005334599,0.094,0.977683461,1,54.3718685,18.6166793
Romania,Brasov,Transilvania University,Computer Engineering,Bachelor,4.0,2000,40.5,330,120,350,4.65,69,37.5,9.9,24.2,36.6,35.5,63.8,45,200,0.044763058,63.29585919,,,,,,,,,34.7,,28.7,,28.6,,40.55,,77.3,,49.5,,85.2,,34.25,,71.8,,,9790,0.100395772,0.071802214,0.347,0.966490964,1,45.6552904,25.5963712
Luxembourg,Differdange,Miami University Dolibois,Information Technology,Master,2.0,400,77.8,1150,100,800,0.92,20,62.4,40.5,51.9,64.1,68.7,182.5,19,1715,0.383843222,63.29585919,,,,,,,,,34.7,,28.7,,28.6,,40.55,,77.3,,49.5,,85.2,,34.25,,71.8,,,4000,0.245682329,0.175709943,0.347,0.986308872,1,49.5213408,5.8891751
Indonesia,Malang,Brawijaya University,Artificial Intelligence,Master,2.0,3500,39.8,240,150,250,15600.0,107,26.7,7.7,17.6,33.4,13.5,31.7,60,18,0.004028675,63.29585919,,,,,,,,,34.7,,28.7,,28.6,,40.55,,77.3,,49.5,,85.2,,34.25,,71.8,,,7880,0.124727192,0.089203842,0.347,0.973028478,1,-7.9517798,112.6138632
Poland,Lodz,Lodz University of Technology,Software Engineering,Master,2.0,2400,48.5,500,80,400,4.1,59,40.8,17.1,29.5,36.8,35.0,85.8,14,2500,0.559538224,63.29585919,,1001-1200,Poland,Europe,M,CO,VH,A,5.0,601+,3.4,601+,46.2,335,8.9,701+,3.3,701+,4.0,701+,50.7,701+,3.2,701+,4.0,701+,,6280,0.001732208,0.001238861,0.05,0.978504929,1,51.7728245,19.4784857
Romania,Constanta,Ovidius University,Data Analytics,Master,2.0,1900,39.8,320,120,350,4.65,69,37.5,9.9,24.2,36.6,35.5,63.8,45,200,0.044763058,63.29585919,,,,,,,,,34.7,,28.7,,28.6,,40.55,,77.3,,49.5,,85.2,,34.25,,71.8,,,4910,0.200157809,0.143151187,0.347,0.98319414,1,44.1944949,28.6509404
Luxembourg,Walferdange,European Business University,Digital Innovation,Bachelor,3.0,400,76.5,1100,100,800,0.92,20,62.4,40.5,51.9,64.1,68.7,182.5,19,1715,0.383843222,63.29585919,,,,,,,,,34.7,,28.7,,28.6,,40.55,,77.3,,49.5,,85.2,,34.25,,71.8,,,5400,0.181998704,0.130163948,0.347,0.981516977,1,49.6584806,6.1306387
Indonesia,Semarang,Diponegoro University,Computer Science,PhD,4.0,3200,38.5,220,150,250,15600.0,107,26.7,7.7,17.6,33.4,13.5,31.7,60,18,0.004028675,63.29585919,,791-800,Indonesia,Asia,XL,FC,HI,A,19.2,467,41.7,227,19.3,690,1.5,701+,27.9,508,3.0,701+,27.4,701+,14.6,673,9.7,676=,,14080,0.043236986,0.03092273,0.192,0.951807229,1,-7.0515579,110.4395309
Iceland,Borgarnes,Agricultural University,Data Systems,Master,2.0,0,79.8,900,140,900,137.5,3,83.0,39.2,62.0,88.4,86.8,120.3,64,10,0.002238153,63.29585919,,,,,,,,,34.7,,28.7,,28.6,,40.55,,77.3,,49.5,,85.2,,34.25,,71.8,,,2840,0.345996128,0.247453531,0.347,0.990279299,1,64.5383337,-21.920208
Colombia,Cartagena,Universidad de Cartagena,Information Systems,Master,2.0,3300,35.2,290,80,300,3950.0,102,28.8,8.6,19.1,30.3,20.5,33.7,19,1715,0.383843222,63.29585919,,1201-1400,Colombia,Americas,L,FC,MD,A,4.8,601+,2.7,601+,4.0,701+,3.2,701+,2.2,701+,1.1,701+,11.0,701+,2.1,701+,1.2,701+,,7560,0.000749901,0.000536323,0.048,0.974123768,1,10.3996068,-75.5027862
Poland,Katowice,University of Silesia,Computer Engineering,Bachelor,3.0,2300,47.8,480,80,400,4.1,59,40.8,17.1,29.5,36.8,35.0,85.8,14,2500,0.559538224,63.29585919,,,,,,,,,34.7,,28.7,,28.6,,40.55,,77.3,,49.5,,85.2,,34.25,,71.8,,,8820,0.111435778,0.079697935,0.347,0.969811062,1,50.2606627,19.0292035
Romania,Craiova,University of Craiova,Software Development,PhD,4.0,2200,38.9,300,120,350,4.65,69,37.5,9.9,24.2,36.6,35.5,63.8,45,200,0.044763058,63.29585919,,1401+,Romania,Europe,L,CO,HI,A,4.5,601+,2.2,601+,3.2,701+,2.1,701+,77.3,,49.5,,21.8,701+,13.4,701+,1.0,701+,,10470,0.002815395,0.002013547,0.045,0.964163472,1,44.3190159,23.7965614
Luxembourg,Bertrange,Chamber of Commerce School,Business Analytics,Master,2.0,400,75.4,1050,100,800,0.92,20,62.4,40.5,51.9,64.1,68.7,182.5,19,1715,0.383843222,63.29585919,,,,,,,,,34.7,,28.7,,28.6,,40.55,,77.3,,49.5,,85.2,,34.25,,71.8,,,3800,0.258609576,0.184955402,0.347,0.986993428,1,49.6106029,6.0501598
Indonesia,Denpasar,Udayana University,Information Technology,Master,2.0,3000,37.9,200,150,250,15600.0,107,26.7,7.7,17.6,33.4,13.5,31.7,60,18,0.004028675,63.29585919,,1401+,Indonesia,Asia,XL,FC,MD,A,6.4,601+,4.7,601+,5.7,701+,1.4,701+,7.4,701+,3.4,701+,12.3,701+,3.7,701+,1.0,701+,,6800,0.002556977,0.001828728,0.064,0.976725082,1,-8.6743148,115.2188212
Tunisia,Tunis,University of Tunis,Computer Science,Master,2.0,1500,35.8,250,60,200,3.15,104,28.1,4.7,16.9,31.4,15.0,32.2,19,1715,0.383843222,63.29585919,,,,,,,,,34.7,,28.7,,28.6,,40.55,,77.3,,49.5,,85.2,,34.25,,71.8,,,3760,0.261360011,0.186922489,0.347,0.98713034,1,36.8321463,10.1517169
Cyprus,Nicosia,University of Cyprus,Data Science,Master,2.0,8000,65.4,600,100,500,0.92,28,54.7,24.8,40.4,49.6,53.2,71.4,18,1962,0.439125598,63.29585919,,,,,,,,,34.7,,28.7,,28.6,,40.55,,77.3,,49.5,,85.2,,34.25,,71.8,,,17800,0.055220212,0.039493033,0.347,0.93907448,1,35.1439124,33.413932
Croatia,Zagreb,University of Zagreb,Software Engineering,PhD,4.0,4000,58.9,450,80,400,7.35,47,45.5,13.8,30.3,43.5,42.2,75.0,19,1715,0.383843222,63.29585919,,751-760,Croatia,Europe,XL,FC,VH,A,16.3,547,7.3,601+,23.8,612,4.1,701+,1.7,701+,3.3,701+,91.6,148,96.9,36,27.9,462=,,18280,0.038694273,0.02767382,0.163,0.937431544,1,45.8168948,15.897824
Dominican Republic,Santo Domingo,INTEC,Computer Engineering,Bachelor,4.0,6000,42.5,350,100,300,56.8,67,37.9,10.6,24.8,37.6,33.1,28.7,19,1715,0.383843222,63.29585919,,,,,,,,,34.7,,28.7,,28.6,,40.55,,77.3,,49.5,,85.2,,34.25,,71.8,,,25800,0.03809833,0.027247606,0.347,0.911692223,1,18.487589,-69.9619414
Morocco,Rabat,Mohammed V University,Information Systems,Master,2.0,2000,41.2,300,70,250,10.15,96,29.5,7.4,18.9,29.8,20.7,38.6,19,1715,0.383843222,63.29585919,,,,,,,,,34.7,,28.7,,28.6,,40.55,,77.3,,49.5,,85.2,,34.25,,71.8,,,4920,0.199751067,0.142860289,0.347,0.983159912,1,34.0074369,-6.8380447
Peru,Lima,PUCP,Data Analytics,Master,2.0,8500,44.8,400,120,350,3.75,95,30.0,9.6,20.2,31.5,21.3,34.8,19,1715,0.383843222,63.29585919,,,,,,,,,34.7,,28.7,,28.6,,40.55,,77.3,,49.5,,85.2,,34.25,,71.8,,,18270,0.053799737,0.038477121,0.347,0.937465772,1,-12.0691658,-77.0799348
Argentina,Buenos Aires,University of Buenos Aires,Computer Science,PhD,4.0,0,42.5,350,90,280,275.0,98,29.4,7.6,18.9,29.7,24.8,41.5,19,1715,0.383843222,63.29585919,,,,,,,,,34.7,,28.7,,28.6,,40.55,,77.3,,49.5,,85.2,,34.25,,71.8,,,1770,0.555039526,0.396959617,0.347,0.993941676,1,-34.6095579,-58.3887904
Tunisia,Sfax,University of Sfax,Artificial Intelligence,Master,2.0,1400,33.2,200,60,200,3.15,104,28.1,4.7,16.9,31.4,15.0,32.2,19,1715,0.383843222,63.29585919,,,,,,,,,34.7,,28.7,,28.6,,40.55,,77.3,,49.5,,85.2,,34.25,,71.8,,,3460,0.284014736,0.203124958,0.347,0.988157174,1,34.7394361,10.7604024
Cyprus,Limassol,Cyprus University of Technology,Software Development,Bachelor,4.0,7500,62.8,550,100,500,0.92,28,54.7,24.8,40.4,49.6,53.2,71.4,18,1962,0.439125598,63.29585919,,,,,,,,,34.7,,28.7,,28.6,,40.55,,77.3,,49.5,,85.2,,34.25,,71.8,,,32800,0.029967836,0.021432745,0.347,0.887732749,1,34.6763787,33.044583
Croatia,Split,University of Split,Data Engineering,Master,2.0,3800,56.4,400,80,400,7.35,47,45.5,13.8,30.3,43.5,42.2,75.0,19,1715,0.383843222,63.29585919,,1201-1400,Croatia,Europe,L,FC,HI,A,6.3,601+,4.0,601+,5.0,701+,4.2,701+,1.4,701+,2.0,701+,47.5,701+,12.3,701+,4.5,701+,,8880,0.005539917,0.003962102,0.063,0.969605696,1,43.5117478,16.4676015
Dominican Republic,Santiago,PUCMM,Information Technology,Master,2.0,5500,40.2,300,100,300,56.8,67,37.9,10.6,24.8,37.6,33.1,28.7,19,1715,0.383843222,63.29585919,,,,,,,,,34.7,,28.7,,28.6,,40.55,,77.3,,49.5,,85.2,,34.25,,71.8,,,12000,0.081907758,0.058579742,0.347,0.958926616,1,19.4432844,-70.6826157
Morocco,Casablanca,Hassan II University,Computer Engineering,PhD,4.0,2200,43.5,350,70,250,10.15,96,29.5,7.4,18.9,29.8,20.7,38.6,19,1715,0.383843222,63.29585919,,,,,,,,,34.7,,28.7,,28.6,,40.55,,77.3,,49.5,,85.2,,34.25,,71.8,,,10520,0.093429807,0.066820215,0.347,0.963992333,1,33.5419806,-7.6596215
Peru,Arequipa,Universidad San Agustin,Software Engineering,Bachelor,4.0,7000,41.2,300,120,350,3.75,95,30.0,9.6,20.2,31.5,21.3,34.8,19,1715,0.383843222,63.29585919,,,,,,,,,34.7,,28.7,,28.6,,40.55,,77.3,,49.5,,85.2,,34.25,,71.8,,,29670,0.03312915,0.02369369,0.347,0.898446057,1,-16.4068835,-71.5218221
Argentina,Cordoba,National University of Cordoba,Data Science,Master,2.0,0,39.8,280,90,280,275.0,98,29.4,7.6,18.9,29.7,24.8,41.5,19,1715,0.383843222,63.29585919,,,,,,,,,34.7,,28.7,,28.6,,40.55,,77.3,,49.5,,85.2,,34.25,,71.8,,,930,1.055827068,0.755118669,0.347,0.996816813,1,-31.4166867,-64.1834193
Tunisia,Sousse,University of Sousse,Computer Systems,Bachelor,3.0,1300,32.5,180,60,200,3.15,104,28.1,4.7,16.9,31.4,15.0,32.2,19,1715,0.383843222,63.29585919,,,,,,,,,34.7,,28.7,,28.6,,40.55,,77.3,,49.5,,85.2,,34.25,,71.8,,,4700,0.209099128,0.149545944,0.347,0.983912924,1,35.8119064,10.6386817
Cyprus,Larnaca,American University Cyprus,Artificial Intelligence,PhD,4.0,8200,61.5,500,100,500,0.92,28,54.7,24.8,40.4,49.6,53.2,71.4,18,1962,0.439125598,63.29585919,,,,,,,,,34.7,,28.7,,28.6,,40.55,,77.3,,49.5,,85.2,,34.25,,71.8,,,35400,0.027766871,0.019858633,0.347,0.878833516,1,34.9422134,33.6440053
Croatia,Rijeka,University of Rijeka,Information Systems,Master,2.0,3500,54.8,380,80,400,7.35,47,45.5,13.8,30.3,43.5,42.2,75.0,19,1715,0.383843222,63.29585919,,1201-1400,Croatia,Europe,L,CO,HI,A,6.1,601+,4.3,601+,13.8,701+,4.3,701+,2.5,701+,1.8,701+,45.8,701+,12.0,701+,2.9,701+,,8240,0.006261376,0.004478084,0.061,0.971796276,1,45.3286374,14.4664673
Dominican Republic,La Romana,Universidad Central Este,Computer Science,Bachelor,4.0,5000,38.5,280,100,300,56.8,67,37.9,10.6,24.8,37.6,33.1,28.7,19,1715,0.383843222,63.29585919,,,,,,,,,34.7,,28.7,,28.6,,40.55,,77.3,,49.5,,85.2,,34.25,,71.8,,,21520,0.045675155,0.032666488,0.347,0.926341731,1,18.4230137,-68.9661104
Morocco,Fez,University of Al Quaraouiyine,Data Analytics,Master,2.0,1800,39.8,250,70,250,10.15,96,29.5,7.4,18.9,29.8,20.7,38.6,19,1715,0.383843222,63.29585919,,,,,,,,,34.7,,28.7,,28.6,,40.55,,77.3,,49.5,,85.2,,34.25,,71.8,,,4420,0.22234223,0.1590173,0.347,0.984871303,1,34.0346534,-5.0161926
Peru,Trujillo,Universidad Nacional de Trujillo,Software Development,PhD,4.0,7500,40.5,280,120,350,3.75,95,30.0,9.6,20.2,31.5,21.3,34.8,19,1715,0.383843222,63.29585919,,,,,,,,,34.7,,28.7,,28.6,,40.55,,77.3,,49.5,,85.2,,34.25,,71.8,,,31590,0.031115666,0.022253663,0.347,0.891874315,1,-8.1146349,-79.0385842
Argentina,Rosario,National University of Rosario,Computer Engineering,Master,2.0,0,38.5,260,90,280,275.0,98,29.4,7.6,18.9,29.7,24.8,41.5,19,1715,0.383843222,63.29585919,,,,,,,,,34.7,,28.7,,28.6,,40.55,,77.3,,49.5,,85.2,,34.25,,71.8,,,890,1.103226712,0.789018497,0.347,0.996953724,1,-32.9593609,-60.6617024
Tunisia,Monastir,University of Monastir,Data Science,PhD,4.0,1600,31.8,170,60,200,3.15,104,28.1,4.7,16.9,31.4,15.0,32.2,19,1715,0.383843222,63.29585919,,,,,,,,,34.7,,28.7,,28.6,,40.55,,77.3,,49.5,,85.2,,34.25,,71.8,,,7340,0.133902057,0.095765629,0.347,0.97487678,1,35.7707582,10.8280511
Cyprus,Famagusta,Eastern Mediterranean University,Software Engineering,Master,2.0,7800,59.8,480,100,500,0.92,28,54.7,24.8,40.4,49.6,53.2,71.4,18,1962,0.439125598,63.29585919,,,Northern Cyprus,Not Classified,L,FC,MD,A,5.6,601+,2.1,601+,3.5,701+,26.5,480,90.1,190,100.0,9,55.2,693,24.1,469,1.8,701+,,17160,0.002949129,0.002109192,0.056,0.94126506,1,35.1447698,33.904974
Croatia,Osijek,University of Osijek,Computer Science,Bachelor,3.0,3200,52.5,350,80,400,7.35,47,45.5,13.8,30.3,43.5,42.2,75.0,19,1715,0.383843222,63.29585919,,,,,,,,,34.7,,28.7,,28.6,,40.55,,77.3,,49.5,,85.2,,34.25,,71.8,,,11130,0.088309676,0.06315834,0.347,0.961904436,1,45.5548793,18.6953685
Dominican Republic,San Pedro,UCNE,Information Systems,Master,2.0,4800,37.2,260,100,300,56.8,67,37.9,10.6,24.8,37.6,33.1,28.7,19,1715,0.383843222,63.29585919,,,,,,,,,34.7,,28.7,,28.6,,40.55,,77.3,,49.5,,85.2,,34.25,,71.8,,,10520,0.093429807,0.066820215,0.347,0.963992333,1,19.3018139,-70.2494632
Morocco,Marrakech,Cadi Ayyad University,Artificial Intelligence,PhD,4.0,2100,40.5,280,70,250,10.15,96,29.5,7.4,18.9,29.8,20.7,38.6,19,1715,0.383843222,63.29585919,,,,,,,,,34.7,,28.7,,28.6,,40.55,,77.3,,49.5,,85.2,,34.25,,71.8,,,9840,0.099885682,0.071437403,0.347,0.966319825,1,31.6660557,-8.0005263
Peru,Cusco,Universidad San Antonio Abad,Data Analytics,Master,2.0,6800,39.8,260,120,350,3.75,95,30.0,9.6,20.2,31.5,21.3,34.8,19,1715,0.383843222,63.29585919,,,,,,,,,34.7,,28.7,,28.6,,40.55,,77.3,,49.5,,85.2,,34.25,,71.8,,,14590,0.067368583,0.048181446,0.347,0.95006161,1,-13.5217864,-71.9587621
Argentina,La Plata,National University of La Plata,Software Development,Bachelor,4.0,0,37.5,240,90,280,275.0,98,29.4,7.6,18.9,29.7,24.8,41.5,19,1715,0.383843222,63.29585919,,,,,,,,,34.7,,28.7,,28.6,,40.55,,77.3,,49.5,,85.2,,34.25,,71.8,,,1330,0.738523666,0.528185936,0.347,0.9954477,1,-34.9206797,-57.9537638
Tunisia,Gabes,University of Gabes,Computer Engineering,Master,2.0,1400,30.5,160,60,200,3.15,104,28.1,4.7,16.9,31.4,15.0,32.2,19,1715,0.383843222,63.29585919,,,,,,,,,34.7,,28.7,,28.6,,40.55,,77.3,,49.5,,85.2,,34.25,,71.8,,,3380,0.29073499,0.207931228,0.347,0.988430997,1,33.8878082,10.10044
Croatia,Zadar,University of Zadar,Information Technology,PhD,4.0,3600,53.2,370,80,400,7.35,47,45.5,13.8,30.3,43.5,42.2,75.0,19,1715,0.383843222,63.29585919,,,,,,,,,34.7,,28.7,,28.6,,40.55,,77.3,,49.5,,85.2,,34.25,,71.8,,,16360,0.060080374,0.04296898,0.347,0.944003286,1,44.1113287,15.2261357
Cyprus,Paphos,Neapolis University,Data Science,Bachelor,3.0,7400,58.5,450,100,500,0.92,28,54.7,24.8,40.4,49.6,53.2,71.4,18,1962,0.439125598,63.29585919,,,,,,,,,34.7,,28.7,,28.6,,40.55,,77.3,,49.5,,85.2,,34.25,,71.8,,,24150,0.040701213,0.029109167,0.347,0.917339814,1,34.749421,32.4266045
Dominican Republic,Puerto Plata,UTESA,Computer Science,PhD,4.0,4500,36.8,250,100,300,56.8,67,37.9,10.6,24.8,37.6,33.1,28.7,19,1715,0.383843222,63.29585919,,,,,,,,,34.7,,28.7,,28.6,,40.55,,77.3,,49.5,,85.2,,34.25,,71.8,,,19400,0.050666203,0.036236044,0.347,0.933598028,1,19.7225234,-70.7208338
Morocco,Tangier,Abdelmalek Essaadi University,Software Engineering,Master,2.0,1900,38.9,260,70,250,10.15,96,29.5,7.4,18.9,29.8,20.7,38.6,19,1715,0.383843222,63.29585919,,,,,,,,,34.7,,28.7,,28.6,,40.55,,77.3,,49.5,,85.2,,34.25,,71.8,,,4640,0.211802413,0.151479311,0.347,0.984118291,1,35.7365092,-5.8930337
Peru,Piura,Universidad de Piura,Information Systems,Master,2.0,7200,38.5,250,120,350,3.75,95,30.0,9.6,20.2,31.5,21.3,34.8,19,1715,0.383843222,63.29585919,,1201-1400,Peru,Americas,M,FO,HI,B,7.5,601+,10.7,601+,5.0,701+,1.2,701+,5.7,701+,1.1,701+,3.3,701+,12.5,701+,1.0,701+,,15370,0.008701451,0.006223205,0.075,0.94739184,1,-5.1729903,-80.6394912
Argentina,Mendoza,National University of Cuyo,Data Analytics,PhD,4.0,0,36.8,230,90,280,275.0,98,29.4,7.6,18.9,29.7,24.8,41.5,19,1715,0.383843222,63.29585919,,,,,,,,,34.7,,28.7,,28.6,,40.55,,77.3,,49.5,,85.2,,34.25,,71.8,,,1290,0.761405887,0.544551109,0.347,0.995584611,1,-32.8795365,-68.8801735
Tunisia,Bizerte,University of Carthage,Artificial Intelligence,Bachelor,3.0,1200,29.8,150,60,200,3.15,104,28.1,4.7,16.9,31.4,15.0,32.2,19,1715,0.383843222,63.29585919,,,,,,,,,34.7,,28.7,,28.6,,40.55,,77.3,,49.5,,85.2,,34.25,,71.8,,,4310,0.228015542,0.163074804,0.347,0.985247809,1,37.2720905,9.8708565
Cyprus,Girne,Girne American University,Computer Engineering,Master,2.0,7600,57.8,430,100,500,0.92,28,54.7,24.8,40.4,49.6,53.2,71.4,18,1962,0.439125598,63.29585919,,,,,,,,,34.7,,28.7,,28.6,,40.55,,77.3,,49.5,,85.2,,34.25,,71.8,,,16660,0.05899856,0.042195275,0.347,0.942976451,1,35.3396291,33.3205287
Croatia,Dubrovnik,University of Dubrovnik,Software Development,Master,2.0,3400,54.5,390,80,400,7.35,47,45.5,13.8,30.3,43.5,42.2,75.0,19,1715,0.383843222,63.29585919,,,,,,,,,34.7,,28.7,,28.6,,40.55,,77.3,,49.5,,85.2,,34.25,,71.8,,,8060,0.121942067,0.087211944,0.347,0.972412377,1,42.6425285,18.1026638
Morocco,Oujda,Mohammed I University,Computer Science,Bachelor,4.0,1700,37.5,240,70,250,10.15,96,29.5,7.4,18.9,29.8,20.7,38.6,19,1715,0.383843222,63.29585919,,,,,,,,,34.7,,28.7,,28.6,,40.55,,77.3,,49.5,,85.2,,34.25,,71.8,,,8080,0.121640267,0.0869961,0.347,0.972343921,1,34.677874,-1.929306
Peru,Chiclayo,Universidad San Martin,Data Engineering,PhD,4.0,6500,37.8,240,120,350,3.75,95,30.0,9.6,20.2,31.5,21.3,34.8,19,1715,0.383843222,63.29585919,,,,,,,,,34.7,,28.7,,28.6,,40.55,,77.3,,49.5,,85.2,,34.25,,71.8,,,27430,0.035834457,0.025628504,0.347,0.906113089,1,-6.7855917,-79.8709508
Ecuador,Quito,Universidad San Francisco,Computer Science,Master,2.0,8500,45.8,400,100,300,1.0,83,32.6,8.6,21.1,34.9,24.5,41.6,19,1715,0.383843222,63.29585919,,,,,,,,,34.7,,28.7,,28.6,,40.55,,77.3,,49.5,,85.2,,34.25,,71.8,,,18200,0.054006648,0.038625102,0.347,0.937705367,1,-0.1968612,-78.4359156
Lebanon,Beirut,American University of Beirut,Data Science,Master,2.0,20000,58.9,600,150,500,15000.0,54,41.8,13.4,28.1,32.2,37.1,25.4,71,2,0.000447631,63.29585919,,,,,,,,,34.7,,28.7,,28.6,,40.55,,77.3,,49.5,,85.2,,34.25,,71.8,,,41850,0.023487491,0.016798057,0.347,0.856756572,1,33.9000264,35.4823838
Bahrain,Manama,University of Bahrain,Software Engineering,Bachelor,4.0,7000,65.4,700,130,600,0.38,34,52.3,20.5,37.0,46.9,44.7,105.0,4,27000,6.043012822,76.50096129,,951-1000,Bahrain,Asia,L,CO,HI,A,9.7,601+,5.1,601+,7.0,701+,2.2,701+,87.0,213,8.9,701+,36.2,701+,36.3,350,1.1,701+,,31530,0.005871365,0.004199151,0.097,0.892079682,1,26.243099,50.5754574
Uruguay,Montevideo,Universidad de la Republica,Computer Engineering,PhD,4.0,0,52.4,450,90,350,39.5,29,54.1,13.8,34.8,52.1,50.2,56.3,19,1715,0.383843222,63.29585919,,,,,,,,,34.7,,28.7,,28.6,,40.55,,77.3,,49.5,,85.2,,34.25,,71.8,,,2240,0.438632307,0.31370615,0.347,0.992332968,1,-34.8966381,-56.1402992
Bulgaria,Sofia,Sofia University,Information Systems,Master,2.0,3500,48.5,400,110,300,1.85,66,38.3,10.3,24.9,38.2,34.7,68.4,53,50,0.011190764,63.29585919,,,,,,,,,34.7,,28.7,,28.6,,40.55,,77.3,,49.5,,85.2,,34.25,,71.8,,,8210,0.119714408,0.085618741,0.347,0.971898959,1,42.6935092,23.3353169
Ghana,Accra,University of Ghana,Data Analytics,Master,2.0,4500,42.1,300,120,250,12.0,90,30.9,10.2,21.0,33.9,26.9,18.4,19,1715,0.383843222,63.29585919,,951-1000,Ghana,Africa,XL,FC,HI,A,11.5,601+,7.6,601+,1.9,701+,5.3,701+,4.5,701+,1.7,701+,72.8,443,95.4,51,7.6,701+,,9970,0.072714873,0.052005068,0.115,0.965874863,1,5.6465979,-0.188004
Algeria,Algiers,University of Science and Technology,Computer Science,Bachelor,3.0,1200,38.5,250,80,200,137.5,101,28.9,3.8,16.9,36.8,14.0,29.9,19,1715,0.383843222,63.29585919,,,,,,,,,34.7,,28.7,,28.6,,40.55,,77.3,,49.5,,85.2,,34.25,,71.8,,,4630,0.212259771,0.151806409,0.347,0.984152519,1,36.7729333,3.0588445
Panama,Panama City,Universidad Tecnologica,Artificial Intelligence,Master,2.0,7500,51.2,600,100,400,1.0,45,46.4,20.1,33.8,48.3,42.2,42.2,19,1715,0.383843222,63.29585919,,,,,,,,,34.7,,28.7,,28.6,,40.55,,77.3,,49.5,,85.2,,34.25,,71.8,,,16700,0.058857254,0.042094215,0.347,0.94283954,1,8.9714493,-79.5341802
Ecuador,Guayaquil,ESPOL,Software Development,PhD,4.0,7800,43.2,350,100,300,1.0,83,32.6,8.6,21.1,34.9,24.5,41.6,19,1715,0.383843222,63.29585919,,,,,,,,,34.7,,28.7,,28.6,,40.55,,77.3,,49.5,,85.2,,34.25,,71.8,,,33000,0.029786219,0.021302854,0.347,0.887048193,1,-2.147712,-79.9647289
Lebanon,Byblos,Lebanese American University,Data Engineering,Master,2.0,18000,55.4,500,150,500,15000.0,54,41.8,13.4,28.1,32.2,37.1,25.4,71,2,0.000447631,63.29585919,,661-670,Lebanon,Asia,M,FC,HI,B,13.5,601+,20.3,448,29.1,532,3.7,701+,73.3,273,19.6,551,36.5,701+,19.9,565,19.5,544,,37650,0.01072933,0.007673527,0.135,0.871132256,1,34.1236954,35.6493557
Bahrain,Riffa,Royal University for Women,Information Technology,Master,2.0,8000,63.2,650,130,600,0.38,34,52.3,20.5,37.0,46.9,44.7,105.0,4,27000,6.043012822,76.50096129,,,,,,,,,34.7,,28.7,,28.6,,40.55,,77.3,,49.5,,85.2,,34.25,,71.8,,,18030,0.054515834,0.038989267,0.347,0.93828724,1,26.1013852,50.5496676
Uruguay,Salto,Universidad ORT Uruguay,Computer Science,Master,2.0,6500,48.5,380,90,350,39.5,29,54.1,13.8,34.8,52.1,50.2,56.3,19,1715,0.383843222,63.29585919,,771-780,Uruguay,Americas,S,FO,HI,B,11.2,601+,12.4,601+,79.0,145,1.1,701+,15.8,655,1.9,701+,3.4,701+,5.7,701+,1.0,701+,,14200,0.004977114,0.00355959,0.112,0.951396495,1,-31.38889,-57.9608876
Bulgaria,Plovdiv,Plovdiv University,Data Science,Bachelor,3.0,3200,45.8,350,110,300,1.85,66,38.3,10.3,24.9,38.2,34.7,68.4,53,50,0.011190764,63.29585919,,,,,,,,,34.7,,28.7,,28.6,,40.55,,77.3,,49.5,,85.2,,34.25,,71.8,,,11060,0.088868547,0.06355804,0.347,0.962144031,1,42.1581599,24.7141813
Ghana,Kumasi,Kwame Nkrumah University,Software Engineering,PhD,4.0,4200,39.8,250,120,250,12.0,90,30.9,10.2,21.0,33.9,26.9,18.4,19,1715,0.383843222,63.29585919,,,,,,,,,34.7,,28.7,,28.6,,40.55,,77.3,,49.5,,85.2,,34.25,,71.8,,,18170,0.054095812,0.038688871,0.347,0.93780805,1,6.6785135,-1.575422
Algeria,Oran,University of Oran,Computer Engineering,Master,2.0,1100,36.4,220,80,200,137.5,101,28.9,3.8,16.9,36.8,14.0,29.9,19,1715,0.383843222,63.29585919,,,,,,,,,34.7,,28.7,,28.6,,40.55,,77.3,,49.5,,85.2,,34.25,,71.8,,,2920,0.336520027,0.240676303,0.347,0.990005476,1,35.7077781,-0.579255
Panama,David,ISAE University,Data Analytics,Bachelor,4.0,6800,47.5,450,100,400,1.0,45,46.4,20.1,33.8,48.3,42.2,42.2,19,1715,0.383843222,63.29585919,,,,,,,,,34.7,,28.7,,28.6,,40.55,,77.3,,49.5,,85.2,,34.25,,71.8,,,29500,0.033320057,0.023830225,0.347,0.89902793,1,8.4371469,-82.4286281
Ecuador,Cuenca,Universidad de Cuenca,Information Systems,Master,2.0,7200,42.5,320,100,300,1.0,83,32.6,8.6,21.1,34.9,24.5,41.6,19,1715,0.383843222,63.29585919,,1401+,Ecuador,Americas,L,FC,MD,A,7.2,601+,2.2,601+,4.9,701+,2.0,701+,2.2,701+,1.4,701+,24.4,701+,7.8,701+,2.7,701+,,15440,0.001111327,0.000794812,0.072,0.947152245,1,-2.8681077,-78.9799279
Lebanon,Tripoli,Lebanese University,Computer Science,PhD,4.0,2000,52.1,400,150,500,15000.0,54,41.8,13.4,28.1,32.2,37.1,25.4,71,2,0.000447631,63.29585919,567.0,577,Lebanon,Asia,XL,FC,HI,A,29.0,304,34.4,274,10.1,701+,2.2,701+,43.8,402,29.5,435,43.7,701+,29.9,418,5.8,701+,21.9,10250,0.100337528,0.071760559,0.29,0.964916484,1,34.4359097,35.8539229
Bahrain,Isa Town,Bahrain Polytechnic,Software Development,Bachelor,4.0,6500,61.8,600,130,600,0.38,34,52.3,20.5,37.0,46.9,44.7,105.0,4,27000,6.043012822,76.50096129,,,,,,,,,34.7,,28.7,,28.6,,40.55,,77.3,,49.5,,85.2,,34.25,,71.8,,,29130,0.033743263,0.024132899,0.347,0.900294359,1,26.1741995,50.5473432
Uruguay,Maldonado,Universidad Catolica,Data Science,Master,2.0,7000,49.2,400,90,350,39.5,29,54.1,13.8,34.8,52.1,50.2,56.3,19,1715,0.383843222,63.29585919,,,,,,,,,34.7,,28.7,,28.6,,40.55,,77.3,,49.5,,85.2,,34.25,,71.8,,,15240,0.06449544,0.046126598,0.347,0.947836802,1,-34.9380976,-54.9348762
Bulgaria,Varna,Technical University Varna,Computer Engineering,Master,2.0,3100,44.2,330,110,300,1.85,66,38.3,10.3,24.9,38.2,34.7,68.4,53,50,0.011190764,63.29585919,,,,,,,,,34.7,,28.7,,28.6,,40.55,,77.3,,49.5,,85.2,,34.25,,71.8,,,7270,0.13519117,0.096687592,0.347,0.975116375,1,43.2237428,27.9356554
Ghana,Cape Coast,University of Cape Coast,Information Technology,Master,2.0,4000,38.5,230,120,250,12.0,90,30.9,10.2,21.0,33.9,26.9,18.4,19,1715,0.383843222,63.29585919,,,,,,,,,34.7,,28.7,,28.6,,40.55,,77.3,,49.5,,85.2,,34.25,,71.8,,,8830,0.111309591,0.079607687,0.347,0.969776835,1,5.118337,-1.2885783
Algeria,Constantine,University of Constantine,Data Analytics,PhD,4.0,1300,35.8,200,80,200,137.5,101,28.9,3.8,16.9,36.8,14.0,29.9,19,1715,0.383843222,63.29585919,,,,,,,,,34.7,,28.7,,28.6,,40.55,,77.3,,49.5,,85.2,,34.25,,71.8,,,6280,0.156499761,0.111927317,0.347,0.978504929,1,36.2456144,6.5689093
Panama,Santiago,Universidad Latina,Computer Science,Master,2.0,6500,45.8,400,100,400,1.0,45,46.4,20.1,33.8,48.3,42.2,42.2,19,1715,0.383843222,63.29585919,,,,,,,,,34.7,,28.7,,28.6,,40.55,,77.3,,49.5,,85.2,,34.25,,71.8,,,14300,0.068734704,0.049158484,0.347,0.951054217,1,8.0989867,-80.9803978
Ecuador,Loja,UTPL,Artificial Intelligence,Bachelor,3.0,6800,41.2,300,100,300,1.0,83,32.6,8.6,21.1,34.9,24.5,41.6,19,1715,0.383843222,63.29585919,,,,,,,,,34.7,,28.7,,28.6,,40.55,,77.3,,49.5,,85.2,,34.25,,71.8,,,21700,0.0452963,0.032395534,0.347,0.92572563,1,-3.9868735,-79.1979392
Lebanon,Jounieh,Holy Spirit University,Software Engineering,Master,2.0,16000,54.5,450,150,500,15000.0,54,41.8,13.4,28.1,32.2,37.1,25.4,71,2,0.000447631,63.29585919,,,,,,,,,34.7,,28.7,,28.6,,40.55,,77.3,,49.5,,85.2,,34.25,,71.8,,,33550,0.029297934,0.020953637,0.347,0.885165663,1,33.9741506,35.6200633
Bahrain,Sakhir,Arabian Gulf University,Data Science,PhD,4.0,9000,62.4,620,130,600,0.38,34,52.3,20.5,37.0,46.9,44.7,105.0,4,27000,6.043012822,76.50096129,,,,,,,,,34.7,,28.7,,28.6,,40.55,,77.3,,49.5,,85.2,,34.25,,71.8,,,39210,0.025068858,0.017929037,0.347,0.865792716,1,26.0316553,50.5145563
Uruguay,Rivera,UTEC,Information Systems,Bachelor,4.0,0,47.8,350,90,350,39.5,29,54.1,13.8,34.8,52.1,50.2,56.3,19,1715,0.383843222,63.29585919,,,,,,,,,34.7,,28.7,,28.6,,40.55,,77.3,,49.5,,85.2,,34.25,,71.8,,,1840,0.533935361,0.381866095,0.347,0.993702081,1,-30.900058,-55.5408151
Bulgaria,Burgas,Burgas Free University,Computer Science,Master,2.0,2900,43.5,320,110,300,1.85,66,38.3,10.3,24.9,38.2,34.7,68.4,53,50,0.011190764,63.29585919,,,,,,,,,34.7,,28.7,,28.6,,40.55,,77.3,,49.5,,85.2,,34.25,,71.8,,,6850,0.143479054,0.102615017,0.347,0.976553943,1,42.5035964,27.4688782
Ghana,Tamale,University for Development,Software Development,PhD,4.0,3800,36.8,200,120,250,12.0,90,30.9,10.2,21.0,33.9,26.9,18.4,19,1715,0.383843222,63.29585919,,,,,,,,,34.7,,28.7,,28.6,,40.55,,77.3,,49.5,,85.2,,34.25,,71.8,,,16370,0.060043675,0.042942733,0.347,0.943969058,1,9.3737736,-0.8858865
Algeria,Annaba,Badji Mokhtar University,Computer Engineering,Master,2.0,1000,34.5,180,80,200,137.5,101,28.9,3.8,16.9,36.8,14.0,29.9,19,1715,0.383843222,63.29585919,,,,,,,,,34.7,,28.7,,28.6,,40.55,,77.3,,49.5,,85.2,,34.25,,71.8,,,2640,0.372198031,0.266192912,0.347,0.990963855,1,36.8610352,7.7280352
Panama,Chitré,Quality Leadership University,Data Analytics,Bachelor,3.0,6200,44.2,380,100,400,1.0,45,46.4,20.1,33.8,48.3,42.2,42.2,19,1715,0.383843222,63.29585919,,,,,,,,,34.7,,28.7,,28.6,,40.55,,77.3,,49.5,,85.2,,34.25,,71.8,,,20240,0.048563559,0.03473225,0.347,0.930722892,1,7.9633096,-80.4283492
Ecuador,Ambato,Universidad Tecnica,Information Technology,PhD,4.0,6500,40.5,280,100,300,1.0,83,32.6,8.6,21.1,34.9,24.5,41.6,19,1715,0.383843222,63.29585919,,,,,,,,,34.7,,28.7,,28.6,,40.55,,77.3,,49.5,,85.2,,34.25,,71.8,,,27520,0.03571727,0.025544692,0.347,0.905805038,1,-1.2690107,-78.6241046
Lebanon,Sidon,Lebanese International,Computer Science,Bachelor,4.0,15000,51.8,420,150,500,15000.0,54,41.8,13.4,28.1,32.2,37.1,25.4,71,2,0.000447631,63.29585919,,,,,,,,,34.7,,28.7,,28.6,,40.55,,77.3,,49.5,,85.2,,34.25,,71.8,,,62330,0.015770243,0.011278745,0.347,0.786657996,1,33.5618345,35.3780338
Bahrain,Muharraq,Applied Science University,Data Engineering,Master,2.0,7500,61.5,580,130,600,0.38,34,52.3,20.5,37.0,46.9,44.7,105.0,4,27000,6.043012822,76.50096129,,,,,,,,,34.7,,28.7,,28.6,,40.55,,77.3,,49.5,,85.2,,34.25,,71.8,,,16890,0.058195193,0.041620714,0.347,0.942189211,1,26.2465946,50.6164127
Uruguay,Paysandu,Universidad de Paysandu,Software Engineering,Master,2.0,0,46.5,330,90,350,39.5,29,54.1,13.8,34.8,52.1,50.2,56.3,19,1715,0.383843222,63.29585919,,,,,,,,,34.7,,28.7,,28.6,,40.55,,77.3,,49.5,,85.2,,34.25,,71.8,,,1100,0.892801998,0.638524506,0.347,0.99623494,1,-32.3159777,-58.0846962
Bulgaria,Ruse,University of Ruse,Artificial Intelligence,PhD,4.0,3300,42.8,300,110,300,1.85,66,38.3,10.3,24.9,38.2,34.7,68.4,53,50,0.011190764,63.29585919,,,,,,,,,34.7,,28.7,,28.6,,40.55,,77.3,,49.5,,85.2,,34.25,,71.8,,,14810,0.066367902,0.047465767,0.347,0.949308598,1,43.8534815,25.9726127
Ghana,Ho,University of Health Sciences,Data Science,Master,2.0,3500,35.4,180,120,250,12.0,90,30.9,10.2,21.0,33.9,26.9,18.4,19,1715,0.383843222,63.29585919,,,,,,,,,34.7,,28.7,,28.6,,40.55,,77.3,,49.5,,85.2,,34.25,,71.8,,,7730,0.1271472,0.090934611,0.347,0.973541895,1,6.6126598,0.4688932
Algeria,Tlemcen,University of Tlemcen,Information Systems,Bachelor,3.0,900,33.2,160,80,200,137.5,101,28.9,3.8,16.9,36.8,14.0,29.9,19,1715,0.383843222,63.29585919,,,,,,,,,34.7,,28.7,,28.6,,40.55,,77.3,,49.5,,85.2,,34.25,,71.8,,,3460,0.284014736,0.203124958,0.347,0.988157174,1,34.9196637,-1.3018243
Panama,La Chorrera,Universidad Metropolitana,Computer Science,Master,2.0,6000,43.5,350,100,400,1.0,45,46.4,20.1,33.8,48.3,42.2,42.2,19,1715,0.383843222,63.29585919,,1001-1200,Venezuela,Americas,M,CO,LO,B,7.6,601+,15.1,555,4.4,701+,1.1,701+,4.4,701+,1.6,701+,1.1,701+,25.9,456,71.8,,,13200,0.029625786,0.021188114,0.076,0.954819277,1,8.883567,-79.7799498
Bangladesh,Dhaka,Bangladesh University of Engineering,Computer Science,Master,2.0,2500,42.5,250,100,200,109.5,117,22.5,2.4,12.8,25.7,12.8,33.1,26,1000,0.22381529,63.29585919,,,,,,,,,34.7,,28.7,,28.6,,40.55,,77.3,,49.5,,85.2,,34.25,,71.8,,,5800,0.169449233,0.121188671,0.347,0.980147864,1,23.7253034,90.3911721
Kuwait,Kuwait City,Kuwait University,Data Science,Master,2.0,3500,71.2,800,140,700,0.31,52,42.1,22.6,32.7,34.5,36.4,161.8,52,79,0.017681408,63.29585919,,851-900,Kuwait,Asia,L,FC,HI,A,14.7,593,7.9,601+,6.8,701+,2.9,701+,20.4,591,19.4,558,39.3,701+,93.8,58,17.1,562,,9440,0.078489567,0.05613508,0.147,0.967688938,1,29.2577898,47.8966432
Ukraine,Kyiv,Igor Sikorsky Kyiv Polytechnic,Software Engineering,Bachelor,4.0,3800,45.8,400,120,300,36.8,111,25.9,7.6,17.1,25.4,20.7,39.5,7,7963,1.782241152,63.29585919,,,,,,,,,34.7,,28.7,,28.6,,40.55,,77.3,,49.5,,85.2,,34.25,,71.8,,,17220,0.057080019,0.040823151,0.347,0.941059693,1,50.4492335,30.4577452
Slovenia,Ljubljana,University of Ljubljana,Computer Engineering,PhD,4.0,4500,62.4,500,80,450,0.92,38,49.9,18.7,34.9,49.0,43.4,80.9,19,1715,0.383843222,63.29585919,596.0,621-630,Slovenia,Europe,XL,FC,VH,A,19.9,451,9.2,601+,33.3,474,5.9,701+,4.2,701+,9.7,701+,84.8,249,97.6,32,4.9,701+,20.8,20530,0.04373484,0.031278791,0.199,0.929730285,1,46.0744053,14.5141463
Serbia,Belgrade,University of Belgrade,Information Systems,Master,2.0,2800,48.5,350,90,320,108.5,68,37.7,12.4,25.6,36.0,31.2,50.2,74,1,0.000223815,63.29585919,,721-730,Serbia,Europe,XL,FC,VH,A,17.6,514,8.4,601+,4.6,701+,5.3,701+,2.8,701+,4.0,701+,95.2,73,96.4,40,3.7,701+,,6710,0.1206616,0.086296165,0.176,0.977033133,1,44.8179654,20.4507765
Iran,Tehran,Sharif University of Technology,Data Analytics,Master,2.0,3000,51.2,400,150,280,42150.0,108,26.4,8.5,17.8,22.0,16.3,26.0,22,1200,0.268578348,63.29585919,342.0,334,"Iran, Islamic Republic of",Asia,M,FO,VH,A,11.5,601+,33.6,278,5.1,701+,99.9,13,2.9,701+,1.2,701+,61.4,610,28.2,436,1.3,701+,33.0,7230,0.131035818,0.093715719,0.115,0.975253286,2,35.7027174,51.35172
Uzbekistan,Tashkent,INHA University Tashkent,Computer Science,Bachelor,4.0,4200,44.5,300,160,250,12300.0,109,26.4,11.2,19.1,28.4,18.6,39.3,54,50,0.011190764,63.29585919,,,,,,,,,34.7,,28.7,,28.6,,40.55,,77.3,,49.5,,85.2,,34.25,,71.8,,,18410,0.053390636,0.038184535,0.347,0.936986583,1,41.3384731,69.3345645
El Salvador,San Salvador,Universidad Don Bosco,Software Development,Master,2.0,5500,46.8,400,110,300,1.0,61,39.5,14.6,27.6,43.4,29.6,31.9,19,1715,0.383843222,63.29585919,,,,,,,,,34.7,,28.7,,28.6,,40.55,,77.3,,49.5,,85.2,,34.25,,71.8,,,12210,0.08049914,0.05757231,0.347,0.958207831,1,13.7160476,-89.1540482
Bangladesh,Chittagong,CUET,Artificial Intelligence,PhD,4.0,2200,39.8,200,100,200,109.5,117,22.5,2.4,12.8,25.7,12.8,33.1,26,1000,0.22381529,63.29585919,,,,,,,,,34.7,,28.7,,28.6,,40.55,,77.3,,49.5,,85.2,,34.25,,71.8,,,9900,0.099280376,0.071004493,0.347,0.966114458,1,22.4649435,91.9714331
Kuwait,Hawalli,American University Kuwait,Data Engineering,Master,2.0,15000,68.5,750,140,700,0.31,52,42.1,22.6,32.7,34.5,36.4,161.8,52,79,0.017681408,63.29585919,,,,,,,,,34.7,,28.7,,28.6,,40.55,,77.3,,49.5,,85.2,,34.25,,71.8,,,32340,0.030394082,0.021737593,0.347,0.889307229,1,29.344252,48.0833926
Ukraine,Lviv,Lviv Polytechnic,Computer Science,Master,2.0,3500,43.2,350,120,300,36.8,111,25.9,7.6,17.1,25.4,20.7,39.5,7,7963,1.782241152,63.29585919,,,,,,,,,34.7,,28.7,,28.6,,40.55,,77.3,,49.5,,85.2,,34.25,,71.8,,,8120,0.121041128,0.0865676,0.347,0.97220701,1,49.8347304,24.0153038
Slovenia,Maribor,University of Maribor,Data Science,Master,2.0,4200,58.5,450,80,450,0.92,38,49.9,18.7,34.9,49.0,43.4,80.9,19,1715,0.383843222,63.29585919,,851-900,Slovenia,Europe,L,FC,HI,A,8.0,601+,6.6,601+,29.2,530,6.8,701+,1.8,701+,13.0,658,61.0,622,33.4,380,9.1,686=,,9830,0.022422948,0.016036704,0.08,0.966354053,1,46.5592325,15.6432937
Serbia,Novi Sad,University of Novi Sad,Software Engineering,PhD,4.0,2600,45.8,320,90,320,108.5,68,37.7,12.4,25.6,36.0,31.2,50.2,74,1,0.000223815,63.29585919,,1001-1200,Serbia,Europe,XL,FC,HI,A,8.4,601+,5.9,601+,8.8,701+,3.6,701+,77.3,,49.5,,79.4,334,21.3,538,1.2,701+,,12090,0.010393681,0.007433474,0.084,0.958618565,1,45.2455876,19.851128
Iran,Isfahan,Isfahan University of Technology,Information Systems,Bachelor,3.0,2800,48.5,350,150,280,42150.0,108,26.4,8.5,17.8,22.0,16.3,26.0,22,1200,0.268578348,63.29585919,489.0,,"Iran, Islamic Republic of",Asia,M,FO,VH,,4.9,601+,15.7,541,5.1,701+,92.2,68,2.3,701+,1.4,701+,43.5,701+,5.6,701+,1.1,701+,24.5,9880,0.008897885,0.006363693,0.049,0.966182913,1,32.7186844,51.5341465
Uzbekistan,Samarkand,Samarkand State University,Data Analytics,Master,2.0,3800,41.2,250,160,250,12300.0,109,26.4,11.2,19.1,28.4,18.6,39.3,54,50,0.011190764,63.29585919,,,,,,,,,34.7,,28.7,,28.6,,40.55,,77.3,,49.5,,85.2,,34.25,,71.8,,,8510,0.115494654,0.082600808,0.347,0.970872125,1,39.654039,66.9596154
El Salvador,Santa Ana,Universidad Catolica,Computer Engineering,Bachelor,4.0,5000,44.5,350,110,300,1.0,61,39.5,14.6,27.6,43.4,29.6,31.9,19,1715,0.383843222,63.29585919,,,,,,,,,34.7,,28.7,,28.6,,40.55,,77.3,,49.5,,85.2,,34.25,,71.8,,,21810,0.045067856,0.032232153,0.347,0.925349124,1,13.9827253,-89.5484898
Bangladesh,Khulna,Khulna University,Software Development,Master,2.0,2100,38.5,180,100,200,109.5,117,22.5,2.4,12.8,25.7,12.8,33.1,26,1000,0.22381529,63.29585919,,1401+,Bangladesh,Asia,M,SP,HI,,6.9,601+,5.0,601+,10.5,701+,5.3,701+,77.3,,49.5,,17.8,701+,3.8,701+,1.0,701+,,4860,0.003908661,0.002795441,0.069,0.983365279,1,22.8014445,89.5342366
Kuwait,Al Jahra,Gulf University for Science,Artificial Intelligence,PhD,4.0,14000,66.8,700,140,700,0.31,52,42.1,22.6,32.7,34.5,36.4,161.8,52,79,0.017681408,63.29585919,,,,,,,,,34.7,,28.7,,28.6,,40.55,,77.3,,49.5,,85.2,,34.25,,71.8,,,59640,0.016481531,0.011787453,0.347,0.795865279,1,29.3655294,47.2801569
Ukraine,Kharkiv,Kharkiv Polytechnic,Data Science,Master,2.0,3400,42.5,330,120,300,36.8,111,25.9,7.6,17.1,25.4,20.7,39.5,7,7963,1.782241152,63.29585919,,,,,,,,,34.7,,28.7,,28.6,,40.55,,77.3,,49.5,,85.2,,34.25,,71.8,,,7880,0.124727192,0.089203842,0.347,0.973028478,1,49.9992843,36.2505911
Slovenia,Koper,University of Primorska,Information Technology,Bachelor,3.0,4000,57.2,420,80,450,0.92,38,49.9,18.7,34.9,49.0,43.4,80.9,19,1715,0.383843222,63.29585919,,1001-1200,Slovenia,Europe,M,CO,HI,A,3.7,601+,2.5,601+,8.9,701+,4.1,701+,25.0,534,26.4,459,46.3,701+,4.2,701+,1.0,701+,,13790,0.000761366,0.000544523,0.037,0.952799836,1,45.5489418,13.7276254
Serbia,Nis,University of Nis,Computer Engineering,Master,2.0,2500,44.2,300,90,320,108.5,68,37.7,12.4,25.6,36.0,31.2,50.2,74,1,0.000223815,63.29585919,,,,,,,,,34.7,,28.7,,28.6,,40.55,,77.3,,49.5,,85.2,,34.25,,71.8,,,6010,0.163529363,0.11695483,0.347,0.97942908,1,43.3228731,21.8931957
Iran,Mashhad,Ferdowsi University,Data Analytics,PhD,4.0,2900,47.8,320,150,280,42150.0,108,26.4,8.5,17.8,22.0,16.3,26.0,22,1200,0.268578348,63.29585919,,,,,,,,,34.7,,28.7,,28.6,,40.55,,77.3,,49.5,,85.2,,34.25,,71.8,,,13310,0.073846818,0.052814626,0.347,0.954442771,1,36.3096482,59.5293728
Uzbekistan,Bukhara,Bukhara State University,Computer Science,Bachelor,4.0,3500,39.8,220,160,250,12300.0,109,26.4,11.2,19.1,28.4,18.6,39.3,54,50,0.011190764,63.29585919,,,,,,,,,34.7,,28.7,,28.6,,40.55,,77.3,,49.5,,85.2,,34.25,,71.8,,,15290,0.064284546,0.045975769,0.347,0.947665663,1,39.7759835,64.415153
El Salvador,San Miguel,Universidad de Oriente,Information Systems,Master,2.0,4800,43.2,320,110,300,1.0,61,39.5,14.6,27.6,43.4,29.6,31.9,19,1715,0.383843222,63.29585919,,,,,,,,,34.7,,28.7,,28.6,,40.55,,77.3,,49.5,,85.2,,34.25,,71.8,,,10650,0.092289456,0.066004646,0.347,0.963547371,1,13.4816916,-88.1835556
Bangladesh,Rajshahi,RUET,Software Engineering,Master,2.0,2000,37.2,170,100,200,109.5,117,22.5,2.4,12.8,25.7,12.8,33.1,26,1000,0.22381529,63.29585919,,,,,,,,,34.7,,28.7,,28.6,,40.55,,77.3,,49.5,,85.2,,34.25,,71.8,,,4640,0.211802413,0.151479311,0.347,0.984118291,1,24.3716566,88.6243759
Kuwait,Salmiya,Australian College Kuwait,Data Science,Bachelor,3.0,13500,65.4,680,140,700,0.31,52,42.1,22.6,32.7,34.5,36.4,161.8,52,79,0.017681408,63.29585919,,,,,,,,,34.7,,28.7,,28.6,,40.55,,77.3,,49.5,,85.2,,34.25,,71.8,,,43380,0.022659113,0.016205608,0.347,0.851519715,1,29.3328242,48.0684884
Ukraine,Odesa,Odesa Polytechnic,Artificial Intelligence,PhD,4.0,3600,41.8,320,120,300,36.8,111,25.9,7.6,17.1,25.4,20.7,39.5,7,7963,1.782241152,63.29585919,,,,,,,,,34.7,,28.7,,28.6,,40.55,,77.3,,49.5,,85.2,,34.25,,71.8,,,16100,0.061050556,0.043662846,0.347,0.944893209,1,46.4601581,30.7514177
Slovenia,Nova Gorica,University of Nova Gorica,Computer Science,Master,2.0,4100,56.5,400,80,450,0.92,38,49.9,18.7,34.9,49.0,43.4,80.9,19,1715,0.383843222,63.29585919,,,,,,,,,34.7,,28.7,,28.6,,40.55,,77.3,,49.5,,85.2,,34.25,,71.8,,,9530,0.103134508,0.073760936,0.347,0.967380887,1,45.9580549,13.6474706
Serbia,Kragujevac,University of Kragujevac,Data Engineering,Bachelor,4.0,2400,43.5,280,90,320,108.5,68,37.7,12.4,25.6,36.0,31.2,50.2,74,1,0.000223815,63.29585919,,1401+,Serbia,Europe,L,FO,VH,A,3.9,601+,3.0,601+,8.5,701+,3.7,701+,1.0,701+,1.1,701+,44.1,701+,9.3,701+,1.0,701+,,11130,0.002506513,0.001792637,0.039,0.961904436,1,44.0225067,20.9204031
Iran,Shiraz,Shiraz University,Software Development,Master,2.0,2700,46.8,300,150,280,42150.0,108,26.4,8.5,17.8,22.0,16.3,26.0,22,1200,0.268578348,63.29585919,,681-690,"Iran, Islamic Republic of",Asia,L,CO,VH,A,6.9,601+,5.4,601+,4.6,701+,60.7,198,1.2,701+,2.2,701+,54.3,701+,14.1,688,7.9,701+,,6430,0.011839527,0.008467531,0.069,0.977991512,1,29.6494974,52.5122319
Uzbekistan,Namangan,Namangan Institute,Information Technology,Master,2.0,3400,38.5,200,160,250,12300.0,109,26.4,11.2,19.1,28.4,18.6,39.3,54,50,0.011190764,63.29585919,,,,,,,,,34.7,,28.7,,28.6,,40.55,,77.3,,49.5,,85.2,,34.25,,71.8,,,7610,0.129151885,0.092368346,0.347,0.973952629,1,41.0030555,71.668419
El Salvador,Sonsonate,Universidad de Sonsonate,Data Science,Bachelor,3.0,4500,42.8,300,110,300,1.0,61,39.5,14.6,27.6,43.4,29.6,31.9,19,1715,0.383843222,63.29585919,,,,,,,,,34.7,,28.7,,28.6,,40.55,,77.3,,49.5,,85.2,,34.25,,71.8,,,14810,0.066367902,0.047465767,0.347,0.949308598,1,13.7307736,-89.7188015
Bangladesh,Sylhet,SUST,Computer Engineering,PhD,4.0,2300,36.8,160,100,200,109.5,117,22.5,2.4,12.8,25.7,12.8,33.1,26,1000,0.22381529,63.29585919,,,,,,,,,34.7,,28.7,,28.6,,40.55,,77.3,,49.5,,85.2,,34.25,,71.8,,,10140,0.096930776,0.069324079,0.347,0.96529299,1,24.923062,91.8351049
Kuwait,Al Ahmadi,ACK,Software Engineering,Master,2.0,13000,64.5,650,140,700,0.31,52,42.1,22.6,32.7,34.5,36.4,161.8,52,79,0.017681408,63.29585919,,,,,,,,,34.7,,28.7,,28.6,,40.55,,77.3,,49.5,,85.2,,34.25,,71.8,,,28140,0.034930351,0.024981894,0.347,0.903682913,1,28.8538571,48.1652377
Ukraine,Dnipro,Dnipro Polytechnic,Data Analytics,Master,2.0,3300,40.5,300,120,300,36.8,111,25.9,7.6,17.1,25.4,20.7,39.5,7,7963,1.782241152,63.29585919,,,,,,,,,34.7,,28.7,,28.6,,40.55,,77.3,,49.5,,85.2,,34.25,,71.8,,,7620,0.128982417,0.092247144,0.347,0.973918401,1,51.9191343,30.8243039
Slovenia,Celje,Faculty of Logistics,Information Systems,Bachelor,3.0,3900,55.4,380,80,450,0.92,38,49.9,18.7,34.9,49.0,43.4,80.9,19,1715,0.383843222,63.29585919,,,,,,,,,34.7,,28.7,,28.6,,40.55,,77.3,,49.5,,85.2,,34.25,,71.8,,,13370,0.073515444,0.052577629,0.347,0.954237404,1,46.2293889,15.2616828
Serbia,Subotica,University of Subotica,Computer Science,Master,2.0,2300,42.8,270,90,320,108.5,68,37.7,12.4,25.6,36.0,31.2,50.2,74,1,0.000223815,63.29585919,,,,,,,,,34.7,,28.7,,28.6,,40.55,,77.3,,49.5,,85.2,,34.25,,71.8,,,5550,0.177080706,0.126646637,0.347,0.98100356,1,46.1019374,19.6648593
Iran,Tabriz,University of Tabriz,Artificial Intelligence,PhD,4.0,2600,45.5,280,150,280,42150.0,108,26.4,8.5,17.8,22.0,16.3,26.0,22,1200,0.268578348,63.29585919,552.0,,"Iran, Islamic Republic of",Asia,L,CO,VH,A,5.9,601+,5.0,601+,3.4,701+,81.7,104,1.5,701+,6.8,701+,71.8,453,5.3,701+,1.2,701+,22.5,11950,0.002217388,0.001585857,0.059,0.959097755,1,38.0523958,46.284404
Uzbekistan,Andijan,Andijan State University,Software Development,Master,2.0,3200,37.8,180,160,250,12300.0,109,26.4,11.2,19.1,28.4,18.6,39.3,54,50,0.011190764,63.29585919,,,,,,,,,34.7,,28.7,,28.6,,40.55,,77.3,,49.5,,85.2,,34.25,,71.8,,,7170,0.137076419,0.098035906,0.347,0.975458653,1,40.7896741,72.3720463
El Salvador,Santa Tecla,ITCA-FEPADE,Computer Engineering,Bachelor,4.0,4200,42.1,280,110,300,1.0,61,39.5,14.6,27.6,43.4,29.6,31.9,19,1715,0.383843222,63.29585919,,,,,,,,,34.7,,28.7,,28.6,,40.55,,77.3,,49.5,,85.2,,34.25,,71.8,,,18330,0.053623643,0.03835118,0.347,0.937260405,1,13.673856,-89.2788263
Malaysia,Kuala Lumpur,University of Malaya,Computer Science,Master,2.0,8500,55.4,500,120,400,4.65,94,30.0,7.7,19.3,36.3,18.9,79.9,20,1493,0.334156228,63.29585919,,,,,,,,,34.7,,28.7,,28.6,,40.55,,77.3,,49.5,,85.2,,34.25,,71.8,,,18520,0.053073538,0.03795775,0.347,0.936610077,1,3.1257602,101.6558796
Saudi Arabia,Riyadh,King Saud University,Data Science,PhD,4.0,5000,72.5,800,200,800,3.75,48,45.3,11.3,29.0,41.6,30.9,134.9,31,850,0.190242996,63.29585919,200.0,203,Saudi Arabia,Asia,XL,FC,VH,A,39.4,216,28.7,332,54.3,281,40.0,354,99.4,98,15.0,622,95.1,75,99.0,17,33.0,420=,46.2,24200,0.117404239,0.083966528,0.394,0.917168675,4,24.7248229,46.6233911
USA,Boston,Harvard University,Artificial Intelligence,Master,2.0,58000,82.1,2200,160,1500,1.0,23,61.1,21.0,41.4,59.9,52.8,103.7,19,1715,0.383843222,63.29585919,4.0,4,United States,Americas,L,FC,VH,B,100.0,1,100.0,1,96.3,53,100.0,1,74.1,269,69.0,215,99.6,5,100.0,1,84.4,130,96.8,122060,0.08192625,0.058592967,1.0,0.582215225,5,42.3659617,-71.1215064
UK,London,Imperial College,Computer Engineering,Master,2.0,42000,75.3,1800,485,800,0.79,23,61.1,21.0,41.4,59.9,52.8,103.7,19,1715,0.383843222,63.29585919,,,,,,,,,34.7,,28.7,,28.6,,40.55,,77.3,,49.5,,85.2,,34.25,,71.8,,,88885,0.011058828,0.007909181,0.347,0.695766019,1,51.4989595,-0.1756407
Spain,Madrid,Universidad Politecnica,Software Engineering,PhD,4.0,3500,71.4,1100,80,750,0.92,40,47.3,22.9,35.6,46.0,44.1,92.1,19,1715,0.383843222,63.29585919,,,,,,,,,34.7,,28.7,,28.6,,40.55,,77.3,,49.5,,85.2,,34.25,,71.8,,,19230,0.051114087,0.036556366,0.347,0.934179901,1,40.3894172,-3.6282748
Italy,Milan,Politecnico di Milano,Data Analytics,Master,2.0,4000,73.2,1200,120,700,0.92,26,56.2,19.2,38.5,57.0,53.3,78.3,23,1163,0.260297182,63.29585919,111.0,123,Italy,Europe,XL,FO,VH,A,70.8,90,77.0,82,5.8,701+,40.2,351,67.4,292,56.8,262,88.1,197,52.9,239,72.6,202=,58.2,11220,0.363006862,0.259619465,0.708,0.961596386,4,45.4790288,9.2322104
France,Paris,Sorbonne University,Computer Science,Master,2.0,4500,84.3,1800,99,850,0.92,15,63.7,21.0,43.2,69.5,56.3,102.4,11,5000,1.119076449,63.29585919,63.0,59,France,Europe,XL,FC,VH,A,87.2,49,52.0,166,43.0,363,72.3,144,33.8,471,46.7,315,99.8,4,79.7,125,87.6,111,70.3,13549,0.305859779,0.21874835,0.872,0.953624726,5,48.8468997,2.3574487
Malaysia,Penang,USM,Information Systems,Bachelor,3.0,7500,52.1,450,120,400,4.65,94,30.0,7.7,19.3,36.3,18.9,79.9,20,1493,0.334156228,63.29585919,,,,,,,,,34.7,,28.7,,28.6,,40.55,,77.3,,49.5,,85.2,,34.25,,71.8,,,24370,0.040333798,0.028846395,0.347,0.916586802,1,5.3574323,100.3035504
Saudi Arabia,Jeddah,King Abdulaziz University,Data Engineering,Master,2.0,4800,70.2,750,200,800,3.75,48,45.3,11.3,29.0,41.6,30.9,134.9,31,850,0.190242996,63.29585919,,,,,,,,,34.7,,28.7,,28.6,,40.55,,77.3,,49.5,,85.2,,34.25,,71.8,,,12100,0.08123089,0.058095652,0.347,0.958584337,1,21.4934147,39.2485449
USA,Stanford,Stanford University,Computer Science,PhD,5.0,52000,84.3,2300,160,1500,1.0,23,61.1,21.0,41.4,59.9,52.8,103.7,19,1715,0.383843222,63.29585919,6.0,5,United States,Americas,L,FC,VH,B,100.0,5,100.0,3,100.0,12,99.0,27,70.3,284,60.8,244,96.8,45,100.0,2,81.2,148=,96.1,273160,0.036608447,0.026182054,1.0,0.065032859,5,37.4313138,-122.1693654
UK,Cambridge,University of Cambridge,Artificial Intelligence,PhD,4.0,45000,71.5,1600,485,800,0.79,23,61.1,21.0,41.4,59.9,52.8,103.7,19,1715,0.383843222,63.29585919,5.0,2,United Kingdom,Europe,L,FC,VH,A,100.0,3,100.0,4,100.0,17,84.6,96,100.0,73,94.8,98,99.3,10,100.0,5,84.8,127=,96.7,187685,0.053280479,0.038105752,1.0,0.357595153,5,52.2109456,0.092005
Spain,Barcelona,Universitat de Barcelona,Data Science,Master,2.0,3800,73.6,1000,80,750,0.92,40,47.3,22.9,35.6,46.0,44.1,92.1,19,1715,0.383843222,63.29585919,165.0,164,Spain,Europe,XL,FC,VH,A,73.7,85,30.3,312,12.4,701+,38.1,364,23.1,559,26.3,461,96.8,44,71.5,153,92.2,76=,50.7,10430,0.207693414,0.148540589,0.737,0.964300383,4,41.3868596,2.1634784
Italy,Rome,Sapienza University,Software Engineering,Bachelor,3.0,3500,71.2,1100,120,700,0.92,26,56.2,19.2,38.5,57.0,53.3,78.3,23,1163,0.260297182,63.29585919,,,,,,,,,34.7,,28.7,,28.6,,40.55,,77.3,,49.5,,85.2,,34.25,,71.8,,,14620,0.067230354,0.048082585,0.347,0.949958927,1,41.9035005,12.5147689
France,Lyon,École Normale Supérieure,Computer Engineering,Master,2.0,4200,75.6,1200,99,850,0.92,15,63.7,21.0,43.2,69.5,56.3,102.4,11,5000,1.119076449,63.29585919,,,,,,,,,34.7,,28.7,,28.6,,40.55,,77.3,,49.5,,85.2,,34.25,,71.8,,,11749,0.083657447,0.059831105,0.347,0.959785734,1,45.7297811,4.8265819
Malaysia,Johor Bahru,UTM,Data Analytics,PhD,4.0,8000,51.8,400,120,400,4.65,94,30.0,7.7,19.3,36.3,18.9,79.9,20,1493,0.334156228,63.29585919,,,,,,,,,34.7,,28.7,,28.6,,40.55,,77.3,,49.5,,85.2,,34.25,,71.8,,,34120,0.028808505,0.020603601,0.347,0.883214677,1,1.531528,103.628237
Saudi Arabia,Dhahran,KFUPM,Computer Science,Master,2.0,4500,68.5,700,200,800,3.75,48,45.3,11.3,29.0,41.6,30.9,134.9,31,850,0.190242996,63.29585919,,,,,,,,,34.7,,28.7,,28.6,,40.55,,77.3,,49.5,,85.2,,34.25,,71.8,,,11400,0.086218314,0.061662616,0.347,0.960980285,1,26.3118224,50.1464282
USA,Berkeley,UC Berkeley,Data Science,Master,2.0,54000,83.2,2000,160,1500,1.0,23,61.1,21.0,41.4,59.9,52.8,103.7,19,1715,0.383843222,63.29585919,,,,,,,,,34.7,,28.7,,28.6,,40.55,,77.3,,49.5,,85.2,,34.25,,71.8,,,113660,0.008648305,0.006185195,0.347,0.610966594,1,37.8754996,-122.2390685
UK,Oxford,University of Oxford,Software Engineering,Master,2.0,40000,71.5,1400,485,800,0.79,23,61.1,21.0,41.4,59.9,52.8,103.7,19,1715,0.383843222,63.29585919,3.0,3,United Kingdom,Europe,L,FC,VH,A,100.0,2,100.0,5,100.0,8,84.8,93,98.1,120,97.7,73,100.0,1,100.0,3,85.0,126,96.9,84085,0.118925862,0.085054779,1.0,0.712195372,5,51.7525461,-1.21433
Spain,Valencia,Universidad de Valencia,Information Systems,PhD,4.0,3200,68.5,800,80,750,0.92,40,47.3,22.9,35.6,46.0,44.1,92.1,19,1715,0.383843222,63.29585919,,,,,,,,,34.7,,28.7,,28.6,,40.55,,77.3,,49.5,,85.2,,34.25,,71.8,,,16830,0.05840265,0.041769086,0.347,0.942394578,1,39.4718857,-0.3731468
Italy,Turin,Politecnico di Torino,Artificial Intelligence,Master,2.0,3800,69.8,900,120,700,0.92,26,56.2,19.2,38.5,57.0,53.3,78.3,23,1163,0.260297182,63.29585919,241.0,252,Italy,Europe,XL,FO,VH,A,40.2,213,52.1,165,3.1,701+,51.6,254,4.9,701+,41.0,349,81.4,297,30.6,412,77.9,169,41.7,10220,0.155978867,0.111554778,0.402,0.965019168,3,45.0636974,7.6575263
France,Toulouse,INSA Toulouse,Data Engineering,PhD,4.0,4300,72.1,1000,99,850,0.92,15,63.7,21.0,43.2,69.5,56.3,102.4,11,5000,1.119076449,63.29585919,,,,,,,,,34.7,,28.7,,28.6,,40.55,,77.3,,49.5,,85.2,,34.25,,71.8,,,22149,0.044378104,0.031738848,0.347,0.924188801,1,43.5695982,1.4684402
Malaysia,Kuching,UNIMAS,Computer Science,Master,2.0,7000,49.5,380,120,400,4.65,94,30.0,7.7,19.3,36.3,18.9,79.9,20,1493,0.334156228,63.29585919,,,,,,,,,34.7,,28.7,,28.6,,40.55,,77.3,,49.5,,85.2,,34.25,,71.8,,,15280,0.064326615,0.046005856,0.347,0.94769989,1,1.5389407,110.338715
Saudi Arabia,Medina,Islamic University,Software Development,Bachelor,4.0,4200,65.4,650,200,800,3.75,48,45.3,11.3,29.0,41.6,30.9,134.9,31,850,0.190242996,63.29585919,,,,,,,,,34.7,,28.7,,28.6,,40.55,,77.3,,49.5,,85.2,,34.25,,71.8,,,20400,0.048182687,0.034459854,0.347,0.930175246,1,24.483541,39.5591049
USA,MIT,Massachusetts,Robotics,PhD,5.0,56000,82.1,2100,160,1500,1.0,23,61.1,21.0,41.4,59.9,52.8,103.7,19,1715,0.383843222,63.29585919,,,,,,,,,34.7,,28.7,,28.6,,40.55,,77.3,,49.5,,85.2,,34.25,,71.8,,,292160,0.003364498,0.002406261,0.347,0.0,1,42.3582529,-71.0966272
UK,Edinburgh,University of Edinburgh,Data Science,Master,2.0,38000,67.8,1100,485,800,0.79,23,61.1,21.0,41.4,59.9,52.8,103.7,19,1715,0.383843222,63.29585919,,,,,,,,,34.7,,28.7,,28.6,,40.55,,77.3,,49.5,,85.2,,34.25,,71.8,,,79485,0.012366643,0.00884452,0.347,0.72794017,1,55.9440765,-3.1883736
Spain,Seville,Universidad de Sevilla,Computer Engineering,Master,2.0,3000,65.4,750,80,750,0.92,40,47.3,22.9,35.6,46.0,44.1,92.1,19,1715,0.383843222,63.29585919,462.0,494,Spain,Europe,XL,FC,VH,A,39.1,221,12.6,601+,18.4,701+,8.2,701+,3.5,701+,18.9,567,91.4,152,16.0,634,67.4,231,26.0,8330,0.024198776,0.017306762,0.391,0.971488226,1,37.3604283,-5.9876885
Italy,Bologna,University of Bologna,Information Systems,PhD,4.0,3600,70.5,950,120,700,0.92,26,56.2,19.2,38.5,57.0,53.3,78.3,23,1163,0.260297182,63.29585919,,,,,,,,,34.7,,28.7,,28.6,,40.55,,77.3,,49.5,,85.2,,34.25,,71.8,,,19020,0.051678408,0.036959964,0.347,0.934898686,1,44.4982886,11.354457
France,Marseille,Aix-Marseille University,Artificial Intelligence,Master,2.0,4100,73.5,1100,99,850,0.92,15,63.7,21.0,43.2,69.5,56.3,102.4,11,5000,1.119076449,63.29585919,481.0,387,France,Europe,XL,FC,VH,A,36.9,235,6.5,601+,7.9,701+,21.7,534,17.5,633,18.2,578,99.1,13,15.2,656,25.5,488=,25.0,11349,0.008704846,0.006225633,0.369,0.961154847,1,43.3055875,5.3786102
Malaysia,Cyberjaya,Multimedia University,Data Analytics,Bachelor,3.0,7800,53.2,450,120,400,4.65,94,30.0,7.7,19.3,36.3,18.9,79.9,20,1493,0.334156228,63.29585919,,,,,,,,,34.7,,28.7,,28.6,,40.55,,77.3,,49.5,,85.2,,34.25,,71.8,,,25270,0.038897353,0.027819061,0.347,0.913506298,1,2.927909,101.6417899
Saudi Arabia,Dammam,Imam Abdulrahman University,Computer Science,Master,2.0,4600,67.8,680,200,800,3.75,48,45.3,11.3,29.0,41.6,30.9,134.9,31,850,0.190242996,63.29585919,,,,,,,,,34.7,,28.7,,28.6,,40.55,,77.3,,49.5,,85.2,,34.25,,71.8,,,11560,0.085025084,0.060809228,0.347,0.96043264,1,26.4367824,50.1039991
USA,New York,Columbia University,Data Science,Master,2.0,62000,100.0,2500,160,1500,1.0,23,61.1,21.0,41.4,59.9,52.8,103.7,19,1715,0.383843222,63.29585919,34.0,23,United States,Americas,XL,FC,VH,B,99.6,12,98.8,15,100.0,16,31.7,417,41.5,413,97.0,79,98.5,19,99.9,9,71.8,211=,82.0,130660,0.075539909,0.054025509,0.996,0.552779299,5,40.8071816,-73.9614833
UK,Manchester,University of Manchester,Software Engineering,PhD,4.0,35000,65.4,900,485,800,0.79,23,61.1,21.0,41.4,59.9,52.8,103.7,19,1715,0.383843222,63.29585919,,,,,,,,,34.7,,28.7,,28.6,,40.55,,77.3,,49.5,,85.2,,34.25,,71.8,,,144885,0.006784472,0.004852197,0.347,0.504090225,1,53.4660226,-2.2330858
Spain,Granada,Universidad de Granada,Computer Science,Bachelor,3.0,2800,64.5,700,80,750,0.92,40,47.3,22.9,35.6,46.0,44.1,92.1,19,1715,0.383843222,63.29585919,,,,,,,,,34.7,,28.7,,28.6,,40.55,,77.3,,49.5,,85.2,,34.25,,71.8,,,11330,0.086750949,0.062043551,0.347,0.96121988,1,37.1809009,-3.6000115
Italy,Florence,University of Florence,Data Engineering,Master,2.0,3500,71.2,1000,120,700,0.92,26,56.2,19.2,38.5,57.0,53.3,78.3,23,1163,0.260297182,63.29585919,375.0,358,Italy,Europe,XL,FC,VH,A,34.6,255,8.4,601+,4.4,701+,46.6,295,7.3,701+,12.3,671,88.5,189,30.3,415,74.5,193=,31.2,9820,0.025915895,0.018534831,0.346,0.96638828,2,43.8041147,11.2729461
France,Bordeaux,University of Bordeaux,Information Systems,PhD,4.0,4300,72.1,1000,99,850,0.92,15,63.7,21.0,43.2,69.5,56.3,102.4,11,5000,1.119076449,63.29585919,535.0,465,France,Europe,XL,FO,VH,A,31.3,284,5.5,601+,11.5,701+,17.6,588,27.1,517,23.3,500,92.9,120,16.7,620,20.1,530=,22.9,22149,0.004146727,0.002965704,0.313,0.924188801,1,44.841225,-0.5800364
Malaysia,Bangi,UKM,Artificial Intelligence,Master,2.0,7200,51.5,420,120,400,4.65,94,30.0,7.7,19.3,36.3,18.9,79.9,20,1493,0.334156228,63.29585919,,,,,,,,,34.7,,28.7,,28.6,,40.55,,77.3,,49.5,,85.2,,34.25,,71.8,,,15760,0.062367553,0.044604751,0.347,0.946056955,1,2.9240809,101.7812216
Saudi Arabia,Taif,Taif University,Software Development,Master,2.0,4400,64.5,600,200,800,3.75,48,45.3,11.3,29.0,41.6,30.9,134.9,31,850,0.190242996,63.29585919,,,,,,,,,34.7,,28.7,,28.6,,40.55,,77.3,,49.5,,85.2,,34.25,,71.8,,,11000,0.089353241,0.063904689,0.347,0.962349398,1,21.4294716,40.4766272
USA,Los Angeles,UCLA,Computer Engineering,PhD,5.0,52000,79.8,2200,160,1500,1.0,23,61.1,21.0,41.4,59.9,52.8,103.7,19,1715,0.383843222,63.29585919,,,,,,,,,34.7,,28.7,,28.6,,40.55,,77.3,,49.5,,85.2,,34.25,,71.8,,,272660,0.003605118,0.00257835,0.347,0.06674425,1,34.0708777,-118.4468503
UK,Bristol,University of Bristol,Data Analytics,Master,2.0,36000,68.9,1200,485,800,0.79,23,61.1,21.0,41.4,59.9,52.8,103.7,19,1715,0.383843222,63.29585919,54.0,55,United Kingdom,Europe,L,FC,VH,A,75.8,78,82.5,69,36.7,437,75.9,134,87.5,206,89.8,121,94.6,84,51.2,250,98.9,17,75.4,75685,0.055809529,0.039914507,0.758,0.740946742,5,51.5007679,-2.5503106
Spain,Bilbao,University of the Basque Country,Information Technology,Master,2.0,3400,67.8,850,80,750,0.92,40,47.3,22.9,35.6,46.0,44.1,92.1,19,1715,0.383843222,63.29585919,,621-630,Spain,Europe,XL,CO,VH,A,19.5,461,7.3,601+,32.8,480,19.0,569,2.4,701+,3.5,701+,90.8,159,22.8,500,7.3,701+,,9330,0.017837316,0.012757099,0.195,0.968065444,1,43.2630018,-2.9350039
Italy,Naples,University of Naples,Computer Science,Bachelor,3.0,3200,67.8,800,120,700,0.92,26,56.2,19.2,38.5,57.0,53.3,78.3,23,1163,0.260297182,63.29585919,,,,,,,,,34.7,,28.7,,28.6,,40.55,,77.3,,49.5,,85.2,,34.25,,71.8,,,12820,0.076669137,0.054833124,0.347,0.956119934,1,40.8436083,14.2577393
France,Nice,University of Nice,Data Science,Master,2.0,4100,76.5,1300,99,850,0.92,15,63.7,21.0,43.2,69.5,56.3,102.4,11,5000,1.119076449,63.29585919,,,,,,,,,34.7,,28.7,,28.6,,40.55,,77.3,,49.5,,85.2,,34.25,,71.8,,,11749,0.083657447,0.059831105,0.347,0.959785734,1,43.7009358,7.2683912
Malaysia,Melaka,UTeM,Software Engineering,PhD,4.0,7500,50.2,400,120,400,4.65,94,30.0,7.7,19.3,36.3,18.9,79.9,20,1493,0.334156228,63.29585919,,,,,,,,,34.7,,28.7,,28.6,,40.55,,77.3,,49.5,,85.2,,34.25,,71.8,,,32120,0.030602254,0.021886476,0.347,0.890060241,1,2.3106585,102.3204162
Saudi Arabia,Tabuk,University of Tabuk,Computer Engineering,Bachelor,4.0,4100,63.2,580,200,800,3.75,48,45.3,11.3,29.0,41.6,30.9,134.9,31,850,0.190242996,63.29585919,,,Saudi Arabia,Asia,L,FC,HI,A,5.2,601+,2.4,601+,18.7,701+,3.0,701+,92.4,174,2.2,701+,38.0,701+,2.2,701+,1.0,701+,,19720,0.000267735,0.000191482,0.052,0.932502738,1,28.390701,36.4778623
USA,Chicago,University of Chicago,Artificial Intelligence,Master,2.0,58000,84.1,1900,160,1500,1.0,23,61.1,21.0,41.4,59.9,52.8,103.7,19,1715,0.383843222,63.29585919,21.0,11,United States,Americas,L,FC,VH,B,99.1,17,96.4,29,94.2,69,60.8,197,79.0,244,87.0,140,85.1,245,99.1,16,46.9,330=,86.2,121460,0.078652736,0.056251778,0.991,0.584268894,5,41.7913274,-87.6008421
UK,Glasgow,University of Glasgow,Data Engineering,PhD,4.0,34000,64.5,950,485,800,0.79,23,61.1,21.0,41.4,59.9,52.8,103.7,19,1715,0.383843222,63.29585919,78.0,76,United Kingdom,Europe,XL,FC,VH,A,77.4,75,67.7,110,38.0,418,32.5,405,95.7,141,99.4,49,97.6,30,33.5,378,98.5,20,65.0,141085,0.016074947,0.011496668,0.774,0.517096796,5,55.8727036,-4.2919966
Spain,Salamanca,University of Salamanca,Information Systems,Master,2.0,3100,62.1,600,80,750,0.92,40,47.3,22.9,35.6,46.0,44.1,92.1,19,1715,0.383843222,63.29585919,539.0,534,Spain,Europe,L,FC,VH,A,26.9,328,14.6,567,26.0,570,6.2,701+,6.9,701+,14.9,625,80.0,322,23.4,484,69.5,223=,22.8,8230,0.0415065,0.029685101,0.269,0.971830504,1,40.9621455,-5.6690588
Italy,Pisa,University of Pisa,Software Development,Master,2.0,3300,68.9,850,120,700,0.92,26,56.2,19.2,38.5,57.0,53.3,78.3,23,1163,0.260297182,63.29585919,382.0,349,Italy,Europe,L,FC,VH,A,40.4,212,15.1,556,8.6,701+,38.8,359,5.9,701+,4.2,701+,88.3,193,15.0,665,56.7,281,30.7,9120,0.024832803,0.017760213,0.404,0.968784228,2,43.4714722,10.6797912
France,Lille,University of Lille,Computer Science,Bachelor,3.0,4200,69.8,950,99,850,0.92,15,63.7,21.0,43.2,69.5,56.3,102.4,11,5000,1.119076449,63.29585919,,,,,,,,,34.7,,28.7,,28.6,,40.55,,77.3,,49.5,,85.2,,34.25,,71.8,,,16399,0.0599375,0.042866798,0.347,0.943869797,1,50.6365654,3.0635282
Malaysia,Shah Alam,UiTM,Data Analytics,Master,2.0,7100,51.8,430,120,400,4.65,94,30.0,7.7,19.3,36.3,18.9,79.9,20,1493,0.334156228,63.29585919,,,,,,,,,34.7,,28.7,,28.6,,40.55,,77.3,,49.5,,85.2,,34.25,,71.8,,,15580,0.063088056,0.045120049,0.347,0.946673056,1,3.0686788,101.4996016
Saudi Arabia,Makkah,Umm Al-Qura University,Information Technology,PhD,4.0,4300,65.8,650,200,800,3.75,48,45.3,11.3,29.0,41.6,30.9,134.9,31,850,0.190242996,63.29585919,,,,,,,,,34.7,,28.7,,28.6,,40.55,,77.3,,49.5,,85.2,,34.25,,71.8,,,20800,0.047256142,0.033797196,0.347,0.928806134,1,21.324832,39.9448821
USA,San Francisco,Stanford University,Data Science,Master,2.0,55000,95.2,2400,160,1500,1.0,23,61.1,21.0,41.4,59.9,52.8,103.7,19,1715,0.383843222,63.29585919,6.0,5,United States,Americas,L,FC,VH,B,100.0,5,100.0,3,100.0,12,99.0,27,70.3,284,60.8,244,96.8,45,100.0,2,81.2,148=,96.1,116460,0.085865655,0.061410396,1.0,0.601382804,5,37.7792588,-122.4193286
UK,Leeds,University of Leeds,Computer Engineering,Master,2.0,35000,63.2,900,485,800,0.79,23,61.1,21.0,41.4,59.9,52.8,103.7,19,1715,0.383843222,63.29585919,82.0,75,United Kingdom,Europe,XL,FC,VH,A,70.5,91,75.9,83,36.4,438,39.8,355,82.5,230,88.5,132,98.8,14,50.9,251,71.8,211=,63.8,73085,0.052859782,0.037804873,0.705,0.749845975,5,53.8057925,-1.555111
Spain,Zaragoza,University of Zaragoza,Artificial Intelligence,PhD,4.0,2900,63.2,650,80,750,0.92,40,47.3,22.9,35.6,46.0,44.1,92.1,19,1715,0.383843222,63.29585919,,,,,,,,,34.7,,28.7,,28.6,,40.55,,77.3,,49.5,,85.2,,34.25,,71.8,,,15030,0.065396514,0.046771039,0.347,0.948555586,1,41.6345573,-0.899798
Italy,Padua,University of Padua,Software Engineering,Master,2.0,3400,69.5,900,120,700,0.92,26,56.2,19.2,38.5,57.0,53.3,78.3,23,1163,0.260297182,63.29585919,,,,,,,,,34.7,,28.7,,28.6,,40.55,,77.3,,49.5,,85.2,,34.25,,71.8,,,9420,0.104338711,0.074622172,0.347,0.967757393,1,45.4066496,11.8774407
France,Strasbourg,University of Strasbourg,Data Analytics,Master,2.0,4000,70.2,1000,99,850,0.92,15,63.7,21.0,43.2,69.5,56.3,102.4,11,5000,1.119076449,63.29585919,,,,,,,,,34.7,,28.7,,28.6,,40.55,,77.3,,49.5,,85.2,,34.25,,71.8,,,10949,0.089769406,0.064202327,0.347,0.962523959,1,48.5817042,7.7646555
Malaysia,Nilai,USIM,Computer Science,Bachelor,3.0,6800,50.5,400,120,400,4.65,94,30.0,7.7,19.3,36.3,18.9,79.9,20,1493,0.334156228,63.29585919,,,,,,,,,34.7,,28.7,,28.6,,40.55,,77.3,,49.5,,85.2,,34.25,,71.8,,,22120,0.044436282,0.031780457,0.347,0.924288061,1,2.827444,101.7841381
Saudi Arabia,Al-Ahsa,King Faisal University,Information Systems,Master,2.0,4200,64.2,600,200,800,3.75,48,45.3,11.3,29.0,41.6,30.9,134.9,31,850,0.190242996,63.29585919,,851-900,Saudi Arabia,Asia,L,FC,HI,A,16.4,545,12.7,601+,14.5,701+,2.7,701+,98.0,121,3.9,701+,59.3,640,8.7,701+,1.5,701+,,10600,0.010422602,0.007454157,0.164,0.96371851,1,26.3976642,50.1829781
USA,Seattle,University of Washington,Software Development,PhD,5.0,50000,77.8,2000,160,1500,1.0,23,61.1,21.0,41.4,59.9,52.8,103.7,19,1715,0.383843222,63.29585919,76.0,63,United States,Americas,XL,FC,VH,A,81.9,66,55.5,150,28.6,542,78.8,119,11.0,701+,32.8,407,95.6,67,68.7,170,66.5,235,65.3,261660,0.014571717,0.01042157,0.819,0.104394852,5,47.6554303,-122.3001692
UK,Nottingham,University of Nottingham,Data Engineering,Master,2.0,34000,61.2,800,485,800,0.79,23,61.1,21.0,41.4,59.9,52.8,103.7,19,1715,0.383843222,63.29585919,108.0,100,United Kingdom,Europe,XL,FC,VH,A,61.1,117,65.8,116,32.8,481,37.6,368,89.4,194,70.5,208,98.0,25,38.0,339,97.0,33,58.5,70885,0.035273538,0.025227339,0.611,0.757376095,4,52.9387428,-1.2002957
